
-- Executing script file `/tmp/ases-kernel0-ingress-reduction/docs/research/kernel-0/ingress-reduction/evidence/coupled-boundary.ys' --

1. Executing Verilog-2005 frontend: /tmp/ases-kernel0-ingress-reduction/docs/research/kernel-0/direct-rtl/kernel0.v
Parsing Verilog input from `/tmp/ases-kernel0-ingress-reduction/docs/research/kernel-0/direct-rtl/kernel0.v' to AST representation.
Generating RTLIL representation for module `\kernel0_step'.
Generating RTLIL representation for module `\kernel0_machine'.
Successfully finished Verilog frontend.

2. Executing Verilog-2005 frontend: /tmp/ases-kernel0-ingress-reduction/docs/research/kernel-0/ingress-reduction/fixed_ingress.v
Parsing Verilog input from `/tmp/ases-kernel0-ingress-reduction/docs/research/kernel-0/ingress-reduction/fixed_ingress.v' to AST representation.
Generating RTLIL representation for module `\fixed_ingress'.
Generating RTLIL representation for module `\fixed_ingress_machine'.
Successfully finished Verilog frontend.

3. Executing Verilog-2005 frontend: /tmp/ases-kernel0-ingress-reduction/docs/research/kernel-0/ingress-reduction/refinement_formal.v
Parsing Verilog input from `/tmp/ases-kernel0-ingress-reduction/docs/research/kernel-0/ingress-reduction/refinement_formal.v' to AST representation.
Generating RTLIL representation for module `\ingress_spec'.
Generating RTLIL representation for module `\ingress_formal'.
Generating RTLIL representation for module `\ingress_boundary_formal'.
Successfully finished Verilog frontend.

4. Executing AST frontend in derive mode using pre-parsed AST for module `\ingress_boundary_formal'.
Parameter \COUPLED = 1
Parameter \EXCLUSIVE = 0
Generating RTLIL representation for module `$paramod\ingress_boundary_formal\COUPLED=1\EXCLUSIVE=0'.

5. Executing HIERARCHY pass (managing design hierarchy).

5.1. Analyzing design hierarchy..
Top module:  \ingress_boundary_formal
Used module:     \fixed_ingress_machine
Used module:         \kernel0_machine
Used module:             \kernel0_step
Used module:         \fixed_ingress
Used module:     \ingress_spec

5.2. Executing AST frontend in derive mode using pre-parsed AST for module `\kernel0_step'.
Parameter \COUPLED = 0
Parameter \EXCLUSIVE = 0
Generating RTLIL representation for module `$paramod\kernel0_step\COUPLED=0\EXCLUSIVE=0'.

5.3. Executing AST frontend in derive mode using pre-parsed AST for module `\kernel0_machine'.
Parameter \COUPLED = 0
Parameter \EXCLUSIVE = 0
Generating RTLIL representation for module `$paramod\kernel0_machine\COUPLED=0\EXCLUSIVE=0'.

5.4. Executing AST frontend in derive mode using pre-parsed AST for module `\fixed_ingress_machine'.
Parameter \COUPLED = 1
Parameter \EXCLUSIVE = 0
Generating RTLIL representation for module `$paramod\fixed_ingress_machine\COUPLED=1\EXCLUSIVE=0'.

5.5. Executing AST frontend in derive mode using pre-parsed AST for module `\kernel0_step'.
Parameter \COUPLED = 1
Parameter \EXCLUSIVE = 0
Generating RTLIL representation for module `$paramod\kernel0_step\COUPLED=1\EXCLUSIVE=0'.

5.6. Analyzing design hierarchy..
Top module:  \ingress_boundary_formal
Used module:     $paramod\fixed_ingress_machine\COUPLED=1\EXCLUSIVE=0
Used module:         \kernel0_machine
Used module:             $paramod\kernel0_step\COUPLED=0\EXCLUSIVE=0
Used module:         \fixed_ingress
Used module:     \ingress_spec
Used module:     $paramod\kernel0_step\COUPLED=1\EXCLUSIVE=0

5.7. Executing AST frontend in derive mode using pre-parsed AST for module `\kernel0_machine'.
Parameter \COUPLED = 1
Parameter \EXCLUSIVE = 0
Generating RTLIL representation for module `$paramod\kernel0_machine\COUPLED=1\EXCLUSIVE=0'.

5.8. Analyzing design hierarchy..
Top module:  \ingress_boundary_formal
Used module:     $paramod\fixed_ingress_machine\COUPLED=1\EXCLUSIVE=0
Used module:         $paramod\kernel0_machine\COUPLED=1\EXCLUSIVE=0
Used module:             \kernel0_step
Used module:         \fixed_ingress
Used module:     \ingress_spec
Used module:     $paramod\kernel0_step\COUPLED=1\EXCLUSIVE=0

5.9. Executing AST frontend in derive mode using pre-parsed AST for module `\kernel0_step'.
Parameter \COUPLED = 1
Parameter \EXCLUSIVE = 0
Found cached RTLIL representation for module `$paramod\kernel0_step\COUPLED=1\EXCLUSIVE=0'.

5.10. Analyzing design hierarchy..
Top module:  \ingress_boundary_formal
Used module:     $paramod\fixed_ingress_machine\COUPLED=1\EXCLUSIVE=0
Used module:         $paramod\kernel0_machine\COUPLED=1\EXCLUSIVE=0
Used module:             $paramod\kernel0_step\COUPLED=1\EXCLUSIVE=0
Used module:         \fixed_ingress
Used module:     \ingress_spec

5.11. Analyzing design hierarchy..
Top module:  \ingress_boundary_formal
Used module:     $paramod\fixed_ingress_machine\COUPLED=1\EXCLUSIVE=0
Used module:         $paramod\kernel0_machine\COUPLED=1\EXCLUSIVE=0
Used module:             $paramod\kernel0_step\COUPLED=1\EXCLUSIVE=0
Used module:         \fixed_ingress
Used module:     \ingress_spec
Removing unused module `$paramod\kernel0_machine\COUPLED=0\EXCLUSIVE=0'.
Removing unused module `$paramod\kernel0_step\COUPLED=0\EXCLUSIVE=0'.
Removing unused module `\ingress_formal'.
Removing unused module `\fixed_ingress_machine'.
Removing unused module `\kernel0_machine'.
Removing unused module `\kernel0_step'.
Removed 6 unused modules.
Mapping positional arguments of cell ingress_boundary_formal.dut ($paramod\fixed_ingress_machine\COUPLED=1\EXCLUSIVE=0).
Mapping positional arguments of cell ingress_boundary_formal.spec (ingress_spec).
Mapping positional arguments of cell ingress_boundary_formal.law ($paramod\kernel0_step\COUPLED=1\EXCLUSIVE=0).

6. Executing PROC pass (convert processes to netlists).

6.1. Executing PROC_CLEAN pass (remove empty switches from decision trees).
Cleaned up 0 empty switches.

6.2. Executing PROC_RMDEAD pass (remove dead branches from decision trees).
Marked 1 switch rules as full_case in process $proc$/tmp/ases-kernel0-ingress-reduction/docs/research/kernel-0/direct-rtl/kernel0.v:163$1104 in module $paramod\kernel0_machine\COUPLED=1\EXCLUSIVE=0.
Marked 1 switch rules as full_case in process $proc$/tmp/ases-kernel0-ingress-reduction/docs/research/kernel-0/ingress-reduction/fixed_ingress.v:13$354 in module fixed_ingress.
Marked 48 switch rules as full_case in process $proc$/tmp/ases-kernel0-ingress-reduction/docs/research/kernel-0/direct-rtl/kernel0.v:53$763 in module $paramod\kernel0_step\COUPLED=1\EXCLUSIVE=0.
Removed a total of 0 dead cases.

6.3. Executing PROC_INIT pass (extract init attributes).

6.4. Executing PROC_ARST pass (detect async resets in processes).

6.5. Executing PROC_MUX pass (convert decision trees to multiplexers).
Creating decoders for process `$paramod\kernel0_machine\COUPLED=1\EXCLUSIVE=0.$proc$/tmp/ases-kernel0-ingress-reduction/docs/research/kernel-0/direct-rtl/kernel0.v:163$1104'.
     1/3: $0\state[21:0]
     2/3: $0\committed[0:0]
     3/3: $0\resolved[0:0]
Creating decoders for process `\fixed_ingress.$proc$/tmp/ases-kernel0-ingress-reduction/docs/research/kernel-0/ingress-reduction/fixed_ingress.v:13$354'.
     1/7: $1\actor[2:0]
     2/7: $1\payload[10:0]
     3/7: $1\valid[0:0]
     4/7: $0\proposal[14:0]
     5/7: $0\payload[10:0]
     6/7: $0\valid[0:0]
     7/7: $0\actor[2:0]
Creating decoders for process `$paramod\kernel0_step\COUPLED=1\EXCLUSIVE=0.$proc$/tmp/ases-kernel0-ingress-reduction/docs/research/kernel-0/direct-rtl/kernel0.v:53$763'.
     1/276: $9$func$\valid_state$/tmp/ases-kernel0-ingress-reduction/docs/research/kernel-0/direct-rtl/kernel0.v:143$758$\valid_state[0:0]$1101
     2/276: $8$func$\valid_state$/tmp/ases-kernel0-ingress-reduction/docs/research/kernel-0/direct-rtl/kernel0.v:143$758$\valid_state[0:0]$1092
     3/276: $7$func$\valid_state$/tmp/ases-kernel0-ingress-reduction/docs/research/kernel-0/direct-rtl/kernel0.v:143$758$\valid_state[0:0]$1088
     4/276: $6$func$\valid_state$/tmp/ases-kernel0-ingress-reduction/docs/research/kernel-0/direct-rtl/kernel0.v:143$758$\valid_state[0:0]$1084
     5/276: $5$func$\valid_state$/tmp/ases-kernel0-ingress-reduction/docs/research/kernel-0/direct-rtl/kernel0.v:143$758$\valid_state[0:0]$1080
     6/276: $4$func$\valid_state$/tmp/ases-kernel0-ingress-reduction/docs/research/kernel-0/direct-rtl/kernel0.v:143$758$\valid_state[0:0]$1076
     7/276: $3$func$\valid_state$/tmp/ases-kernel0-ingress-reduction/docs/research/kernel-0/direct-rtl/kernel0.v:143$758$\valid_state[0:0]$1067
     8/276: $2$func$\valid_state$/tmp/ases-kernel0-ingress-reduction/docs/research/kernel-0/direct-rtl/kernel0.v:143$758$\valid_state[0:0]$1055
     9/276: $1$func$\valid_state$/tmp/ases-kernel0-ingress-reduction/docs/research/kernel-0/direct-rtl/kernel0.v:143$758$\valid_state[0:0]$1050
    10/276: $1$func$\valid_state$/tmp/ases-kernel0-ingress-reduction/docs/research/kernel-0/direct-rtl/kernel0.v:143$758$\i[31:0]$1051
    11/276: $1$func$\valid_state$/tmp/ases-kernel0-ingress-reduction/docs/research/kernel-0/direct-rtl/kernel0.v:143$758$\parent_rights[2:0]$1048
    12/276: $6\proposed[21:0] [21:17]
    13/276: $24\proposed[21:0] [2]
    14/276: $24\proposed[21:0] [3]
    15/276: $12\admitted[0:0]
    16/276: $24\proposed[21:0] [0]
    17/276: $24\proposed[21:0] [1]
    18/276: $26\proposed[21:0] [18]
    19/276: $26\proposed[21:0] [16]
    20/276: $26\proposed[21:0] [14]
    21/276: $26\proposed[21:0] [12]
    22/276: $26\proposed[21:0] [10]
    23/276: $26\proposed[21:0] [8]
    24/276: $26\proposed[21:0] [6]
    25/276: $26\proposed[21:0] [4]
    26/276: $26\proposed[21:0] [2]
    27/276: $26\proposed[21:0] [0]
    28/276: $26\proposed[21:0] [20]
    29/276: $26\proposed[21:0] [15]
    30/276: $26\proposed[21:0] [11]
    31/276: $26\proposed[21:0] [7]
    32/276: $26\proposed[21:0] [3]
    33/276: $26\proposed[21:0] [19]
    34/276: $26\proposed[21:0] [13]
    35/276: $26\proposed[21:0] [5]
    36/276: $26\proposed[21:0] [17]
    37/276: $26\proposed[21:0] [1]
    38/276: $26\proposed[21:0] [9]
    39/276: $25\proposed[21:0] [21]
    40/276: $25\proposed[21:0] [18]
    41/276: $25\proposed[21:0] [16]
    42/276: $25\proposed[21:0] [14]
    43/276: $25\proposed[21:0] [12]
    44/276: $25\proposed[21:0] [10]
    45/276: $25\proposed[21:0] [8]
    46/276: $25\proposed[21:0] [6]
    47/276: $25\proposed[21:0] [4]
    48/276: $25\proposed[21:0] [2]
    49/276: $25\proposed[21:0] [0]
    50/276: $25\proposed[21:0] [20]
    51/276: $25\proposed[21:0] [15]
    52/276: $25\proposed[21:0] [11]
    53/276: $25\proposed[21:0] [7]
    54/276: $25\proposed[21:0] [3]
    55/276: $25\proposed[21:0] [19]
    56/276: $25\proposed[21:0] [13]
    57/276: $25\proposed[21:0] [5]
    58/276: $25\proposed[21:0] [17]
    59/276: $25\proposed[21:0] [1]
    60/276: $25\proposed[21:0] [9]
    61/276: $26\proposed[21:0] [21]
    62/276: $11\admitted[0:0]
    63/276: $10\admitted[0:0]
    64/276: $23\proposed[21:0]
    65/276: $5\needed[2:0]
    66/276: $6\proposed[21:0] [16:8]
    67/276: $21\proposed[7:7]
    68/276: $22\proposed[21:17] [2:0]
    69/276: $9\admitted[0:0]
    70/276: $6\proposed[21:0] [7]
    71/276: $6\proposed[21:0] [6:0]
    72/276: $24\proposed[21:0] [21:4]
    73/276: $22\proposed[21:17] [4:3]
    74/276: $20\proposed[21:0] [18]
    75/276: $20\proposed[21:0] [16]
    76/276: $20\proposed[21:0] [14]
    77/276: $20\proposed[21:0] [12]
    78/276: $20\proposed[21:0] [10]
    79/276: $20\proposed[21:0] [8]
    80/276: $20\proposed[21:0] [6]
    81/276: $20\proposed[21:0] [4]
    82/276: $20\proposed[21:0] [2]
    83/276: $20\proposed[21:0] [0]
    84/276: $20\proposed[21:0] [20]
    85/276: $20\proposed[21:0] [15]
    86/276: $20\proposed[21:0] [11]
    87/276: $20\proposed[21:0] [7]
    88/276: $20\proposed[21:0] [3]
    89/276: $20\proposed[21:0] [19]
    90/276: $20\proposed[21:0] [13]
    91/276: $20\proposed[21:0] [5]
    92/276: $20\proposed[21:0] [17]
    93/276: $20\proposed[21:0] [1]
    94/276: $20\proposed[21:0] [9]
    95/276: $19\proposed[21:0] [21]
    96/276: $19\proposed[21:0] [17]
    97/276: $19\proposed[21:0] [19]
    98/276: $19\proposed[21:0] [15]
    99/276: $19\proposed[21:0] [13]
   100/276: $19\proposed[21:0] [11]
   101/276: $19\proposed[21:0] [9]
   102/276: $19\proposed[21:0] [7]
   103/276: $19\proposed[21:0] [5]
   104/276: $19\proposed[21:0] [3]
   105/276: $19\proposed[21:0] [1]
   106/276: $19\proposed[21:0] [20]
   107/276: $19\proposed[21:0] [16]
   108/276: $19\proposed[21:0] [12]
   109/276: $19\proposed[21:0] [8]
   110/276: $19\proposed[21:0] [4]
   111/276: $19\proposed[21:0] [0]
   112/276: $19\proposed[21:0] [14]
   113/276: $19\proposed[21:0] [18]
   114/276: $19\proposed[21:0] [10]
   115/276: $19\proposed[21:0] [2]
   116/276: $19\proposed[21:0] [6]
   117/276: $18\proposed[21:17] [4:3]
   118/276: $18\proposed[21:17] [2:0]
   119/276: $17\proposed[21:0] [21]
   120/276: $17\proposed[21:0] [17]
   121/276: $17\proposed[21:0] [19]
   122/276: $17\proposed[21:0] [15]
   123/276: $17\proposed[21:0] [13]
   124/276: $17\proposed[21:0] [11]
   125/276: $17\proposed[21:0] [9]
   126/276: $17\proposed[21:0] [7]
   127/276: $17\proposed[21:0] [5]
   128/276: $17\proposed[21:0] [3]
   129/276: $17\proposed[21:0] [1]
   130/276: $17\proposed[21:0] [20]
   131/276: $17\proposed[21:0] [16]
   132/276: $17\proposed[21:0] [12]
   133/276: $17\proposed[21:0] [8]
   134/276: $17\proposed[21:0] [4]
   135/276: $17\proposed[21:0] [0]
   136/276: $17\proposed[21:0] [14]
   137/276: $17\proposed[21:0] [18]
   138/276: $17\proposed[21:0] [10]
   139/276: $17\proposed[21:0] [2]
   140/276: $17\proposed[21:0] [6]
   141/276: $8\admitted[0:0]
   142/276: $16\proposed[21:0]
   143/276: $11\proposed[21:0] [21:17]
   144/276: $14\proposed[21:17] [2:0]
   145/276: $15\proposed[21:20]
   146/276: $13\proposed[21:20]
   147/276: $12\proposed[21:0] [21]
   148/276: $12\proposed[21:0] [17]
   149/276: $12\proposed[21:0] [19]
   150/276: $12\proposed[21:0] [15]
   151/276: $12\proposed[21:0] [13]
   152/276: $12\proposed[21:0] [11]
   153/276: $12\proposed[21:0] [9]
   154/276: $12\proposed[21:0] [7]
   155/276: $12\proposed[21:0] [5]
   156/276: $12\proposed[21:0] [3]
   157/276: $12\proposed[21:0] [1]
   158/276: $12\proposed[21:0] [20]
   159/276: $12\proposed[21:0] [16]
   160/276: $12\proposed[21:0] [12]
   161/276: $12\proposed[21:0] [8]
   162/276: $12\proposed[21:0] [4]
   163/276: $12\proposed[21:0] [0]
   164/276: $12\proposed[21:0] [14]
   165/276: $12\proposed[21:0] [18]
   166/276: $12\proposed[21:0] [10]
   167/276: $12\proposed[21:0] [2]
   168/276: $12\proposed[21:0] [6]
   169/276: $7\admitted[0:0]
   170/276: $11\proposed[21:0] [16:0]
   171/276: $14\proposed[21:17] [4:3]
   172/276: $7\proposed[21:0] [21:20]
   173/276: $9\proposed[21:0] [21]
   174/276: $9\proposed[21:0] [18]
   175/276: $9\proposed[21:0] [16]
   176/276: $9\proposed[21:0] [14]
   177/276: $9\proposed[21:0] [12]
   178/276: $9\proposed[21:0] [10]
   179/276: $9\proposed[21:0] [8]
   180/276: $9\proposed[21:0] [6]
   181/276: $9\proposed[21:0] [4]
   182/276: $9\proposed[21:0] [2]
   183/276: $9\proposed[21:0] [0]
   184/276: $9\proposed[21:0] [20]
   185/276: $9\proposed[21:0] [15]
   186/276: $9\proposed[21:0] [11]
   187/276: $9\proposed[21:0] [7]
   188/276: $9\proposed[21:0] [3]
   189/276: $9\proposed[21:0] [19]
   190/276: $9\proposed[21:0] [13]
   191/276: $9\proposed[21:0] [5]
   192/276: $9\proposed[21:0] [17]
   193/276: $9\proposed[21:0] [1]
   194/276: $9\proposed[21:0] [9]
   195/276: $8\proposed[21:0] [21]
   196/276: $8\proposed[21:0] [17]
   197/276: $8\proposed[21:0] [19]
   198/276: $8\proposed[21:0] [15]
   199/276: $8\proposed[21:0] [13]
   200/276: $8\proposed[21:0] [11]
   201/276: $8\proposed[21:0] [9]
   202/276: $8\proposed[21:0] [7]
   203/276: $8\proposed[21:0] [5]
   204/276: $8\proposed[21:0] [3]
   205/276: $8\proposed[21:0] [1]
   206/276: $8\proposed[21:0] [20]
   207/276: $8\proposed[21:0] [16]
   208/276: $8\proposed[21:0] [12]
   209/276: $8\proposed[21:0] [8]
   210/276: $8\proposed[21:0] [4]
   211/276: $8\proposed[21:0] [0]
   212/276: $8\proposed[21:0] [14]
   213/276: $8\proposed[21:0] [18]
   214/276: $8\proposed[21:0] [10]
   215/276: $8\proposed[21:0] [2]
   216/276: $8\proposed[21:0] [6]
   217/276: $6\admitted[0:0]
   218/276: $7\proposed[21:0] [19:0]
   219/276: $10\proposed[21:20]
   220/276: $5\admitted[0:0]
   221/276: $20\proposed[21:0] [21]
   222/276: $4\needed[2:0]
   223/276: $3\needed[2:0]
   224/276: $4\admitted[0:0]
   225/276: $5\proposed[21:0]
   226/276: $2\proposed[21:0] [21:4]
   227/276: $2\proposed[21:0] [2:1]
   228/276: $4\proposed[3:3]
   229/276: $3\proposed[0:0]
   230/276: $2\admitted[0:0]
   231/276: $2\proposed[21:0] [3]
   232/276: $3\admitted[0:0]
   233/276: $2\needed[2:0]
   234/276: $2\proposed[21:0] [0]
   235/276: $1\needed[2:0]
   236/276: $1\admitted[0:0]
   237/276: $1\proposed[21:0]
   238/276: $9$func$\valid_state$/tmp/ases-kernel0-ingress-reduction/docs/research/kernel-0/direct-rtl/kernel0.v:76$753$\valid_state[0:0]$910
   239/276: $8$func$\valid_state$/tmp/ases-kernel0-ingress-reduction/docs/research/kernel-0/direct-rtl/kernel0.v:76$753$\valid_state[0:0]$901
   240/276: $7$func$\valid_state$/tmp/ases-kernel0-ingress-reduction/docs/research/kernel-0/direct-rtl/kernel0.v:76$753$\valid_state[0:0]$897
   241/276: $6$func$\valid_state$/tmp/ases-kernel0-ingress-reduction/docs/research/kernel-0/direct-rtl/kernel0.v:76$753$\valid_state[0:0]$893
   242/276: $5$func$\valid_state$/tmp/ases-kernel0-ingress-reduction/docs/research/kernel-0/direct-rtl/kernel0.v:76$753$\valid_state[0:0]$889
   243/276: $4$func$\valid_state$/tmp/ases-kernel0-ingress-reduction/docs/research/kernel-0/direct-rtl/kernel0.v:76$753$\valid_state[0:0]$885
   244/276: $3$func$\valid_state$/tmp/ases-kernel0-ingress-reduction/docs/research/kernel-0/direct-rtl/kernel0.v:76$753$\valid_state[0:0]$876
   245/276: $2$func$\valid_state$/tmp/ases-kernel0-ingress-reduction/docs/research/kernel-0/direct-rtl/kernel0.v:76$753$\valid_state[0:0]$864
   246/276: $1$func$\valid_state$/tmp/ases-kernel0-ingress-reduction/docs/research/kernel-0/direct-rtl/kernel0.v:76$753$\valid_state[0:0]$859
   247/276: $1$func$\valid_state$/tmp/ases-kernel0-ingress-reduction/docs/research/kernel-0/direct-rtl/kernel0.v:76$753$\i[31:0]$860
   248/276: $1$func$\valid_state$/tmp/ases-kernel0-ingress-reduction/docs/research/kernel-0/direct-rtl/kernel0.v:76$753$\parent_rights[2:0]$857
   249/276: $1\wellformed[0:0]
   250/276: $1\actor_rights[2:0]
   251/276: $0\state_out[21:0]
   252/276: $0\commit[0:0]
   253/276: $0$func$\valid_state$/tmp/ases-kernel0-ingress-reduction/docs/research/kernel-0/direct-rtl/kernel0.v:143$758$\i[31:0]$781
   254/276: $0$func$\valid_state$/tmp/ases-kernel0-ingress-reduction/docs/research/kernel-0/direct-rtl/kernel0.v:143$758$\valid_state[0:0]$773
   255/276: $0$func$\valid_state$/tmp/ases-kernel0-ingress-reduction/docs/research/kernel-0/direct-rtl/kernel0.v:143$758$\parent_rights[2:0]$779
   256/276: $0$func$\valid_state$/tmp/ases-kernel0-ingress-reduction/docs/research/kernel-0/direct-rtl/kernel0.v:143$758$\parent[1:0]$780
   257/276: $0$func$\valid_state$/tmp/ases-kernel0-ingress-reduction/docs/research/kernel-0/direct-rtl/kernel0.v:143$758$\r3[2:0]$778
   258/276: $0$func$\valid_state$/tmp/ases-kernel0-ingress-reduction/docs/research/kernel-0/direct-rtl/kernel0.v:143$758$\r2[2:0]$777
   259/276: $0$func$\valid_state$/tmp/ases-kernel0-ingress-reduction/docs/research/kernel-0/direct-rtl/kernel0.v:143$758$\r1[2:0]$776
   260/276: $0$func$\valid_state$/tmp/ases-kernel0-ingress-reduction/docs/research/kernel-0/direct-rtl/kernel0.v:143$758$\r0[2:0]$775
   261/276: $0$func$\valid_state$/tmp/ases-kernel0-ingress-reduction/docs/research/kernel-0/direct-rtl/kernel0.v:143$758$\s[21:0]$774
   262/276: $0\needed[2:0]
   263/276: $0\admitted[0:0]
   264/276: $0\proposed[21:0]
   265/276: $0$func$\valid_state$/tmp/ases-kernel0-ingress-reduction/docs/research/kernel-0/direct-rtl/kernel0.v:76$753$\i[31:0]$767
   266/276: $0$func$\valid_state$/tmp/ases-kernel0-ingress-reduction/docs/research/kernel-0/direct-rtl/kernel0.v:76$753$\valid_state[0:0]$765
   267/276: $0$func$\valid_state$/tmp/ases-kernel0-ingress-reduction/docs/research/kernel-0/direct-rtl/kernel0.v:76$753$\parent_rights[2:0]$772
   268/276: $0$func$\valid_state$/tmp/ases-kernel0-ingress-reduction/docs/research/kernel-0/direct-rtl/kernel0.v:76$753$\parent[1:0]$764
   269/276: $0$func$\valid_state$/tmp/ases-kernel0-ingress-reduction/docs/research/kernel-0/direct-rtl/kernel0.v:76$753$\r3[2:0]$766
   270/276: $0$func$\valid_state$/tmp/ases-kernel0-ingress-reduction/docs/research/kernel-0/direct-rtl/kernel0.v:76$753$\r2[2:0]$769
   271/276: $0$func$\valid_state$/tmp/ases-kernel0-ingress-reduction/docs/research/kernel-0/direct-rtl/kernel0.v:76$753$\r1[2:0]$768
   272/276: $0$func$\valid_state$/tmp/ases-kernel0-ingress-reduction/docs/research/kernel-0/direct-rtl/kernel0.v:76$753$\r0[2:0]$770
   273/276: $0$func$\valid_state$/tmp/ases-kernel0-ingress-reduction/docs/research/kernel-0/direct-rtl/kernel0.v:76$753$\s[21:0]$771
   274/276: $0\wellformed[0:0]
   275/276: $0\actor_rights[2:0]
   276/276: $0\current_rights[2:0]
Creating decoders for process `\ingress_boundary_formal.$proc$/tmp/ases-kernel0-ingress-reduction/docs/research/kernel-0/ingress-reduction/refinement_formal.v:41$387'.
     1/3: $0\expected_committed[0:0]
     2/3: $0\expected_resolved[0:0]
     3/3: $0\expected_state[21:0]

6.6. Executing PROC_DLATCH pass (convert process syncs to latches).
No latch inferred for signal `\fixed_ingress.\actor' from process `\fixed_ingress.$proc$/tmp/ases-kernel0-ingress-reduction/docs/research/kernel-0/ingress-reduction/fixed_ingress.v:13$354'.
No latch inferred for signal `\fixed_ingress.\proposal' from process `\fixed_ingress.$proc$/tmp/ases-kernel0-ingress-reduction/docs/research/kernel-0/ingress-reduction/fixed_ingress.v:13$354'.
No latch inferred for signal `\fixed_ingress.\valid' from process `\fixed_ingress.$proc$/tmp/ases-kernel0-ingress-reduction/docs/research/kernel-0/ingress-reduction/fixed_ingress.v:13$354'.
No latch inferred for signal `\fixed_ingress.\payload' from process `\fixed_ingress.$proc$/tmp/ases-kernel0-ingress-reduction/docs/research/kernel-0/ingress-reduction/fixed_ingress.v:13$354'.
No latch inferred for signal `$paramod\kernel0_step\COUPLED=1\EXCLUSIVE=0.\state_out' from process `$paramod\kernel0_step\COUPLED=1\EXCLUSIVE=0.$proc$/tmp/ases-kernel0-ingress-reduction/docs/research/kernel-0/direct-rtl/kernel0.v:53$763'.
No latch inferred for signal `$paramod\kernel0_step\COUPLED=1\EXCLUSIVE=0.\commit' from process `$paramod\kernel0_step\COUPLED=1\EXCLUSIVE=0.$proc$/tmp/ases-kernel0-ingress-reduction/docs/research/kernel-0/direct-rtl/kernel0.v:53$763'.
No latch inferred for signal `$paramod\kernel0_step\COUPLED=1\EXCLUSIVE=0.\proposed' from process `$paramod\kernel0_step\COUPLED=1\EXCLUSIVE=0.$proc$/tmp/ases-kernel0-ingress-reduction/docs/research/kernel-0/direct-rtl/kernel0.v:53$763'.
No latch inferred for signal `$paramod\kernel0_step\COUPLED=1\EXCLUSIVE=0.\admitted' from process `$paramod\kernel0_step\COUPLED=1\EXCLUSIVE=0.$proc$/tmp/ases-kernel0-ingress-reduction/docs/research/kernel-0/direct-rtl/kernel0.v:53$763'.
No latch inferred for signal `$paramod\kernel0_step\COUPLED=1\EXCLUSIVE=0.\wellformed' from process `$paramod\kernel0_step\COUPLED=1\EXCLUSIVE=0.$proc$/tmp/ases-kernel0-ingress-reduction/docs/research/kernel-0/direct-rtl/kernel0.v:53$763'.
No latch inferred for signal `$paramod\kernel0_step\COUPLED=1\EXCLUSIVE=0.\current_rights' from process `$paramod\kernel0_step\COUPLED=1\EXCLUSIVE=0.$proc$/tmp/ases-kernel0-ingress-reduction/docs/research/kernel-0/direct-rtl/kernel0.v:53$763'.
No latch inferred for signal `$paramod\kernel0_step\COUPLED=1\EXCLUSIVE=0.\actor_rights' from process `$paramod\kernel0_step\COUPLED=1\EXCLUSIVE=0.$proc$/tmp/ases-kernel0-ingress-reduction/docs/research/kernel-0/direct-rtl/kernel0.v:53$763'.
No latch inferred for signal `$paramod\kernel0_step\COUPLED=1\EXCLUSIVE=0.\needed' from process `$paramod\kernel0_step\COUPLED=1\EXCLUSIVE=0.$proc$/tmp/ases-kernel0-ingress-reduction/docs/research/kernel-0/direct-rtl/kernel0.v:53$763'.
No latch inferred for signal `$paramod\kernel0_step\COUPLED=1\EXCLUSIVE=0.$func$\valid_state$/tmp/ases-kernel0-ingress-reduction/docs/research/kernel-0/direct-rtl/kernel0.v:76$753$\parent' from process `$paramod\kernel0_step\COUPLED=1\EXCLUSIVE=0.$proc$/tmp/ases-kernel0-ingress-reduction/docs/research/kernel-0/direct-rtl/kernel0.v:53$763'.
No latch inferred for signal `$paramod\kernel0_step\COUPLED=1\EXCLUSIVE=0.$func$\valid_state$/tmp/ases-kernel0-ingress-reduction/docs/research/kernel-0/direct-rtl/kernel0.v:76$753$\valid_state' from process `$paramod\kernel0_step\COUPLED=1\EXCLUSIVE=0.$proc$/tmp/ases-kernel0-ingress-reduction/docs/research/kernel-0/direct-rtl/kernel0.v:53$763'.
No latch inferred for signal `$paramod\kernel0_step\COUPLED=1\EXCLUSIVE=0.$func$\valid_state$/tmp/ases-kernel0-ingress-reduction/docs/research/kernel-0/direct-rtl/kernel0.v:76$753$\r3' from process `$paramod\kernel0_step\COUPLED=1\EXCLUSIVE=0.$proc$/tmp/ases-kernel0-ingress-reduction/docs/research/kernel-0/direct-rtl/kernel0.v:53$763'.
No latch inferred for signal `$paramod\kernel0_step\COUPLED=1\EXCLUSIVE=0.$func$\valid_state$/tmp/ases-kernel0-ingress-reduction/docs/research/kernel-0/direct-rtl/kernel0.v:76$753$\i' from process `$paramod\kernel0_step\COUPLED=1\EXCLUSIVE=0.$proc$/tmp/ases-kernel0-ingress-reduction/docs/research/kernel-0/direct-rtl/kernel0.v:53$763'.
No latch inferred for signal `$paramod\kernel0_step\COUPLED=1\EXCLUSIVE=0.$func$\valid_state$/tmp/ases-kernel0-ingress-reduction/docs/research/kernel-0/direct-rtl/kernel0.v:76$753$\r1' from process `$paramod\kernel0_step\COUPLED=1\EXCLUSIVE=0.$proc$/tmp/ases-kernel0-ingress-reduction/docs/research/kernel-0/direct-rtl/kernel0.v:53$763'.
No latch inferred for signal `$paramod\kernel0_step\COUPLED=1\EXCLUSIVE=0.$func$\valid_state$/tmp/ases-kernel0-ingress-reduction/docs/research/kernel-0/direct-rtl/kernel0.v:76$753$\r2' from process `$paramod\kernel0_step\COUPLED=1\EXCLUSIVE=0.$proc$/tmp/ases-kernel0-ingress-reduction/docs/research/kernel-0/direct-rtl/kernel0.v:53$763'.
No latch inferred for signal `$paramod\kernel0_step\COUPLED=1\EXCLUSIVE=0.$func$\valid_state$/tmp/ases-kernel0-ingress-reduction/docs/research/kernel-0/direct-rtl/kernel0.v:76$753$\r0' from process `$paramod\kernel0_step\COUPLED=1\EXCLUSIVE=0.$proc$/tmp/ases-kernel0-ingress-reduction/docs/research/kernel-0/direct-rtl/kernel0.v:53$763'.
No latch inferred for signal `$paramod\kernel0_step\COUPLED=1\EXCLUSIVE=0.$func$\valid_state$/tmp/ases-kernel0-ingress-reduction/docs/research/kernel-0/direct-rtl/kernel0.v:76$753$\s' from process `$paramod\kernel0_step\COUPLED=1\EXCLUSIVE=0.$proc$/tmp/ases-kernel0-ingress-reduction/docs/research/kernel-0/direct-rtl/kernel0.v:53$763'.
No latch inferred for signal `$paramod\kernel0_step\COUPLED=1\EXCLUSIVE=0.$func$\valid_state$/tmp/ases-kernel0-ingress-reduction/docs/research/kernel-0/direct-rtl/kernel0.v:76$753$\parent_rights' from process `$paramod\kernel0_step\COUPLED=1\EXCLUSIVE=0.$proc$/tmp/ases-kernel0-ingress-reduction/docs/research/kernel-0/direct-rtl/kernel0.v:53$763'.
No latch inferred for signal `$paramod\kernel0_step\COUPLED=1\EXCLUSIVE=0.$func$\valid_state$/tmp/ases-kernel0-ingress-reduction/docs/research/kernel-0/direct-rtl/kernel0.v:143$758$\valid_state' from process `$paramod\kernel0_step\COUPLED=1\EXCLUSIVE=0.$proc$/tmp/ases-kernel0-ingress-reduction/docs/research/kernel-0/direct-rtl/kernel0.v:53$763'.
No latch inferred for signal `$paramod\kernel0_step\COUPLED=1\EXCLUSIVE=0.$func$\valid_state$/tmp/ases-kernel0-ingress-reduction/docs/research/kernel-0/direct-rtl/kernel0.v:143$758$\s' from process `$paramod\kernel0_step\COUPLED=1\EXCLUSIVE=0.$proc$/tmp/ases-kernel0-ingress-reduction/docs/research/kernel-0/direct-rtl/kernel0.v:53$763'.
No latch inferred for signal `$paramod\kernel0_step\COUPLED=1\EXCLUSIVE=0.$func$\valid_state$/tmp/ases-kernel0-ingress-reduction/docs/research/kernel-0/direct-rtl/kernel0.v:143$758$\r0' from process `$paramod\kernel0_step\COUPLED=1\EXCLUSIVE=0.$proc$/tmp/ases-kernel0-ingress-reduction/docs/research/kernel-0/direct-rtl/kernel0.v:53$763'.
No latch inferred for signal `$paramod\kernel0_step\COUPLED=1\EXCLUSIVE=0.$func$\valid_state$/tmp/ases-kernel0-ingress-reduction/docs/research/kernel-0/direct-rtl/kernel0.v:143$758$\r1' from process `$paramod\kernel0_step\COUPLED=1\EXCLUSIVE=0.$proc$/tmp/ases-kernel0-ingress-reduction/docs/research/kernel-0/direct-rtl/kernel0.v:53$763'.
No latch inferred for signal `$paramod\kernel0_step\COUPLED=1\EXCLUSIVE=0.$func$\valid_state$/tmp/ases-kernel0-ingress-reduction/docs/research/kernel-0/direct-rtl/kernel0.v:143$758$\r2' from process `$paramod\kernel0_step\COUPLED=1\EXCLUSIVE=0.$proc$/tmp/ases-kernel0-ingress-reduction/docs/research/kernel-0/direct-rtl/kernel0.v:53$763'.
No latch inferred for signal `$paramod\kernel0_step\COUPLED=1\EXCLUSIVE=0.$func$\valid_state$/tmp/ases-kernel0-ingress-reduction/docs/research/kernel-0/direct-rtl/kernel0.v:143$758$\r3' from process `$paramod\kernel0_step\COUPLED=1\EXCLUSIVE=0.$proc$/tmp/ases-kernel0-ingress-reduction/docs/research/kernel-0/direct-rtl/kernel0.v:53$763'.
No latch inferred for signal `$paramod\kernel0_step\COUPLED=1\EXCLUSIVE=0.$func$\valid_state$/tmp/ases-kernel0-ingress-reduction/docs/research/kernel-0/direct-rtl/kernel0.v:143$758$\parent_rights' from process `$paramod\kernel0_step\COUPLED=1\EXCLUSIVE=0.$proc$/tmp/ases-kernel0-ingress-reduction/docs/research/kernel-0/direct-rtl/kernel0.v:53$763'.
No latch inferred for signal `$paramod\kernel0_step\COUPLED=1\EXCLUSIVE=0.$func$\valid_state$/tmp/ases-kernel0-ingress-reduction/docs/research/kernel-0/direct-rtl/kernel0.v:143$758$\parent' from process `$paramod\kernel0_step\COUPLED=1\EXCLUSIVE=0.$proc$/tmp/ases-kernel0-ingress-reduction/docs/research/kernel-0/direct-rtl/kernel0.v:53$763'.
No latch inferred for signal `$paramod\kernel0_step\COUPLED=1\EXCLUSIVE=0.$func$\valid_state$/tmp/ases-kernel0-ingress-reduction/docs/research/kernel-0/direct-rtl/kernel0.v:143$758$\i' from process `$paramod\kernel0_step\COUPLED=1\EXCLUSIVE=0.$proc$/tmp/ases-kernel0-ingress-reduction/docs/research/kernel-0/direct-rtl/kernel0.v:53$763'.

6.7. Executing PROC_DFF pass (convert process syncs to FFs).
Creating register for signal `$paramod\kernel0_machine\COUPLED=1\EXCLUSIVE=0.\resolved' using process `$paramod\kernel0_machine\COUPLED=1\EXCLUSIVE=0.$proc$/tmp/ases-kernel0-ingress-reduction/docs/research/kernel-0/direct-rtl/kernel0.v:163$1104'.
  created $dff cell `$procdff$7677' with positive edge clock.
Creating register for signal `$paramod\kernel0_machine\COUPLED=1\EXCLUSIVE=0.\committed' using process `$paramod\kernel0_machine\COUPLED=1\EXCLUSIVE=0.$proc$/tmp/ases-kernel0-ingress-reduction/docs/research/kernel-0/direct-rtl/kernel0.v:163$1104'.
  created $dff cell `$procdff$7678' with positive edge clock.
Creating register for signal `$paramod\kernel0_machine\COUPLED=1\EXCLUSIVE=0.\state' using process `$paramod\kernel0_machine\COUPLED=1\EXCLUSIVE=0.$proc$/tmp/ases-kernel0-ingress-reduction/docs/research/kernel-0/direct-rtl/kernel0.v:163$1104'.
  created $dff cell `$procdff$7679' with positive edge clock.
Creating register for signal `\ingress_boundary_formal.\expected_state' using process `\ingress_boundary_formal.$proc$/tmp/ases-kernel0-ingress-reduction/docs/research/kernel-0/ingress-reduction/refinement_formal.v:41$387'.
  created $dff cell `$procdff$7680' with positive edge clock.
Creating register for signal `\ingress_boundary_formal.\expected_resolved' using process `\ingress_boundary_formal.$proc$/tmp/ases-kernel0-ingress-reduction/docs/research/kernel-0/ingress-reduction/refinement_formal.v:41$387'.
  created $dff cell `$procdff$7681' with positive edge clock.
Creating register for signal `\ingress_boundary_formal.\expected_committed' using process `\ingress_boundary_formal.$proc$/tmp/ases-kernel0-ingress-reduction/docs/research/kernel-0/ingress-reduction/refinement_formal.v:41$387'.
  created $dff cell `$procdff$7682' with positive edge clock.

6.8. Executing PROC_CLEAN pass (remove empty switches from decision trees).
Found and cleaned up 2 empty switches in `$paramod\kernel0_machine\COUPLED=1\EXCLUSIVE=0.$proc$/tmp/ases-kernel0-ingress-reduction/docs/research/kernel-0/direct-rtl/kernel0.v:163$1104'.
Removing empty process `$paramod\kernel0_machine\COUPLED=1\EXCLUSIVE=0.$proc$/tmp/ases-kernel0-ingress-reduction/docs/research/kernel-0/direct-rtl/kernel0.v:163$1104'.
Found and cleaned up 1 empty switch in `\fixed_ingress.$proc$/tmp/ases-kernel0-ingress-reduction/docs/research/kernel-0/ingress-reduction/fixed_ingress.v:13$354'.
Removing empty process `fixed_ingress.$proc$/tmp/ases-kernel0-ingress-reduction/docs/research/kernel-0/ingress-reduction/fixed_ingress.v:13$354'.
Found and cleaned up 48 empty switches in `$paramod\kernel0_step\COUPLED=1\EXCLUSIVE=0.$proc$/tmp/ases-kernel0-ingress-reduction/docs/research/kernel-0/direct-rtl/kernel0.v:53$763'.
Removing empty process `$paramod\kernel0_step\COUPLED=1\EXCLUSIVE=0.$proc$/tmp/ases-kernel0-ingress-reduction/docs/research/kernel-0/direct-rtl/kernel0.v:53$763'.
Removing empty process `ingress_boundary_formal.$proc$/tmp/ases-kernel0-ingress-reduction/docs/research/kernel-0/ingress-reduction/refinement_formal.v:41$387'.
Cleaned up 51 empty switches.

7. Executing FLATTEN pass (flatten design).
Using template $paramod\fixed_ingress_machine\COUPLED=1\EXCLUSIVE=0 for cells of type $paramod\fixed_ingress_machine\COUPLED=1\EXCLUSIVE=0.
Using template ingress_spec for cells of type ingress_spec.
Using template $paramod\kernel0_step\COUPLED=1\EXCLUSIVE=0 for cells of type $paramod\kernel0_step\COUPLED=1\EXCLUSIVE=0.
Using template fixed_ingress for cells of type fixed_ingress.
Using template $paramod\kernel0_machine\COUPLED=1\EXCLUSIVE=0 for cells of type $paramod\kernel0_machine\COUPLED=1\EXCLUSIVE=0.
<suppressed ~6 debug messages>
No more expansions possible.
Deleting now unused module $paramod\fixed_ingress_machine\COUPLED=1\EXCLUSIVE=0.
Deleting now unused module ingress_spec.
Deleting now unused module $paramod\kernel0_machine\COUPLED=1\EXCLUSIVE=0.
Deleting now unused module fixed_ingress.
Deleting now unused module $paramod\kernel0_step\COUPLED=1\EXCLUSIVE=0.

8. Executing MEMORY pass.

8.1. Executing MEMORY_DFF pass (merging $dff cells to $memrd and $memwr).

8.2. Executing OPT_CLEAN pass (remove unused cells and wires).
Finding unused cells or wires in module \ingress_boundary_formal..
Removed 36 unused cells and 2498 unused wires.
<suppressed ~49 debug messages>

8.3. Executing MEMORY_SHARE pass (consolidating $memrd/$memwr cells).

8.4. Executing OPT_CLEAN pass (remove unused cells and wires).
Finding unused cells or wires in module \ingress_boundary_formal..

8.5. Executing MEMORY_COLLECT pass (generating $mem cells).

8.6. Executing MEMORY_MAP pass (converting $mem cells to logic and flip-flops).

9. Executing OPT pass (performing simple optimizations).

9.1. Executing OPT_EXPR pass (perform const folding).
Optimizing module ingress_boundary_formal.
<suppressed ~226 debug messages>

9.2. Executing OPT_MERGE pass (detect identical cells).
Finding identical cells in module `\ingress_boundary_formal'.
<suppressed ~5811 debug messages>
Removed a total of 1937 cells.

9.3. Executing OPT_MUXTREE pass (detect dead branches in mux trees).
Running muxtree optimizer on module \ingress_boundary_formal..
  Creating internal representation of mux trees.
  Evaluating internal representation of mux trees.
      Replacing known input bits on port A of cell $techmap\dut.baseline.transition.$procmux$5918: \dut.baseline.state [16:0] -> { \dut.baseline.state [16:1] 1'1 }
      Replacing known input bits on port A of cell $techmap\dut.baseline.transition.$procmux$5720: \dut.baseline.state [0] -> 1'1
      Replacing known input bits on port A of cell $techmap\dut.baseline.transition.$procmux$7423: \dut.baseline.state [19:0] -> { \dut.baseline.state [19:1] 1'1 }
      Replacing known input bits on port A of cell $techmap\dut.baseline.transition.$procmux$7218: \dut.baseline.state [0] -> 1'1
      Replacing known input bits on port A of cell $techmap\dut.baseline.transition.$procmux$7524: \dut.baseline.state -> { \dut.baseline.state [21:1] 1'0 }
      Replacing known input bits on port A of cell $techmap\dut.baseline.transition.$procmux$3008: \dut.baseline.state [6:0] -> { \dut.baseline.state [6:1] 1'1 }
      Replacing known input bits on port B of cell $techmap\dut.baseline.transition.$procmux$7555: \dut.baseline.state [0] -> 1'1
      Replacing known input bits on port A of cell $techmap\dut.baseline.transition.$procmux$2897: \dut.baseline.state -> { \dut.baseline.state [21:1] 1'1 }
      Replacing known input bits on port A of cell $techmap\dut.baseline.transition.$procmux$1284: \dut.baseline.state [0] -> 1'1
      Replacing known input bits on port A of cell $techmap\dut.baseline.transition.$procmux$1664: \dut.baseline.state [0] -> 1'1
      Replacing known input bits on port A of cell $techmap\dut.baseline.transition.$procmux$2434: \dut.baseline.state [0] -> 1'1
      Replacing known input bits on port A of cell $techmap\dut.baseline.transition.$procmux$5108: \dut.baseline.state -> { \dut.baseline.state [21:1] 1'1 }
      Replacing known input bits on port A of cell $techmap\dut.baseline.transition.$procmux$4917: \dut.baseline.state [0] -> 1'1
      Replacing known input bits on port A of cell $techmap\law.$procmux$2897: \dut.baseline.state -> { \dut.baseline.state [21:1] 1'1 }
      Replacing known input bits on port A of cell $techmap\law.$procmux$1284: \dut.baseline.state [0] -> 1'1
      Replacing known input bits on port A of cell $techmap\law.$procmux$1664: \dut.baseline.state [0] -> 1'1
      Replacing known input bits on port A of cell $techmap\law.$procmux$2434: \dut.baseline.state [0] -> 1'1
      Replacing known input bits on port A of cell $techmap\law.$procmux$5108: \dut.baseline.state -> { \dut.baseline.state [21:1] 1'1 }
      Replacing known input bits on port A of cell $techmap\law.$procmux$4917: \dut.baseline.state [0] -> 1'1
      Replacing known input bits on port A of cell $techmap\law.$procmux$5918: \dut.baseline.state [16:0] -> { \dut.baseline.state [16:1] 1'1 }
      Replacing known input bits on port A of cell $techmap\law.$procmux$5720: \dut.baseline.state [0] -> 1'1
      Replacing known input bits on port A of cell $techmap\law.$procmux$7423: \dut.baseline.state [19:0] -> { \dut.baseline.state [19:1] 1'1 }
      Replacing known input bits on port A of cell $techmap\law.$procmux$7218: \dut.baseline.state [0] -> 1'1
      Replacing known input bits on port A of cell $techmap\law.$procmux$7524: \dut.baseline.state -> { \dut.baseline.state [21:1] 1'0 }
      Replacing known input bits on port A of cell $techmap\law.$procmux$3008: \dut.baseline.state [6:0] -> { \dut.baseline.state [6:1] 1'1 }
      Replacing known input bits on port B of cell $techmap\law.$procmux$7555: \dut.baseline.state [0] -> 1'1
  Analyzing evaluation results.
    dead port 2/2 on $mux $techmap\dut.baseline.transition.$procmux$5532.
    dead port 2/2 on $mux $techmap\dut.baseline.transition.$procmux$5534.
    dead port 2/2 on $mux $techmap\dut.baseline.transition.$procmux$5536.
    dead port 1/2 on $mux $techmap\dut.baseline.transition.$procmux$5539.
    dead port 2/2 on $mux $techmap\dut.baseline.transition.$procmux$5541.
    dead port 2/2 on $mux $techmap\dut.baseline.transition.$procmux$5554.
    dead port 2/2 on $mux $techmap\dut.baseline.transition.$procmux$5556.
    dead port 2/2 on $mux $techmap\dut.baseline.transition.$procmux$1899.
    dead port 2/2 on $mux $techmap\dut.baseline.transition.$procmux$5558.
    dead port 1/2 on $mux $techmap\dut.baseline.transition.$procmux$5561.
    dead port 2/2 on $mux $techmap\dut.baseline.transition.$procmux$5563.
    dead port 1/2 on $mux $techmap\dut.baseline.transition.$procmux$1902.
    dead port 2/2 on $mux $techmap\dut.baseline.transition.$procmux$1904.
    dead port 2/2 on $mux $techmap\dut.baseline.transition.$procmux$5580.
    dead port 2/2 on $mux $techmap\dut.baseline.transition.$procmux$5582.
    dead port 2/2 on $mux $techmap\dut.baseline.transition.$procmux$5584.
    dead port 1/2 on $mux $techmap\dut.baseline.transition.$procmux$5587.
    dead port 2/2 on $mux $techmap\dut.baseline.transition.$procmux$5589.
    dead port 2/2 on $mux $techmap\dut.baseline.transition.$procmux$1933.
    dead port 1/2 on $mux $techmap\dut.baseline.transition.$procmux$1730.
    dead port 2/2 on $mux $techmap\dut.baseline.transition.$procmux$1935.
    dead port 2/2 on $mux $techmap\dut.baseline.transition.$procmux$5610.
    dead port 2/2 on $mux $techmap\dut.baseline.transition.$procmux$5612.
    dead port 2/2 on $mux $techmap\dut.baseline.transition.$procmux$1937.
    dead port 2/2 on $mux $techmap\dut.baseline.transition.$procmux$5614.
    dead port 1/2 on $mux $techmap\dut.baseline.transition.$procmux$5617.
    dead port 2/2 on $mux $techmap\dut.baseline.transition.$procmux$5619.
    dead port 1/2 on $mux $techmap\dut.baseline.transition.$procmux$5423.
    dead port 2/2 on $mux $techmap\dut.baseline.transition.$procmux$5644.
    dead port 2/2 on $mux $techmap\dut.baseline.transition.$procmux$5646.
    dead port 2/2 on $mux $techmap\dut.baseline.transition.$procmux$5648.
    dead port 1/2 on $mux $techmap\dut.baseline.transition.$procmux$5651.
    dead port 2/2 on $mux $techmap\dut.baseline.transition.$procmux$5653.
    dead port 2/2 on $mux $techmap\dut.baseline.transition.$procmux$5425.
    dead port 2/2 on $mux $techmap\dut.baseline.transition.$procmux$1939.
    dead port 2/2 on $mux $techmap\dut.baseline.transition.$procmux$5682.
    dead port 2/2 on $mux $techmap\dut.baseline.transition.$procmux$5684.
    dead port 1/2 on $mux $techmap\dut.baseline.transition.$procmux$1942.
    dead port 2/2 on $mux $techmap\dut.baseline.transition.$procmux$5686.
    dead port 1/2 on $mux $techmap\dut.baseline.transition.$procmux$5689.
    dead port 2/2 on $mux $techmap\dut.baseline.transition.$procmux$5691.
    dead port 2/2 on $mux $techmap\dut.baseline.transition.$procmux$1944.
    dead port 2/2 on $mux $techmap\dut.baseline.transition.$procmux$5722.
    dead port 2/2 on $mux $techmap\dut.baseline.transition.$procmux$5724.
    dead port 2/2 on $mux $techmap\dut.baseline.transition.$procmux$5726.
    dead port 1/2 on $mux $techmap\dut.baseline.transition.$procmux$5729.
    dead port 2/2 on $mux $techmap\dut.baseline.transition.$procmux$5731.
    dead port 2/2 on $mux $techmap\dut.baseline.transition.$procmux$1961.
    dead port 2/2 on $mux $techmap\dut.baseline.transition.$procmux$5750.
    dead port 2/2 on $mux $techmap\dut.baseline.transition.$procmux$5752.
    dead port 2/2 on $mux $techmap\dut.baseline.transition.$procmux$1963.
    dead port 2/2 on $mux $techmap\dut.baseline.transition.$procmux$5754.
    dead port 1/2 on $mux $techmap\dut.baseline.transition.$procmux$5757.
    dead port 2/2 on $mux $techmap\dut.baseline.transition.$procmux$5759.
    dead port 2/2 on $mux $techmap\dut.baseline.transition.$procmux$1965.
    dead port 2/2 on $mux $techmap\dut.baseline.transition.$procmux$4696.
    dead port 2/2 on $mux $techmap\dut.baseline.transition.$procmux$5774.
    dead port 2/2 on $mux $techmap\dut.baseline.transition.$procmux$5776.
    dead port 2/2 on $mux $techmap\dut.baseline.transition.$procmux$5778.
    dead port 1/2 on $mux $techmap\dut.baseline.transition.$procmux$5781.
    dead port 2/2 on $mux $techmap\dut.baseline.transition.$procmux$5783.
    dead port 2/2 on $mux $techmap\dut.baseline.transition.$procmux$5806.
    dead port 2/2 on $mux $techmap\dut.baseline.transition.$procmux$5808.
    dead port 2/2 on $mux $techmap\dut.baseline.transition.$procmux$1967.
    dead port 2/2 on $mux $techmap\dut.baseline.transition.$procmux$5810.
    dead port 1/2 on $mux $techmap\dut.baseline.transition.$procmux$5813.
    dead port 2/2 on $mux $techmap\dut.baseline.transition.$procmux$5815.
    dead port 1/2 on $mux $techmap\dut.baseline.transition.$procmux$1970.
    dead port 2/2 on $mux $techmap\dut.baseline.transition.$procmux$1972.
    dead port 2/2 on $mux $techmap\dut.baseline.transition.$procmux$5846.
    dead port 2/2 on $mux $techmap\dut.baseline.transition.$procmux$5848.
    dead port 2/2 on $mux $techmap\dut.baseline.transition.$procmux$5850.
    dead port 1/2 on $mux $techmap\dut.baseline.transition.$procmux$5853.
    dead port 2/2 on $mux $techmap\dut.baseline.transition.$procmux$5855.
    dead port 2/2 on $mux $techmap\dut.baseline.transition.$procmux$2005.
    dead port 2/2 on $mux $techmap\dut.baseline.transition.$procmux$2007.
    dead port 2/2 on $mux $techmap\dut.baseline.transition.$procmux$5882.
    dead port 2/2 on $mux $techmap\dut.baseline.transition.$procmux$5884.
    dead port 2/2 on $mux $techmap\dut.baseline.transition.$procmux$2009.
    dead port 2/2 on $mux $techmap\dut.baseline.transition.$procmux$5886.
    dead port 1/2 on $mux $techmap\dut.baseline.transition.$procmux$5889.
    dead port 2/2 on $mux $techmap\dut.baseline.transition.$procmux$5891.
    dead port 2/2 on $mux $techmap\dut.baseline.transition.$procmux$5902.
    dead port 2/2 on $mux $techmap\dut.baseline.transition.$procmux$4698.
    dead port 2/2 on $mux $techmap\dut.baseline.transition.$procmux$5904.
    dead port 1/2 on $mux $techmap\dut.baseline.transition.$procmux$5907.
    dead port 2/2 on $mux $techmap\dut.baseline.transition.$procmux$5909.
    dead port 2/2 on $mux $techmap\dut.baseline.transition.$procmux$5920.
    dead port 2/2 on $mux $techmap\dut.baseline.transition.$procmux$5922.
    dead port 1/2 on $mux $techmap\dut.baseline.transition.$procmux$5925.
    dead port 2/2 on $mux $techmap\dut.baseline.transition.$procmux$5927.
    dead port 2/2 on $mux $techmap\dut.baseline.transition.$procmux$5939.
    dead port 2/2 on $mux $techmap\dut.baseline.transition.$procmux$5941.
    dead port 2/2 on $mux $techmap\dut.baseline.transition.$procmux$5943.
    dead port 1/2 on $mux $techmap\dut.baseline.transition.$procmux$5946.
    dead port 2/2 on $mux $techmap\dut.baseline.transition.$procmux$5948.
    dead port 2/2 on $mux $techmap\dut.baseline.transition.$procmux$5960.
    dead port 2/2 on $mux $techmap\dut.baseline.transition.$procmux$5962.
    dead port 1/2 on $mux $techmap\dut.baseline.transition.$procmux$5965.
    dead port 2/2 on $mux $techmap\dut.baseline.transition.$procmux$5967.
    dead port 2/2 on $mux $techmap\dut.baseline.transition.$procmux$5980.
    dead port 2/2 on $mux $techmap\dut.baseline.transition.$procmux$5982.
    dead port 2/2 on $mux $techmap\dut.baseline.transition.$procmux$5984.
    dead port 1/2 on $mux $techmap\dut.baseline.transition.$procmux$5987.
    dead port 2/2 on $mux $techmap\dut.baseline.transition.$procmux$5989.
    dead port 2/2 on $mux $techmap\dut.baseline.transition.$procmux$6005.
    dead port 2/2 on $mux $techmap\dut.baseline.transition.$procmux$6007.
    dead port 2/2 on $mux $techmap\dut.baseline.transition.$procmux$6009.
    dead port 1/2 on $mux $techmap\dut.baseline.transition.$procmux$6012.
    dead port 2/2 on $mux $techmap\dut.baseline.transition.$procmux$6014.
    dead port 2/2 on $mux $techmap\dut.baseline.transition.$procmux$6032.
    dead port 2/2 on $mux $techmap\dut.baseline.transition.$procmux$6034.
    dead port 2/2 on $mux $techmap\dut.baseline.transition.$procmux$2011.
    dead port 2/2 on $mux $techmap\dut.baseline.transition.$procmux$6036.
    dead port 1/2 on $mux $techmap\dut.baseline.transition.$procmux$6039.
    dead port 2/2 on $mux $techmap\dut.baseline.transition.$procmux$6041.
    dead port 2/2 on $mux $techmap\dut.baseline.transition.$procmux$6061.
    dead port 2/2 on $mux $techmap\dut.baseline.transition.$procmux$6063.
    dead port 1/2 on $mux $techmap\dut.baseline.transition.$procmux$2014.
    dead port 2/2 on $mux $techmap\dut.baseline.transition.$procmux$6065.
    dead port 1/2 on $mux $techmap\dut.baseline.transition.$procmux$6068.
    dead port 2/2 on $mux $techmap\dut.baseline.transition.$procmux$6070.
    dead port 2/2 on $mux $techmap\dut.baseline.transition.$procmux$6092.
    dead port 2/2 on $mux $techmap\dut.baseline.transition.$procmux$6094.
    dead port 2/2 on $mux $techmap\dut.baseline.transition.$procmux$2016.
    dead port 2/2 on $mux $techmap\dut.baseline.transition.$procmux$6096.
    dead port 1/2 on $mux $techmap\dut.baseline.transition.$procmux$6099.
    dead port 2/2 on $mux $techmap\dut.baseline.transition.$procmux$6101.
    dead port 2/2 on $mux $techmap\dut.baseline.transition.$procmux$6125.
    dead port 2/2 on $mux $techmap\dut.baseline.transition.$procmux$6127.
    dead port 2/2 on $mux $techmap\dut.baseline.transition.$procmux$6129.
    dead port 1/2 on $mux $techmap\dut.baseline.transition.$procmux$6132.
    dead port 2/2 on $mux $techmap\dut.baseline.transition.$procmux$6134.
    dead port 2/2 on $mux $techmap\dut.baseline.transition.$procmux$6160.
    dead port 2/2 on $mux $techmap\dut.baseline.transition.$procmux$6162.
    dead port 2/2 on $mux $techmap\dut.baseline.transition.$procmux$6164.
    dead port 1/2 on $mux $techmap\dut.baseline.transition.$procmux$6167.
    dead port 2/2 on $mux $techmap\dut.baseline.transition.$procmux$6169.
    dead port 2/2 on $mux $techmap\dut.baseline.transition.$procmux$6197.
    dead port 2/2 on $mux $techmap\dut.baseline.transition.$procmux$6199.
    dead port 2/2 on $mux $techmap\dut.baseline.transition.$procmux$2041.
    dead port 2/2 on $mux $techmap\dut.baseline.transition.$procmux$6201.
    dead port 1/2 on $mux $techmap\dut.baseline.transition.$procmux$6204.
    dead port 2/2 on $mux $techmap\dut.baseline.transition.$procmux$6206.
    dead port 2/2 on $mux $techmap\dut.baseline.transition.$procmux$6236.
    dead port 2/2 on $mux $techmap\dut.baseline.transition.$procmux$6238.
    dead port 2/2 on $mux $techmap\dut.baseline.transition.$procmux$6240.
    dead port 1/2 on $mux $techmap\dut.baseline.transition.$procmux$6243.
    dead port 2/2 on $mux $techmap\dut.baseline.transition.$procmux$6245.
    dead port 2/2 on $mux $techmap\dut.baseline.transition.$procmux$6277.
    dead port 2/2 on $mux $techmap\dut.baseline.transition.$procmux$6279.
    dead port 2/2 on $mux $techmap\dut.baseline.transition.$procmux$2043.
    dead port 2/2 on $mux $techmap\dut.baseline.transition.$procmux$6281.
    dead port 1/2 on $mux $techmap\dut.baseline.transition.$procmux$6284.
    dead port 2/2 on $mux $techmap\dut.baseline.transition.$procmux$6286.
    dead port 2/2 on $mux $techmap\dut.baseline.transition.$procmux$6320.
    dead port 2/2 on $mux $techmap\dut.baseline.transition.$procmux$6322.
    dead port 2/2 on $mux $techmap\dut.baseline.transition.$procmux$2045.
    dead port 2/2 on $mux $techmap\dut.baseline.transition.$procmux$6324.
    dead port 1/2 on $mux $techmap\dut.baseline.transition.$procmux$6327.
    dead port 2/2 on $mux $techmap\dut.baseline.transition.$procmux$6329.
    dead port 2/2 on $mux $techmap\dut.baseline.transition.$procmux$6343.
    dead port 2/2 on $mux $techmap\dut.baseline.transition.$procmux$6345.
    dead port 2/2 on $mux $techmap\dut.baseline.transition.$procmux$1732.
    dead port 2/2 on $mux $techmap\dut.baseline.transition.$procmux$6347.
    dead port 1/2 on $mux $techmap\dut.baseline.transition.$procmux$6350.
    dead port 2/2 on $mux $techmap\dut.baseline.transition.$procmux$6352.
    dead port 2/2 on $mux $techmap\dut.baseline.transition.$procmux$6371.
    dead port 2/2 on $mux $techmap\dut.baseline.transition.$procmux$6373.
    dead port 2/2 on $mux $techmap\dut.baseline.transition.$procmux$6375.
    dead port 1/2 on $mux $techmap\dut.baseline.transition.$procmux$6378.
    dead port 2/2 on $mux $techmap\dut.baseline.transition.$procmux$6380.
    dead port 2/2 on $mux $techmap\dut.baseline.transition.$procmux$6403.
    dead port 2/2 on $mux $techmap\dut.baseline.transition.$procmux$6405.
    dead port 2/2 on $mux $techmap\dut.baseline.transition.$procmux$6407.
    dead port 1/2 on $mux $techmap\dut.baseline.transition.$procmux$6410.
    dead port 2/2 on $mux $techmap\dut.baseline.transition.$procmux$6412.
    dead port 2/2 on $mux $techmap\dut.baseline.transition.$procmux$6439.
    dead port 2/2 on $mux $techmap\dut.baseline.transition.$procmux$6441.
    dead port 2/2 on $mux $techmap\dut.baseline.transition.$procmux$6443.
    dead port 1/2 on $mux $techmap\dut.baseline.transition.$procmux$6446.
    dead port 2/2 on $mux $techmap\dut.baseline.transition.$procmux$6448.
    dead port 2/2 on $mux $techmap\dut.baseline.transition.$procmux$6479.
    dead port 2/2 on $mux $techmap\dut.baseline.transition.$procmux$6481.
    dead port 2/2 on $mux $techmap\dut.baseline.transition.$procmux$6483.
    dead port 1/2 on $mux $techmap\dut.baseline.transition.$procmux$6486.
    dead port 2/2 on $mux $techmap\dut.baseline.transition.$procmux$6488.
    dead port 2/2 on $mux $techmap\dut.baseline.transition.$procmux$6503.
    dead port 2/2 on $mux $techmap\dut.baseline.transition.$procmux$6505.
    dead port 2/2 on $mux $techmap\dut.baseline.transition.$procmux$6507.
    dead port 1/2 on $mux $techmap\dut.baseline.transition.$procmux$6510.
    dead port 2/2 on $mux $techmap\dut.baseline.transition.$procmux$6512.
    dead port 2/2 on $mux $techmap\dut.baseline.transition.$procmux$6533.
    dead port 2/2 on $mux $techmap\dut.baseline.transition.$procmux$6535.
    dead port 2/2 on $mux $techmap\dut.baseline.transition.$procmux$2047.
    dead port 2/2 on $mux $techmap\dut.baseline.transition.$procmux$6537.
    dead port 1/2 on $mux $techmap\dut.baseline.transition.$procmux$6540.
    dead port 2/2 on $mux $techmap\dut.baseline.transition.$procmux$6542.
    dead port 2/2 on $mux $techmap\dut.baseline.transition.$procmux$6571.
    dead port 2/2 on $mux $techmap\dut.baseline.transition.$procmux$6573.
    dead port 1/2 on $mux $techmap\dut.baseline.transition.$procmux$2050.
    dead port 2/2 on $mux $techmap\dut.baseline.transition.$procmux$6575.
    dead port 1/2 on $mux $techmap\dut.baseline.transition.$procmux$6578.
    dead port 2/2 on $mux $techmap\dut.baseline.transition.$procmux$6580.
    dead port 2/2 on $mux $techmap\dut.baseline.transition.$procmux$6597.
    dead port 2/2 on $mux $techmap\dut.baseline.transition.$procmux$6599.
    dead port 2/2 on $mux $techmap\dut.baseline.transition.$procmux$2052.
    dead port 2/2 on $mux $techmap\dut.baseline.transition.$procmux$6601.
    dead port 1/2 on $mux $techmap\dut.baseline.transition.$procmux$6604.
    dead port 2/2 on $mux $techmap\dut.baseline.transition.$procmux$6606.
    dead port 2/2 on $mux $techmap\dut.baseline.transition.$procmux$6639.
    dead port 2/2 on $mux $techmap\dut.baseline.transition.$procmux$6641.
    dead port 2/2 on $mux $techmap\dut.baseline.transition.$procmux$6643.
    dead port 1/2 on $mux $techmap\dut.baseline.transition.$procmux$6646.
    dead port 2/2 on $mux $techmap\dut.baseline.transition.$procmux$6648.
    dead port 2/2 on $mux $techmap\dut.baseline.transition.$procmux$6673.
    dead port 2/2 on $mux $techmap\dut.baseline.transition.$procmux$6675.
    dead port 2/2 on $mux $techmap\dut.baseline.transition.$procmux$6677.
    dead port 1/2 on $mux $techmap\dut.baseline.transition.$procmux$6680.
    dead port 2/2 on $mux $techmap\dut.baseline.transition.$procmux$6682.
    dead port 2/2 on $mux $techmap\dut.baseline.transition.$procmux$6695.
    dead port 2/2 on $mux $techmap\dut.baseline.transition.$procmux$6697.
    dead port 2/2 on $mux $techmap\dut.baseline.transition.$procmux$2066.
    dead port 2/2 on $mux $techmap\dut.baseline.transition.$procmux$6699.
    dead port 1/2 on $mux $techmap\dut.baseline.transition.$procmux$6702.
    dead port 2/2 on $mux $techmap\dut.baseline.transition.$procmux$6704.
    dead port 2/2 on $mux $techmap\dut.baseline.transition.$procmux$6721.
    dead port 2/2 on $mux $techmap\dut.baseline.transition.$procmux$6723.
    dead port 2/2 on $mux $techmap\dut.baseline.transition.$procmux$6725.
    dead port 1/2 on $mux $techmap\dut.baseline.transition.$procmux$6728.
    dead port 2/2 on $mux $techmap\dut.baseline.transition.$procmux$6730.
    dead port 2/2 on $mux $techmap\dut.baseline.transition.$procmux$2068.
    dead port 2/2 on $mux $techmap\dut.baseline.transition.$procmux$2070.
    dead port 2/2 on $mux $techmap\dut.baseline.transition.$procmux$6745.
    dead port 2/2 on $mux $techmap\dut.baseline.transition.$procmux$6747.
    dead port 2/2 on $mux $techmap\dut.baseline.transition.$procmux$4700.
    dead port 2/2 on $mux $techmap\dut.baseline.transition.$procmux$6749.
    dead port 1/2 on $mux $techmap\dut.baseline.transition.$procmux$6752.
    dead port 2/2 on $mux $techmap\dut.baseline.transition.$procmux$6754.
    dead port 2/2 on $mux $techmap\dut.baseline.transition.$procmux$6773.
    dead port 2/2 on $mux $techmap\dut.baseline.transition.$procmux$6775.
    dead port 2/2 on $mux $techmap\dut.baseline.transition.$procmux$6777.
    dead port 1/2 on $mux $techmap\dut.baseline.transition.$procmux$6780.
    dead port 2/2 on $mux $techmap\dut.baseline.transition.$procmux$6782.
    dead port 2/2 on $mux $techmap\dut.baseline.transition.$procmux$6803.
    dead port 2/2 on $mux $techmap\dut.baseline.transition.$procmux$6805.
    dead port 2/2 on $mux $techmap\dut.baseline.transition.$procmux$6807.
    dead port 1/2 on $mux $techmap\dut.baseline.transition.$procmux$6810.
    dead port 2/2 on $mux $techmap\dut.baseline.transition.$procmux$6812.
    dead port 2/2 on $mux $techmap\dut.baseline.transition.$procmux$6835.
    dead port 2/2 on $mux $techmap\dut.baseline.transition.$procmux$6837.
    dead port 2/2 on $mux $techmap\dut.baseline.transition.$procmux$2072.
    dead port 2/2 on $mux $techmap\dut.baseline.transition.$procmux$6839.
    dead port 1/2 on $mux $techmap\dut.baseline.transition.$procmux$6842.
    dead port 2/2 on $mux $techmap\dut.baseline.transition.$procmux$6844.
    dead port 1/2 on $mux $techmap\dut.baseline.transition.$procmux$2075.
    dead port 2/2 on $mux $techmap\dut.baseline.transition.$procmux$6869.
    dead port 2/2 on $mux $techmap\dut.baseline.transition.$procmux$6871.
    dead port 2/2 on $mux $techmap\dut.baseline.transition.$procmux$2077.
    dead port 2/2 on $mux $techmap\dut.baseline.transition.$procmux$6873.
    dead port 1/2 on $mux $techmap\dut.baseline.transition.$procmux$6876.
    dead port 2/2 on $mux $techmap\dut.baseline.transition.$procmux$6878.
    dead port 2/2 on $mux $techmap\dut.baseline.transition.$procmux$6905.
    dead port 2/2 on $mux $techmap\dut.baseline.transition.$procmux$6907.
    dead port 2/2 on $mux $techmap\dut.baseline.transition.$procmux$6909.
    dead port 1/2 on $mux $techmap\dut.baseline.transition.$procmux$6912.
    dead port 2/2 on $mux $techmap\dut.baseline.transition.$procmux$6914.
    dead port 2/2 on $mux $techmap\dut.baseline.transition.$procmux$2094.
    dead port 2/2 on $mux $techmap\dut.baseline.transition.$procmux$1895.
    dead port 2/2 on $mux $techmap\dut.baseline.transition.$procmux$6943.
    dead port 2/2 on $mux $techmap\dut.baseline.transition.$procmux$6945.
    dead port 2/2 on $mux $techmap\dut.baseline.transition.$procmux$6947.
    dead port 1/2 on $mux $techmap\dut.baseline.transition.$procmux$6950.
    dead port 2/2 on $mux $techmap\dut.baseline.transition.$procmux$6952.
    dead port 2/2 on $mux $techmap\dut.baseline.transition.$procmux$2096.
    dead port 2/2 on $mux $techmap\dut.baseline.transition.$procmux$6983.
    dead port 2/2 on $mux $techmap\dut.baseline.transition.$procmux$6985.
    dead port 2/2 on $mux $techmap\dut.baseline.transition.$procmux$2098.
    dead port 2/2 on $mux $techmap\dut.baseline.transition.$procmux$6987.
    dead port 1/2 on $mux $techmap\dut.baseline.transition.$procmux$6990.
    dead port 2/2 on $mux $techmap\dut.baseline.transition.$procmux$6992.
    dead port 1/2 on $mux $techmap\dut.baseline.transition.$procmux$4703.
    dead port 2/2 on $mux $techmap\dut.baseline.transition.$procmux$4705.
    dead port 2/2 on $mux $techmap\dut.baseline.transition.$procmux$7024.
    dead port 2/2 on $mux $techmap\dut.baseline.transition.$procmux$7026.
    dead port 2/2 on $mux $techmap\dut.baseline.transition.$procmux$7028.
    dead port 1/2 on $mux $techmap\dut.baseline.transition.$procmux$7031.
    dead port 2/2 on $mux $techmap\dut.baseline.transition.$procmux$7033.
    dead port 2/2 on $mux $techmap\dut.baseline.transition.$procmux$7047.
    dead port 2/2 on $mux $techmap\dut.baseline.transition.$procmux$7049.
    dead port 2/2 on $mux $techmap\dut.baseline.transition.$procmux$7051.
    dead port 1/2 on $mux $techmap\dut.baseline.transition.$procmux$7054.
    dead port 2/2 on $mux $techmap\dut.baseline.transition.$procmux$7056.
    dead port 2/2 on $mux $techmap\dut.baseline.transition.$procmux$2100.
    dead port 1/2 on $mux $techmap\dut.baseline.transition.$procmux$2103.
    dead port 2/2 on $mux $techmap\dut.baseline.transition.$procmux$7074.
    dead port 2/2 on $mux $techmap\dut.baseline.transition.$procmux$7076.
    dead port 2/2 on $mux $techmap\dut.baseline.transition.$procmux$2105.
    dead port 2/2 on $mux $techmap\dut.baseline.transition.$procmux$7078.
    dead port 1/2 on $mux $techmap\dut.baseline.transition.$procmux$7081.
    dead port 2/2 on $mux $techmap\dut.baseline.transition.$procmux$7083.
    dead port 2/2 on $mux $techmap\dut.baseline.transition.$procmux$2124.
    dead port 2/2 on $mux $techmap\dut.baseline.transition.$procmux$7105.
    dead port 2/2 on $mux $techmap\dut.baseline.transition.$procmux$7107.
    dead port 2/2 on $mux $techmap\dut.baseline.transition.$procmux$5453.
    dead port 2/2 on $mux $techmap\dut.baseline.transition.$procmux$7109.
    dead port 1/2 on $mux $techmap\dut.baseline.transition.$procmux$7112.
    dead port 2/2 on $mux $techmap\dut.baseline.transition.$procmux$7114.
    dead port 2/2 on $mux $techmap\dut.baseline.transition.$procmux$2126.
    dead port 2/2 on $mux $techmap\dut.baseline.transition.$procmux$2128.
    dead port 2/2 on $mux $techmap\dut.baseline.transition.$procmux$4735.
    dead port 2/2 on $mux $techmap\dut.baseline.transition.$procmux$7140.
    dead port 2/2 on $mux $techmap\dut.baseline.transition.$procmux$7142.
    dead port 2/2 on $mux $techmap\dut.baseline.transition.$procmux$4737.
    dead port 2/2 on $mux $techmap\dut.baseline.transition.$procmux$7144.
    dead port 1/2 on $mux $techmap\dut.baseline.transition.$procmux$7147.
    dead port 2/2 on $mux $techmap\dut.baseline.transition.$procmux$7149.
    dead port 2/2 on $mux $techmap\dut.baseline.transition.$procmux$4739.
    dead port 1/2 on $mux $techmap\dut.baseline.transition.$procmux$4742.
    dead port 2/2 on $mux $techmap\dut.baseline.transition.$procmux$7179.
    dead port 2/2 on $mux $techmap\dut.baseline.transition.$procmux$7181.
    dead port 2/2 on $mux $techmap\dut.baseline.transition.$procmux$4744.
    dead port 2/2 on $mux $techmap\dut.baseline.transition.$procmux$7183.
    dead port 1/2 on $mux $techmap\dut.baseline.transition.$procmux$7186.
    dead port 2/2 on $mux $techmap\dut.baseline.transition.$procmux$7188.
    dead port 2/2 on $mux $techmap\dut.baseline.transition.$procmux$2130.
    dead port 2/2 on $mux $techmap\dut.baseline.transition.$procmux$7220.
    dead port 2/2 on $mux $techmap\dut.baseline.transition.$procmux$7222.
    dead port 1/2 on $mux $techmap\dut.baseline.transition.$procmux$2133.
    dead port 2/2 on $mux $techmap\dut.baseline.transition.$procmux$7224.
    dead port 1/2 on $mux $techmap\dut.baseline.transition.$procmux$7227.
    dead port 2/2 on $mux $techmap\dut.baseline.transition.$procmux$7229.
    dead port 2/2 on $mux $techmap\dut.baseline.transition.$procmux$2135.
    dead port 2/2 on $mux $techmap\dut.baseline.transition.$procmux$7249.
    dead port 2/2 on $mux $techmap\dut.baseline.transition.$procmux$7251.
    dead port 2/2 on $mux $techmap\dut.baseline.transition.$procmux$2156.
    dead port 2/2 on $mux $techmap\dut.baseline.transition.$procmux$7253.
    dead port 1/2 on $mux $techmap\dut.baseline.transition.$procmux$7256.
    dead port 2/2 on $mux $techmap\dut.baseline.transition.$procmux$7258.
    dead port 2/2 on $mux $techmap\dut.baseline.transition.$procmux$1755.
    dead port 2/2 on $mux $techmap\dut.baseline.transition.$procmux$2158.
    dead port 2/2 on $mux $techmap\dut.baseline.transition.$procmux$2160.
    dead port 2/2 on $mux $techmap\dut.baseline.transition.$procmux$7274.
    dead port 2/2 on $mux $techmap\dut.baseline.transition.$procmux$7276.
    dead port 2/2 on $mux $techmap\dut.baseline.transition.$procmux$7278.
    dead port 1/2 on $mux $techmap\dut.baseline.transition.$procmux$7281.
    dead port 2/2 on $mux $techmap\dut.baseline.transition.$procmux$7283.
    dead port 2/2 on $mux $techmap\dut.baseline.transition.$procmux$4756.
    dead port 2/2 on $mux $techmap\dut.baseline.transition.$procmux$4758.
    dead port 2/2 on $mux $techmap\dut.baseline.transition.$procmux$1757.
    dead port 2/2 on $mux $techmap\dut.baseline.transition.$procmux$7307.
    dead port 2/2 on $mux $techmap\dut.baseline.transition.$procmux$7309.
    dead port 2/2 on $mux $techmap\dut.baseline.transition.$procmux$4760.
    dead port 2/2 on $mux $techmap\dut.baseline.transition.$procmux$7311.
    dead port 1/2 on $mux $techmap\dut.baseline.transition.$procmux$7314.
    dead port 2/2 on $mux $techmap\dut.baseline.transition.$procmux$7316.
    dead port 1/2 on $mux $techmap\dut.baseline.transition.$procmux$4763.
    dead port 2/2 on $mux $techmap\dut.baseline.transition.$procmux$2162.
    dead port 1/2 on $mux $techmap\dut.baseline.transition.$procmux$2165.
    dead port 2/2 on $mux $techmap\dut.baseline.transition.$procmux$7348.
    dead port 2/2 on $mux $techmap\dut.baseline.transition.$procmux$7350.
    dead port 2/2 on $mux $techmap\dut.baseline.transition.$procmux$2167.
    dead port 2/2 on $mux $techmap\dut.baseline.transition.$procmux$7352.
    dead port 1/2 on $mux $techmap\dut.baseline.transition.$procmux$7355.
    dead port 2/2 on $mux $techmap\dut.baseline.transition.$procmux$7357.
    dead port 2/2 on $mux $techmap\dut.baseline.transition.$procmux$4765.
    dead port 2/2 on $mux $techmap\dut.baseline.transition.$procmux$2190.
    dead port 2/2 on $mux $techmap\dut.baseline.transition.$procmux$7385.
    dead port 2/2 on $mux $techmap\dut.baseline.transition.$procmux$7387.
    dead port 2/2 on $mux $techmap\dut.baseline.transition.$procmux$7389.
    dead port 1/2 on $mux $techmap\dut.baseline.transition.$procmux$7392.
    dead port 2/2 on $mux $techmap\dut.baseline.transition.$procmux$7394.
    dead port 2/2 on $mux $techmap\dut.baseline.transition.$procmux$7406.
    dead port 2/2 on $mux $techmap\dut.baseline.transition.$procmux$2192.
    dead port 2/2 on $mux $techmap\dut.baseline.transition.$procmux$7408.
    dead port 1/2 on $mux $techmap\dut.baseline.transition.$procmux$7411.
    dead port 2/2 on $mux $techmap\dut.baseline.transition.$procmux$7413.
    dead port 2/2 on $mux $techmap\dut.baseline.transition.$procmux$7425.
    dead port 2/2 on $mux $techmap\dut.baseline.transition.$procmux$2194.
    dead port 2/2 on $mux $techmap\dut.baseline.transition.$procmux$7427.
    dead port 1/2 on $mux $techmap\dut.baseline.transition.$procmux$7430.
    dead port 2/2 on $mux $techmap\dut.baseline.transition.$procmux$7432.
    dead port 2/2 on $mux $techmap\dut.baseline.transition.$procmux$7445.
    dead port 2/2 on $mux $techmap\dut.baseline.transition.$procmux$7447.
    dead port 2/2 on $mux $techmap\dut.baseline.transition.$procmux$1759.
    dead port 2/2 on $mux $techmap\dut.baseline.transition.$procmux$7449.
    dead port 1/2 on $mux $techmap\dut.baseline.transition.$procmux$7452.
    dead port 2/2 on $mux $techmap\dut.baseline.transition.$procmux$7454.
    dead port 2/2 on $mux $techmap\dut.baseline.transition.$procmux$4781.
    dead port 2/2 on $mux $techmap\dut.baseline.transition.$procmux$4783.
    dead port 2/2 on $mux $techmap\dut.baseline.transition.$procmux$4785.
    dead port 2/2 on $mux $techmap\dut.baseline.transition.$procmux$2196.
    dead port 1/2 on $mux $techmap\dut.baseline.transition.$procmux$2199.
    dead port 2/2 on $mux $techmap\dut.baseline.transition.$procmux$2201.
    dead port 2/2 on $mux $techmap\dut.baseline.transition.$procmux$7465.
    dead port 1/2 on $mux $techmap\dut.baseline.transition.$procmux$7468.
    dead port 2/2 on $mux $techmap\dut.baseline.transition.$procmux$7470.
    dead port 2/2 on $mux $techmap\dut.baseline.transition.$procmux$7481.
    dead port 2/2 on $mux $techmap\dut.baseline.transition.$procmux$7483.
    dead port 2/2 on $mux $techmap\dut.baseline.transition.$procmux$7485.
    dead port 1/2 on $mux $techmap\dut.baseline.transition.$procmux$7488.
    dead port 2/2 on $mux $techmap\dut.baseline.transition.$procmux$7490.
    dead port 1/2 on $mux $techmap\dut.baseline.transition.$procmux$7518.
    dead port 2/2 on $mux $techmap\dut.baseline.transition.$procmux$7520.
    dead port 1/2 on $mux $techmap\dut.baseline.transition.$procmux$7527.
    dead port 2/2 on $mux $techmap\dut.baseline.transition.$procmux$7529.
    dead port 2/2 on $mux $techmap\dut.baseline.transition.$procmux$7535.
    dead port 2/2 on $mux $techmap\dut.baseline.transition.$procmux$7541.
    dead port 2/2 on $mux $techmap\dut.baseline.transition.$procmux$7548.
    dead port 2/2 on $mux $techmap\dut.baseline.transition.$procmux$7550.
    dead port 2/2 on $mux $techmap\dut.baseline.transition.$procmux$7557.
    dead port 2/2 on $mux $techmap\dut.baseline.transition.$procmux$7559.
    dead port 2/2 on $mux $techmap\dut.baseline.transition.$procmux$7565.
    dead port 2/2 on $mux $techmap\dut.baseline.transition.$procmux$7571.
    dead port 2/2 on $mux $techmap\dut.baseline.transition.$procmux$7578.
    dead port 2/2 on $mux $techmap\dut.baseline.transition.$procmux$7580.
    dead port 2/2 on $mux $techmap\dut.baseline.transition.$procmux$7592.
    dead port 2/2 on $mux $techmap\dut.baseline.transition.$procmux$7607.
    dead port 2/2 on $mux $techmap\dut.baseline.transition.$procmux$7613.
    dead port 2/2 on $mux $techmap\dut.baseline.transition.$procmux$7619.
    dead port 2/2 on $mux $techmap\dut.baseline.transition.$procmux$7625.
    dead port 2/2 on $mux $techmap\dut.baseline.transition.$procmux$7631.
    dead port 2/2 on $mux $techmap\dut.baseline.transition.$procmux$7637.
    dead port 2/2 on $mux $techmap\dut.baseline.transition.$procmux$7643.
    dead port 2/2 on $mux $techmap\dut.baseline.transition.$procmux$7649.
    dead port 2/2 on $mux $techmap\dut.baseline.transition.$procmux$2226.
    dead port 2/2 on $mux $techmap\dut.baseline.transition.$procmux$2228.
    dead port 2/2 on $mux $techmap\dut.baseline.transition.$procmux$2230.
    dead port 1/2 on $mux $techmap\dut.baseline.transition.$procmux$4788.
    dead port 2/2 on $mux $techmap\dut.baseline.transition.$procmux$1141.
    dead port 2/2 on $mux $techmap\dut.baseline.transition.$procmux$1147.
    dead port 2/2 on $mux $techmap\dut.baseline.transition.$procmux$2232.
    dead port 1/2 on $mux $techmap\dut.baseline.transition.$procmux$2235.
    dead port 2/2 on $mux $techmap\dut.baseline.transition.$procmux$2237.
    dead port 2/2 on $mux $techmap\dut.baseline.transition.$procmux$2264.
    dead port 2/2 on $mux $techmap\dut.baseline.transition.$procmux$1153.
    dead port 2/2 on $mux $techmap\dut.baseline.transition.$procmux$2266.
    dead port 2/2 on $mux $techmap\dut.baseline.transition.$procmux$2268.
    dead port 2/2 on $mux $techmap\dut.baseline.transition.$procmux$4790.
    dead port 2/2 on $mux $techmap\dut.baseline.transition.$procmux$1159.
    dead port 2/2 on $mux $techmap\dut.baseline.transition.$procmux$1165.
    dead port 2/2 on $mux $techmap\dut.baseline.transition.$procmux$2270.
    dead port 1/2 on $mux $techmap\dut.baseline.transition.$procmux$2273.
    dead port 2/2 on $mux $techmap\dut.baseline.transition.$procmux$2275.
    dead port 2/2 on $mux $techmap\dut.baseline.transition.$procmux$1171.
    dead port 2/2 on $mux $techmap\dut.baseline.transition.$procmux$2304.
    dead port 2/2 on $mux $techmap\dut.baseline.transition.$procmux$2306.
    dead port 2/2 on $mux $techmap\dut.baseline.transition.$procmux$2308.
    dead port 2/2 on $mux $techmap\dut.baseline.transition.$procmux$1177.
    dead port 2/2 on $mux $techmap\dut.baseline.transition.$procmux$1183.
    dead port 2/2 on $mux $techmap\dut.baseline.transition.$procmux$2310.
    dead port 1/2 on $mux $techmap\dut.baseline.transition.$procmux$2313.
    dead port 2/2 on $mux $techmap\dut.baseline.transition.$procmux$2315.
    dead port 2/2 on $mux $techmap\dut.baseline.transition.$procmux$2346.
    dead port 2/2 on $mux $techmap\dut.baseline.transition.$procmux$2348.
    dead port 2/2 on $mux $techmap\dut.baseline.transition.$procmux$2350.
    dead port 2/2 on $mux $techmap\dut.baseline.transition.$procmux$4810.
    dead port 2/2 on $mux $techmap\dut.baseline.transition.$procmux$2352.
    dead port 1/2 on $mux $techmap\dut.baseline.transition.$procmux$2355.
    dead port 2/2 on $mux $techmap\dut.baseline.transition.$procmux$2357.
    dead port 2/2 on $mux $techmap\dut.baseline.transition.$procmux$2390.
    dead port 2/2 on $mux $techmap\dut.baseline.transition.$procmux$2392.
    dead port 2/2 on $mux $techmap\dut.baseline.transition.$procmux$2394.
    dead port 2/2 on $mux $techmap\dut.baseline.transition.$procmux$4812.
    dead port 2/2 on $mux $techmap\dut.baseline.transition.$procmux$1761.
    dead port 2/2 on $mux $techmap\dut.baseline.transition.$procmux$4814.
    dead port 1/2 on $mux $techmap\dut.baseline.transition.$procmux$4817.
    dead port 2/2 on $mux $techmap\dut.baseline.transition.$procmux$4819.
    dead port 1/2 on $mux $techmap\dut.baseline.transition.$procmux$1764.
    dead port 2/2 on $mux $techmap\dut.baseline.transition.$procmux$2396.
    dead port 1/2 on $mux $techmap\dut.baseline.transition.$procmux$2399.
    dead port 2/2 on $mux $techmap\dut.baseline.transition.$procmux$2401.
    dead port 2/2 on $mux $techmap\dut.baseline.transition.$procmux$1205.
    dead port 2/2 on $mux $techmap\dut.baseline.transition.$procmux$2436.
    dead port 1/2 on $mux $techmap\dut.baseline.transition.$procmux$1208.
    dead port 2/2 on $mux $techmap\dut.baseline.transition.$procmux$2438.
    dead port 2/2 on $mux $techmap\dut.baseline.transition.$procmux$2440.
    dead port 2/2 on $mux $techmap\dut.baseline.transition.$procmux$1766.
    dead port 2/2 on $mux $techmap\dut.baseline.transition.$procmux$1210.
    dead port 2/2 on $mux $techmap\dut.baseline.transition.$procmux$2442.
    dead port 1/2 on $mux $techmap\dut.baseline.transition.$procmux$2445.
    dead port 2/2 on $mux $techmap\dut.baseline.transition.$procmux$2447.
    dead port 2/2 on $mux $techmap\dut.baseline.transition.$procmux$1221.
    dead port 2/2 on $mux $techmap\dut.baseline.transition.$procmux$2462.
    dead port 2/2 on $mux $techmap\dut.baseline.transition.$procmux$1223.
    dead port 2/2 on $mux $techmap\dut.baseline.transition.$procmux$4843.
    dead port 2/2 on $mux $techmap\dut.baseline.transition.$procmux$4845.
    dead port 2/2 on $mux $techmap\dut.baseline.transition.$procmux$2464.
    dead port 2/2 on $mux $techmap\dut.baseline.transition.$procmux$2466.
    dead port 2/2 on $mux $techmap\dut.baseline.transition.$procmux$4847.
    dead port 1/2 on $mux $techmap\dut.baseline.transition.$procmux$4850.
    dead port 2/2 on $mux $techmap\dut.baseline.transition.$procmux$5455.
    dead port 2/2 on $mux $techmap\dut.baseline.transition.$procmux$2468.
    dead port 1/2 on $mux $techmap\dut.baseline.transition.$procmux$2471.
    dead port 2/2 on $mux $techmap\dut.baseline.transition.$procmux$2473.
    dead port 2/2 on $mux $techmap\dut.baseline.transition.$procmux$4852.
    dead port 2/2 on $mux $techmap\dut.baseline.transition.$procmux$2493.
    dead port 2/2 on $mux $techmap\dut.baseline.transition.$procmux$1225.
    dead port 2/2 on $mux $techmap\dut.baseline.transition.$procmux$2495.
    dead port 2/2 on $mux $techmap\dut.baseline.transition.$procmux$2497.
    dead port 1/2 on $mux $techmap\dut.baseline.transition.$procmux$1228.
    dead port 2/2 on $mux $techmap\dut.baseline.transition.$procmux$1230.
    dead port 2/2 on $mux $techmap\dut.baseline.transition.$procmux$2499.
    dead port 1/2 on $mux $techmap\dut.baseline.transition.$procmux$2502.
    dead port 2/2 on $mux $techmap\dut.baseline.transition.$procmux$2504.
    dead port 2/2 on $mux $techmap\dut.baseline.transition.$procmux$2528.
    dead port 2/2 on $mux $techmap\dut.baseline.transition.$procmux$1243.
    dead port 2/2 on $mux $techmap\dut.baseline.transition.$procmux$2530.
    dead port 2/2 on $mux $techmap\dut.baseline.transition.$procmux$2532.
    dead port 2/2 on $mux $techmap\dut.baseline.transition.$procmux$1793.
    dead port 2/2 on $mux $techmap\dut.baseline.transition.$procmux$1245.
    dead port 2/2 on $mux $techmap\dut.baseline.transition.$procmux$2534.
    dead port 1/2 on $mux $techmap\dut.baseline.transition.$procmux$2537.
    dead port 2/2 on $mux $techmap\dut.baseline.transition.$procmux$2539.
    dead port 2/2 on $mux $techmap\dut.baseline.transition.$procmux$2567.
    dead port 2/2 on $mux $techmap\dut.baseline.transition.$procmux$2569.
    dead port 2/2 on $mux $techmap\dut.baseline.transition.$procmux$2571.
    dead port 2/2 on $mux $techmap\dut.baseline.transition.$procmux$1795.
    dead port 2/2 on $mux $techmap\dut.baseline.transition.$procmux$4880.
    dead port 2/2 on $mux $techmap\dut.baseline.transition.$procmux$4882.
    dead port 2/2 on $mux $techmap\dut.baseline.transition.$procmux$1797.
    dead port 2/2 on $mux $techmap\dut.baseline.transition.$procmux$4884.
    dead port 1/2 on $mux $techmap\dut.baseline.transition.$procmux$4887.
    dead port 2/2 on $mux $techmap\dut.baseline.transition.$procmux$4889.
    dead port 2/2 on $mux $techmap\dut.baseline.transition.$procmux$1897.
    dead port 2/2 on $mux $techmap\dut.baseline.transition.$procmux$4919.
    dead port 2/2 on $mux $techmap\dut.baseline.transition.$procmux$4921.
    dead port 2/2 on $mux $techmap\dut.baseline.transition.$procmux$4923.
    dead port 1/2 on $mux $techmap\dut.baseline.transition.$procmux$4926.
    dead port 2/2 on $mux $techmap\dut.baseline.transition.$procmux$4928.
    dead port 2/2 on $mux $techmap\dut.baseline.transition.$procmux$4946.
    dead port 2/2 on $mux $techmap\dut.baseline.transition.$procmux$4948.
    dead port 2/2 on $mux $techmap\law.$procmux$1141.
    dead port 2/2 on $mux $techmap\law.$procmux$1147.
    dead port 2/2 on $mux $techmap\law.$procmux$1153.
    dead port 2/2 on $mux $techmap\law.$procmux$1159.
    dead port 2/2 on $mux $techmap\law.$procmux$1165.
    dead port 2/2 on $mux $techmap\law.$procmux$1171.
    dead port 2/2 on $mux $techmap\law.$procmux$1177.
    dead port 2/2 on $mux $techmap\law.$procmux$1183.
    dead port 2/2 on $mux $techmap\law.$procmux$1205.
    dead port 1/2 on $mux $techmap\law.$procmux$1208.
    dead port 2/2 on $mux $techmap\law.$procmux$1210.
    dead port 2/2 on $mux $techmap\dut.baseline.transition.$procmux$1247.
    dead port 1/2 on $mux $techmap\dut.baseline.transition.$procmux$1250.
    dead port 2/2 on $mux $techmap\law.$procmux$1221.
    dead port 2/2 on $mux $techmap\law.$procmux$1223.
    dead port 2/2 on $mux $techmap\dut.baseline.transition.$procmux$4950.
    dead port 2/2 on $mux $techmap\dut.baseline.transition.$procmux$1252.
    dead port 2/2 on $mux $techmap\dut.baseline.transition.$procmux$1263.
    dead port 2/2 on $mux $techmap\dut.baseline.transition.$procmux$2573.
    dead port 1/2 on $mux $techmap\dut.baseline.transition.$procmux$2576.
    dead port 2/2 on $mux $techmap\law.$procmux$1225.
    dead port 1/2 on $mux $techmap\law.$procmux$1228.
    dead port 2/2 on $mux $techmap\law.$procmux$1230.
    dead port 2/2 on $mux $techmap\dut.baseline.transition.$procmux$2578.
    dead port 2/2 on $mux $techmap\law.$procmux$1243.
    dead port 2/2 on $mux $techmap\law.$procmux$1245.
    dead port 1/2 on $mux $techmap\dut.baseline.transition.$procmux$4953.
    dead port 2/2 on $mux $techmap\dut.baseline.transition.$procmux$2610.
    dead port 2/2 on $mux $techmap\dut.baseline.transition.$procmux$1265.
    dead port 2/2 on $mux $techmap\dut.baseline.transition.$procmux$2612.
    dead port 2/2 on $mux $techmap\dut.baseline.transition.$procmux$2614.
    dead port 2/2 on $mux $techmap\dut.baseline.transition.$procmux$4955.
    dead port 2/2 on $mux $techmap\law.$procmux$1247.
    dead port 1/2 on $mux $techmap\law.$procmux$1250.
    dead port 2/2 on $mux $techmap\law.$procmux$1252.
    dead port 2/2 on $mux $techmap\law.$procmux$1263.
    dead port 2/2 on $mux $techmap\dut.baseline.transition.$procmux$1267.
    dead port 2/2 on $mux $techmap\law.$procmux$1265.
    dead port 2/2 on $mux $techmap\law.$procmux$1267.
    dead port 2/2 on $mux $techmap\dut.baseline.transition.$procmux$1799.
    dead port 2/2 on $mux $techmap\dut.baseline.transition.$procmux$2616.
    dead port 2/2 on $mux $techmap\law.$procmux$1269.
    dead port 1/2 on $mux $techmap\law.$procmux$1272.
    dead port 2/2 on $mux $techmap\law.$procmux$1274.
    dead port 1/2 on $mux $techmap\dut.baseline.transition.$procmux$2619.
    dead port 2/2 on $mux $techmap\dut.baseline.transition.$procmux$2621.
    dead port 2/2 on $mux $techmap\law.$procmux$1287.
    dead port 2/2 on $mux $techmap\law.$procmux$1289.
    dead port 1/2 on $mux $techmap\dut.baseline.transition.$procmux$1802.
    dead port 2/2 on $mux $techmap\dut.baseline.transition.$procmux$2637.
    dead port 2/2 on $mux $techmap\dut.baseline.transition.$procmux$2639.
    dead port 2/2 on $mux $techmap\law.$procmux$1291.
    dead port 1/2 on $mux $techmap\law.$procmux$1294.
    dead port 2/2 on $mux $techmap\law.$procmux$1296.
    dead port 2/2 on $mux $techmap\dut.baseline.transition.$procmux$2641.
    dead port 2/2 on $mux $techmap\dut.baseline.transition.$procmux$1804.
    dead port 2/2 on $mux $techmap\dut.baseline.transition.$procmux$1269.
    dead port 1/2 on $mux $techmap\dut.baseline.transition.$procmux$1272.
    dead port 2/2 on $mux $techmap\law.$procmux$1308.
    dead port 2/2 on $mux $techmap\law.$procmux$1310.
    dead port 2/2 on $mux $techmap\dut.baseline.transition.$procmux$4969.
    dead port 2/2 on $mux $techmap\dut.baseline.transition.$procmux$1274.
    dead port 2/2 on $mux $techmap\dut.baseline.transition.$procmux$2643.
    dead port 1/2 on $mux $techmap\dut.baseline.transition.$procmux$2646.
    dead port 2/2 on $mux $techmap\law.$procmux$1312.
    dead port 1/2 on $mux $techmap\law.$procmux$1315.
    dead port 2/2 on $mux $techmap\law.$procmux$1317.
    dead port 2/2 on $mux $techmap\law.$procmux$1333.
    dead port 2/2 on $mux $techmap\dut.baseline.transition.$procmux$2648.
    dead port 2/2 on $mux $techmap\law.$procmux$1335.
    dead port 2/2 on $mux $techmap\law.$procmux$1337.
    dead port 2/2 on $mux $techmap\dut.baseline.transition.$procmux$4971.
    dead port 2/2 on $mux $techmap\dut.baseline.transition.$procmux$2670.
    dead port 2/2 on $mux $techmap\dut.baseline.transition.$procmux$1287.
    dead port 2/2 on $mux $techmap\dut.baseline.transition.$procmux$2672.
    dead port 2/2 on $mux $techmap\law.$procmux$1339.
    dead port 1/2 on $mux $techmap\law.$procmux$1342.
    dead port 2/2 on $mux $techmap\law.$procmux$1344.
    dead port 2/2 on $mux $techmap\law.$procmux$1362.
    dead port 2/2 on $mux $techmap\dut.baseline.transition.$procmux$2674.
    dead port 2/2 on $mux $techmap\law.$procmux$1364.
    dead port 2/2 on $mux $techmap\law.$procmux$1366.
    dead port 2/2 on $mux $techmap\dut.baseline.transition.$procmux$4973.
    dead port 2/2 on $mux $techmap\dut.baseline.transition.$procmux$1289.
    dead port 1/2 on $mux $techmap\dut.baseline.transition.$procmux$4976.
    dead port 2/2 on $mux $techmap\law.$procmux$1368.
    dead port 1/2 on $mux $techmap\law.$procmux$1371.
    dead port 2/2 on $mux $techmap\law.$procmux$1373.
    dead port 2/2 on $mux $techmap\law.$procmux$1393.
    dead port 2/2 on $mux $techmap\law.$procmux$1395.
    dead port 2/2 on $mux $techmap\law.$procmux$1397.
    dead port 2/2 on $mux $techmap\dut.baseline.transition.$procmux$4978.
    dead port 2/2 on $mux $techmap\dut.baseline.transition.$procmux$2676.
    dead port 1/2 on $mux $techmap\dut.baseline.transition.$procmux$2679.
    dead port 2/2 on $mux $techmap\dut.baseline.transition.$procmux$2681.
    dead port 2/2 on $mux $techmap\law.$procmux$1399.
    dead port 1/2 on $mux $techmap\law.$procmux$1402.
    dead port 2/2 on $mux $techmap\law.$procmux$1404.
    dead port 2/2 on $mux $techmap\law.$procmux$1426.
    dead port 2/2 on $mux $techmap\dut.baseline.transition.$procmux$2711.
    dead port 2/2 on $mux $techmap\law.$procmux$1428.
    dead port 2/2 on $mux $techmap\law.$procmux$1430.
    dead port 2/2 on $mux $techmap\dut.baseline.transition.$procmux$2713.
    dead port 2/2 on $mux $techmap\dut.baseline.transition.$procmux$2715.
    dead port 2/2 on $mux $techmap\dut.baseline.transition.$procmux$1291.
    dead port 2/2 on $mux $techmap\law.$procmux$1432.
    dead port 1/2 on $mux $techmap\law.$procmux$1435.
    dead port 2/2 on $mux $techmap\law.$procmux$1437.
    dead port 2/2 on $mux $techmap\law.$procmux$1461.
    dead port 1/2 on $mux $techmap\dut.baseline.transition.$procmux$1294.
    dead port 2/2 on $mux $techmap\law.$procmux$1463.
    dead port 2/2 on $mux $techmap\law.$procmux$1465.
    dead port 2/2 on $mux $techmap\dut.baseline.transition.$procmux$1835.
    dead port 2/2 on $mux $techmap\dut.baseline.transition.$procmux$1296.
    dead port 2/2 on $mux $techmap\dut.baseline.transition.$procmux$2717.
    dead port 1/2 on $mux $techmap\dut.baseline.transition.$procmux$2720.
    dead port 2/2 on $mux $techmap\law.$procmux$1467.
    dead port 1/2 on $mux $techmap\law.$procmux$1470.
    dead port 2/2 on $mux $techmap\law.$procmux$1472.
    dead port 2/2 on $mux $techmap\law.$procmux$1498.
    dead port 2/2 on $mux $techmap\dut.baseline.transition.$procmux$2722.
    dead port 2/2 on $mux $techmap\law.$procmux$1500.
    dead port 2/2 on $mux $techmap\law.$procmux$1502.
    dead port 2/2 on $mux $techmap\dut.baseline.transition.$procmux$2740.
    dead port 2/2 on $mux $techmap\dut.baseline.transition.$procmux$2742.
    dead port 2/2 on $mux $techmap\law.$procmux$1504.
    dead port 1/2 on $mux $techmap\law.$procmux$1507.
    dead port 2/2 on $mux $techmap\law.$procmux$1509.
    dead port 2/2 on $mux $techmap\law.$procmux$1537.
    dead port 2/2 on $mux $techmap\dut.baseline.transition.$procmux$2744.
    dead port 2/2 on $mux $techmap\law.$procmux$1539.
    dead port 2/2 on $mux $techmap\law.$procmux$1541.
    dead port 2/2 on $mux $techmap\dut.baseline.transition.$procmux$5000.
    dead port 2/2 on $mux $techmap\dut.baseline.transition.$procmux$5002.
    dead port 2/2 on $mux $techmap\dut.baseline.transition.$procmux$1308.
    dead port 2/2 on $mux $techmap\dut.baseline.transition.$procmux$1310.
    dead port 2/2 on $mux $techmap\dut.baseline.transition.$procmux$1837.
    dead port 2/2 on $mux $techmap\law.$procmux$1543.
    dead port 1/2 on $mux $techmap\law.$procmux$1546.
    dead port 2/2 on $mux $techmap\law.$procmux$1548.
    dead port 2/2 on $mux $techmap\law.$procmux$1578.
    dead port 2/2 on $mux $techmap\law.$procmux$1580.
    dead port 2/2 on $mux $techmap\law.$procmux$1582.
    dead port 2/2 on $mux $techmap\dut.baseline.transition.$procmux$5004.
    dead port 2/2 on $mux $techmap\dut.baseline.transition.$procmux$2746.
    dead port 1/2 on $mux $techmap\dut.baseline.transition.$procmux$2749.
    dead port 2/2 on $mux $techmap\dut.baseline.transition.$procmux$2751.
    dead port 2/2 on $mux $techmap\law.$procmux$1584.
    dead port 1/2 on $mux $techmap\law.$procmux$1587.
    dead port 2/2 on $mux $techmap\law.$procmux$1589.
    dead port 2/2 on $mux $techmap\law.$procmux$1621.
    dead port 2/2 on $mux $techmap\dut.baseline.transition.$procmux$2785.
    dead port 2/2 on $mux $techmap\law.$procmux$1623.
    dead port 2/2 on $mux $techmap\law.$procmux$1625.
    dead port 1/2 on $mux $techmap\dut.baseline.transition.$procmux$5007.
    dead port 2/2 on $mux $techmap\dut.baseline.transition.$procmux$2787.
    dead port 2/2 on $mux $techmap\dut.baseline.transition.$procmux$2789.
    dead port 2/2 on $mux $techmap\dut.baseline.transition.$procmux$5009.
    dead port 2/2 on $mux $techmap\law.$procmux$1627.
    dead port 1/2 on $mux $techmap\law.$procmux$1630.
    dead port 2/2 on $mux $techmap\law.$procmux$1632.
    dead port 2/2 on $mux $techmap\law.$procmux$1666.
    dead port 2/2 on $mux $techmap\law.$procmux$1668.
    dead port 2/2 on $mux $techmap\law.$procmux$1670.
    dead port 2/2 on $mux $techmap\dut.baseline.transition.$procmux$1839.
    dead port 2/2 on $mux $techmap\dut.baseline.transition.$procmux$1312.
    dead port 1/2 on $mux $techmap\dut.baseline.transition.$procmux$1315.
    dead port 2/2 on $mux $techmap\dut.baseline.transition.$procmux$1317.
    dead port 2/2 on $mux $techmap\dut.baseline.transition.$procmux$2791.
    dead port 1/2 on $mux $techmap\dut.baseline.transition.$procmux$2794.
    dead port 2/2 on $mux $techmap\law.$procmux$1672.
    dead port 1/2 on $mux $techmap\law.$procmux$1675.
    dead port 2/2 on $mux $techmap\law.$procmux$1677.
    dead port 2/2 on $mux $techmap\law.$procmux$1691.
    dead port 2/2 on $mux $techmap\dut.baseline.transition.$procmux$2796.
    dead port 2/2 on $mux $techmap\law.$procmux$1693.
    dead port 2/2 on $mux $techmap\law.$procmux$1695.
    dead port 2/2 on $mux $techmap\dut.baseline.transition.$procmux$4658.
    dead port 2/2 on $mux $techmap\dut.baseline.transition.$procmux$2822.
    dead port 2/2 on $mux $techmap\dut.baseline.transition.$procmux$2824.
    dead port 2/2 on $mux $techmap\law.$procmux$1697.
    dead port 1/2 on $mux $techmap\law.$procmux$1700.
    dead port 2/2 on $mux $techmap\law.$procmux$1702.
    dead port 2/2 on $mux $techmap\law.$procmux$1721.
    dead port 2/2 on $mux $techmap\dut.baseline.transition.$procmux$2826.
    dead port 2/2 on $mux $techmap\law.$procmux$1723.
    dead port 2/2 on $mux $techmap\law.$procmux$1725.
    dead port 2/2 on $mux $techmap\dut.baseline.transition.$procmux$4660.
    dead port 2/2 on $mux $techmap\dut.baseline.transition.$procmux$5039.
    dead port 2/2 on $mux $techmap\dut.baseline.transition.$procmux$1333.
    dead port 2/2 on $mux $techmap\dut.baseline.transition.$procmux$5041.
    dead port 2/2 on $mux $techmap\dut.baseline.transition.$procmux$1335.
    dead port 2/2 on $mux $techmap\dut.baseline.transition.$procmux$1337.
    dead port 2/2 on $mux $techmap\law.$procmux$1727.
    dead port 1/2 on $mux $techmap\law.$procmux$1730.
    dead port 2/2 on $mux $techmap\law.$procmux$1732.
    dead port 2/2 on $mux $techmap\law.$procmux$1755.
    dead port 2/2 on $mux $techmap\law.$procmux$1757.
    dead port 2/2 on $mux $techmap\law.$procmux$1759.
    dead port 2/2 on $mux $techmap\dut.baseline.transition.$procmux$5043.
    dead port 2/2 on $mux $techmap\dut.baseline.transition.$procmux$2828.
    dead port 1/2 on $mux $techmap\dut.baseline.transition.$procmux$2831.
    dead port 2/2 on $mux $techmap\dut.baseline.transition.$procmux$2833.
    dead port 2/2 on $mux $techmap\law.$procmux$1761.
    dead port 1/2 on $mux $techmap\law.$procmux$1764.
    dead port 2/2 on $mux $techmap\law.$procmux$1766.
    dead port 2/2 on $mux $techmap\law.$procmux$1793.
    dead port 2/2 on $mux $techmap\dut.baseline.transition.$procmux$2846.
    dead port 2/2 on $mux $techmap\law.$procmux$1795.
    dead port 2/2 on $mux $techmap\law.$procmux$1797.
    dead port 1/2 on $mux $techmap\dut.baseline.transition.$procmux$5046.
    dead port 2/2 on $mux $techmap\dut.baseline.transition.$procmux$5048.
    dead port 2/2 on $mux $techmap\dut.baseline.transition.$procmux$2848.
    dead port 2/2 on $mux $techmap\dut.baseline.transition.$procmux$2850.
    dead port 2/2 on $mux $techmap\law.$procmux$1799.
    dead port 1/2 on $mux $techmap\law.$procmux$1802.
    dead port 2/2 on $mux $techmap\law.$procmux$1804.
    dead port 2/2 on $mux $techmap\law.$procmux$1835.
    dead port 2/2 on $mux $techmap\law.$procmux$1837.
    dead port 2/2 on $mux $techmap\law.$procmux$1839.
    dead port 2/2 on $mux $techmap\dut.baseline.transition.$procmux$1339.
    dead port 1/2 on $mux $techmap\dut.baseline.transition.$procmux$1342.
    dead port 2/2 on $mux $techmap\dut.baseline.transition.$procmux$2852.
    dead port 1/2 on $mux $techmap\dut.baseline.transition.$procmux$2855.
    dead port 2/2 on $mux $techmap\law.$procmux$1841.
    dead port 1/2 on $mux $techmap\law.$procmux$1844.
    dead port 2/2 on $mux $techmap\law.$procmux$1846.
    dead port 2/2 on $mux $techmap\law.$procmux$1861.
    dead port 2/2 on $mux $techmap\dut.baseline.transition.$procmux$2857.
    dead port 2/2 on $mux $techmap\law.$procmux$1863.
    dead port 2/2 on $mux $techmap\law.$procmux$1865.
    dead port 2/2 on $mux $techmap\dut.baseline.transition.$procmux$1344.
    dead port 2/2 on $mux $techmap\dut.baseline.transition.$procmux$2867.
    dead port 2/2 on $mux $techmap\dut.baseline.transition.$procmux$2869.
    dead port 2/2 on $mux $techmap\dut.baseline.transition.$procmux$5074.
    dead port 2/2 on $mux $techmap\law.$procmux$1867.
    dead port 1/2 on $mux $techmap\law.$procmux$1870.
    dead port 2/2 on $mux $techmap\law.$procmux$1872.
    dead port 2/2 on $mux $techmap\law.$procmux$1893.
    dead port 2/2 on $mux $techmap\law.$procmux$1895.
    dead port 2/2 on $mux $techmap\law.$procmux$1897.
    dead port 2/2 on $mux $techmap\dut.baseline.transition.$procmux$5076.
    dead port 2/2 on $mux $techmap\dut.baseline.transition.$procmux$1362.
    dead port 2/2 on $mux $techmap\dut.baseline.transition.$procmux$1364.
    dead port 2/2 on $mux $techmap\dut.baseline.transition.$procmux$2871.
    dead port 2/2 on $mux $techmap\law.$procmux$1899.
    dead port 1/2 on $mux $techmap\law.$procmux$1902.
    dead port 2/2 on $mux $techmap\law.$procmux$1904.
    dead port 2/2 on $mux $techmap\law.$procmux$1933.
    dead port 1/2 on $mux $techmap\dut.baseline.transition.$procmux$2874.
    dead port 2/2 on $mux $techmap\law.$procmux$1935.
    dead port 2/2 on $mux $techmap\law.$procmux$1937.
    dead port 2/2 on $mux $techmap\dut.baseline.transition.$procmux$1841.
    dead port 2/2 on $mux $techmap\dut.baseline.transition.$procmux$2876.
    dead port 2/2 on $mux $techmap\dut.baseline.transition.$procmux$2884.
    dead port 2/2 on $mux $techmap\dut.baseline.transition.$procmux$5078.
    dead port 2/2 on $mux $techmap\dut.baseline.transition.$procmux$1366.
    dead port 2/2 on $mux $techmap\law.$procmux$1939.
    dead port 1/2 on $mux $techmap\law.$procmux$1942.
    dead port 2/2 on $mux $techmap\law.$procmux$1944.
    dead port 2/2 on $mux $techmap\law.$procmux$1961.
    dead port 1/2 on $mux $techmap\dut.baseline.transition.$procmux$5081.
    dead port 2/2 on $mux $techmap\law.$procmux$1963.
    dead port 2/2 on $mux $techmap\law.$procmux$1965.
    dead port 2/2 on $mux $techmap\dut.baseline.transition.$procmux$5083.
    dead port 2/2 on $mux $techmap\dut.baseline.transition.$procmux$2886.
    dead port 1/2 on $mux $techmap\dut.baseline.transition.$procmux$2889.
    dead port 2/2 on $mux $techmap\law.$procmux$1967.
    dead port 1/2 on $mux $techmap\law.$procmux$1970.
    dead port 2/2 on $mux $techmap\law.$procmux$1972.
    dead port 2/2 on $mux $techmap\law.$procmux$2005.
    dead port 2/2 on $mux $techmap\dut.baseline.transition.$procmux$2891.
    dead port 2/2 on $mux $techmap\law.$procmux$2007.
    dead port 2/2 on $mux $techmap\law.$procmux$2009.
    dead port 2/2 on $mux $techmap\dut.baseline.transition.$procmux$2899.
    dead port 2/2 on $mux $techmap\dut.baseline.transition.$procmux$5093.
    dead port 1/2 on $mux $techmap\dut.baseline.transition.$procmux$1844.
    dead port 2/2 on $mux $techmap\law.$procmux$2011.
    dead port 1/2 on $mux $techmap\law.$procmux$2014.
    dead port 2/2 on $mux $techmap\law.$procmux$2016.
    dead port 2/2 on $mux $techmap\law.$procmux$2041.
    dead port 2/2 on $mux $techmap\dut.baseline.transition.$procmux$1368.
    dead port 2/2 on $mux $techmap\law.$procmux$2043.
    dead port 2/2 on $mux $techmap\law.$procmux$2045.
    dead port 2/2 on $mux $techmap\dut.baseline.transition.$procmux$5095.
    dead port 1/2 on $mux $techmap\dut.baseline.transition.$procmux$1371.
    dead port 2/2 on $mux $techmap\dut.baseline.transition.$procmux$1373.
    dead port 2/2 on $mux $techmap\dut.baseline.transition.$procmux$2901.
    dead port 1/2 on $mux $techmap\dut.baseline.transition.$procmux$2904.
    dead port 2/2 on $mux $techmap\dut.baseline.transition.$procmux$2906.
    dead port 2/2 on $mux $techmap\law.$procmux$2047.
    dead port 1/2 on $mux $techmap\law.$procmux$2050.
    dead port 2/2 on $mux $techmap\law.$procmux$2052.
    dead port 2/2 on $mux $techmap\law.$procmux$2066.
    dead port 2/2 on $mux $techmap\law.$procmux$2068.
    dead port 2/2 on $mux $techmap\law.$procmux$2070.
    dead port 1/2 on $mux $techmap\dut.baseline.transition.$procmux$5098.
    dead port 2/2 on $mux $techmap\dut.baseline.transition.$procmux$1393.
    dead port 2/2 on $mux $techmap\dut.baseline.transition.$procmux$5100.
    dead port 2/2 on $mux $techmap\law.$procmux$2072.
    dead port 1/2 on $mux $techmap\law.$procmux$2075.
    dead port 2/2 on $mux $techmap\law.$procmux$2077.
    dead port 2/2 on $mux $techmap\dut.baseline.transition.$procmux$1395.
    dead port 2/2 on $mux $techmap\law.$procmux$2094.
    dead port 2/2 on $mux $techmap\law.$procmux$2096.
    dead port 2/2 on $mux $techmap\law.$procmux$2098.
    dead port 2/2 on $mux $techmap\dut.baseline.transition.$procmux$5110.
    dead port 2/2 on $mux $techmap\dut.baseline.transition.$procmux$1397.
    dead port 2/2 on $mux $techmap\dut.baseline.transition.$procmux$1846.
    dead port 2/2 on $mux $techmap\dut.baseline.transition.$procmux$5112.
    dead port 1/2 on $mux $techmap\dut.baseline.transition.$procmux$5115.
    dead port 2/2 on $mux $techmap\law.$procmux$2100.
    dead port 1/2 on $mux $techmap\law.$procmux$2103.
    dead port 2/2 on $mux $techmap\law.$procmux$2105.
    dead port 2/2 on $mux $techmap\law.$procmux$2124.
    dead port 2/2 on $mux $techmap\law.$procmux$2126.
    dead port 2/2 on $mux $techmap\law.$procmux$2128.
    dead port 2/2 on $mux $techmap\dut.baseline.transition.$procmux$5117.
    dead port 2/2 on $mux $techmap\law.$procmux$2130.
    dead port 1/2 on $mux $techmap\law.$procmux$2133.
    dead port 2/2 on $mux $techmap\law.$procmux$2135.
    dead port 2/2 on $mux $techmap\law.$procmux$2156.
    dead port 2/2 on $mux $techmap\dut.baseline.transition.$procmux$1399.
    dead port 2/2 on $mux $techmap\law.$procmux$2158.
    dead port 2/2 on $mux $techmap\law.$procmux$2160.
    dead port 2/2 on $mux $techmap\dut.baseline.transition.$procmux$5128.
    dead port 1/2 on $mux $techmap\dut.baseline.transition.$procmux$1402.
    dead port 2/2 on $mux $techmap\dut.baseline.transition.$procmux$1404.
    dead port 2/2 on $mux $techmap\dut.baseline.transition.$procmux$1426.
    dead port 2/2 on $mux $techmap\law.$procmux$2162.
    dead port 1/2 on $mux $techmap\law.$procmux$2165.
    dead port 2/2 on $mux $techmap\law.$procmux$2167.
    dead port 2/2 on $mux $techmap\dut.baseline.transition.$procmux$2934.
    dead port 2/2 on $mux $techmap\law.$procmux$2190.
    dead port 1/2 on $mux $techmap\dut.baseline.transition.$procmux$2937.
    dead port 2/2 on $mux $techmap\law.$procmux$2192.
    dead port 2/2 on $mux $techmap\law.$procmux$2194.
    dead port 2/2 on $mux $techmap\dut.baseline.transition.$procmux$2939.
    dead port 2/2 on $mux $techmap\dut.baseline.transition.$procmux$2948.
    dead port 2/2 on $mux $techmap\dut.baseline.transition.$procmux$2950.
    dead port 2/2 on $mux $techmap\law.$procmux$2196.
    dead port 1/2 on $mux $techmap\law.$procmux$2199.
    dead port 2/2 on $mux $techmap\law.$procmux$2201.
    dead port 1/2 on $mux $techmap\dut.baseline.transition.$procmux$2953.
    dead port 2/2 on $mux $techmap\law.$procmux$2226.
    dead port 2/2 on $mux $techmap\dut.baseline.transition.$procmux$2955.
    dead port 2/2 on $mux $techmap\law.$procmux$2228.
    dead port 2/2 on $mux $techmap\law.$procmux$2230.
    dead port 2/2 on $mux $techmap\dut.baseline.transition.$procmux$5130.
    dead port 2/2 on $mux $techmap\dut.baseline.transition.$procmux$2964.
    dead port 2/2 on $mux $techmap\dut.baseline.transition.$procmux$1428.
    dead port 2/2 on $mux $techmap\dut.baseline.transition.$procmux$2966.
    dead port 1/2 on $mux $techmap\dut.baseline.transition.$procmux$2969.
    dead port 2/2 on $mux $techmap\law.$procmux$2232.
    dead port 1/2 on $mux $techmap\law.$procmux$2235.
    dead port 2/2 on $mux $techmap\law.$procmux$2237.
    dead port 2/2 on $mux $techmap\dut.baseline.transition.$procmux$2971.
    dead port 2/2 on $mux $techmap\law.$procmux$2264.
    dead port 2/2 on $mux $techmap\law.$procmux$2266.
    dead port 2/2 on $mux $techmap\law.$procmux$2268.
    dead port 1/2 on $mux $techmap\dut.baseline.transition.$procmux$5133.
    dead port 2/2 on $mux $techmap\dut.baseline.transition.$procmux$2980.
    dead port 2/2 on $mux $techmap\dut.baseline.transition.$procmux$1430.
    dead port 2/2 on $mux $techmap\dut.baseline.transition.$procmux$2982.
    dead port 1/2 on $mux $techmap\dut.baseline.transition.$procmux$2985.
    dead port 2/2 on $mux $techmap\dut.baseline.transition.$procmux$2987.
    dead port 2/2 on $mux $techmap\law.$procmux$2270.
    dead port 1/2 on $mux $techmap\law.$procmux$2273.
    dead port 2/2 on $mux $techmap\law.$procmux$2275.
    dead port 2/2 on $mux $techmap\law.$procmux$2304.
    dead port 2/2 on $mux $techmap\dut.baseline.transition.$procmux$5135.
    dead port 2/2 on $mux $techmap\law.$procmux$2306.
    dead port 2/2 on $mux $techmap\law.$procmux$2308.
    dead port 2/2 on $mux $techmap\dut.baseline.transition.$procmux$5147.
    dead port 2/2 on $mux $techmap\law.$procmux$2310.
    dead port 1/2 on $mux $techmap\law.$procmux$2313.
    dead port 2/2 on $mux $techmap\law.$procmux$2315.
    dead port 2/2 on $mux $techmap\law.$procmux$2346.
    dead port 2/2 on $mux $techmap\dut.baseline.transition.$procmux$1432.
    dead port 2/2 on $mux $techmap\law.$procmux$2348.
    dead port 2/2 on $mux $techmap\law.$procmux$2350.
    dead port 2/2 on $mux $techmap\dut.baseline.transition.$procmux$5149.
    dead port 1/2 on $mux $techmap\dut.baseline.transition.$procmux$1435.
    dead port 2/2 on $mux $techmap\dut.baseline.transition.$procmux$1437.
    dead port 2/2 on $mux $techmap\dut.baseline.transition.$procmux$2998.
    dead port 1/2 on $mux $techmap\dut.baseline.transition.$procmux$3001.
    dead port 2/2 on $mux $techmap\dut.baseline.transition.$procmux$3003.
    dead port 2/2 on $mux $techmap\law.$procmux$2352.
    dead port 1/2 on $mux $techmap\law.$procmux$2355.
    dead port 2/2 on $mux $techmap\law.$procmux$2357.
    dead port 2/2 on $mux $techmap\law.$procmux$2390.
    dead port 2/2 on $mux $techmap\law.$procmux$2392.
    dead port 2/2 on $mux $techmap\law.$procmux$2394.
    dead port 2/2 on $mux $techmap\dut.baseline.transition.$procmux$5151.
    dead port 2/2 on $mux $techmap\dut.baseline.transition.$procmux$1461.
    dead port 2/2 on $mux $techmap\dut.baseline.transition.$procmux$1463.
    dead port 2/2 on $mux $techmap\law.$procmux$2396.
    dead port 1/2 on $mux $techmap\law.$procmux$2399.
    dead port 2/2 on $mux $techmap\law.$procmux$2401.
    dead port 2/2 on $mux $techmap\dut.baseline.transition.$procmux$1465.
    dead port 2/2 on $mux $techmap\law.$procmux$2436.
    dead port 1/2 on $mux $techmap\dut.baseline.transition.$procmux$5154.
    dead port 2/2 on $mux $techmap\law.$procmux$2438.
    dead port 2/2 on $mux $techmap\law.$procmux$2440.
    dead port 2/2 on $mux $techmap\dut.baseline.transition.$procmux$5156.
    dead port 2/2 on $mux $techmap\dut.baseline.transition.$procmux$3013.
    dead port 1/2 on $mux $techmap\dut.baseline.transition.$procmux$3016.
    dead port 2/2 on $mux $techmap\dut.baseline.transition.$procmux$3018.
    dead port 2/2 on $mux $techmap\law.$procmux$2442.
    dead port 1/2 on $mux $techmap\law.$procmux$2445.
    dead port 2/2 on $mux $techmap\law.$procmux$2447.
    dead port 2/2 on $mux $techmap\law.$procmux$2462.
    dead port 2/2 on $mux $techmap\law.$procmux$2464.
    dead port 2/2 on $mux $techmap\law.$procmux$2466.
    dead port 2/2 on $mux $techmap\dut.baseline.transition.$procmux$3031.
    dead port 2/2 on $mux $techmap\dut.baseline.transition.$procmux$3033.
    dead port 2/2 on $mux $techmap\dut.baseline.transition.$procmux$5169.
    dead port 2/2 on $mux $techmap\law.$procmux$2468.
    dead port 1/2 on $mux $techmap\law.$procmux$2471.
    dead port 2/2 on $mux $techmap\law.$procmux$2473.
    dead port 2/2 on $mux $techmap\dut.baseline.transition.$procmux$1467.
    dead port 2/2 on $mux $techmap\law.$procmux$2493.
    dead port 1/2 on $mux $techmap\dut.baseline.transition.$procmux$1470.
    dead port 2/2 on $mux $techmap\law.$procmux$2495.
    dead port 2/2 on $mux $techmap\law.$procmux$2497.
    dead port 2/2 on $mux $techmap\dut.baseline.transition.$procmux$5171.
    dead port 2/2 on $mux $techmap\dut.baseline.transition.$procmux$1472.
    dead port 2/2 on $mux $techmap\dut.baseline.transition.$procmux$3035.
    dead port 1/2 on $mux $techmap\dut.baseline.transition.$procmux$3038.
    dead port 2/2 on $mux $techmap\dut.baseline.transition.$procmux$3040.
    dead port 2/2 on $mux $techmap\law.$procmux$2499.
    dead port 1/2 on $mux $techmap\law.$procmux$2502.
    dead port 2/2 on $mux $techmap\law.$procmux$2504.
    dead port 2/2 on $mux $techmap\dut.baseline.transition.$procmux$3049.
    dead port 2/2 on $mux $techmap\law.$procmux$2528.
    dead port 2/2 on $mux $techmap\law.$procmux$2530.
    dead port 2/2 on $mux $techmap\law.$procmux$2532.
    dead port 2/2 on $mux $techmap\dut.baseline.transition.$procmux$5173.
    dead port 2/2 on $mux $techmap\dut.baseline.transition.$procmux$3051.
    dead port 1/2 on $mux $techmap\dut.baseline.transition.$procmux$3054.
    dead port 2/2 on $mux $techmap\dut.baseline.transition.$procmux$3056.
    dead port 2/2 on $mux $techmap\law.$procmux$2534.
    dead port 1/2 on $mux $techmap\law.$procmux$2537.
    dead port 2/2 on $mux $techmap\law.$procmux$2539.
    dead port 2/2 on $mux $techmap\dut.baseline.transition.$procmux$3070.
    dead port 2/2 on $mux $techmap\law.$procmux$2567.
    dead port 2/2 on $mux $techmap\dut.baseline.transition.$procmux$3072.
    dead port 2/2 on $mux $techmap\law.$procmux$2569.
    dead port 2/2 on $mux $techmap\law.$procmux$2571.
    dead port 2/2 on $mux $techmap\dut.baseline.transition.$procmux$1861.
    dead port 2/2 on $mux $techmap\dut.baseline.transition.$procmux$3074.
    dead port 1/2 on $mux $techmap\dut.baseline.transition.$procmux$3077.
    dead port 2/2 on $mux $techmap\dut.baseline.transition.$procmux$3079.
    dead port 2/2 on $mux $techmap\law.$procmux$2573.
    dead port 1/2 on $mux $techmap\law.$procmux$2576.
    dead port 2/2 on $mux $techmap\law.$procmux$2578.
    dead port 2/2 on $mux $techmap\law.$procmux$2610.
    dead port 2/2 on $mux $techmap\dut.baseline.transition.$procmux$3095.
    dead port 2/2 on $mux $techmap\law.$procmux$2612.
    dead port 2/2 on $mux $techmap\law.$procmux$2614.
    dead port 2/2 on $mux $techmap\dut.baseline.transition.$procmux$5175.
    dead port 2/2 on $mux $techmap\dut.baseline.transition.$procmux$3097.
    dead port 2/2 on $mux $techmap\dut.baseline.transition.$procmux$1498.
    dead port 2/2 on $mux $techmap\dut.baseline.transition.$procmux$3099.
    dead port 1/2 on $mux $techmap\dut.baseline.transition.$procmux$3102.
    dead port 2/2 on $mux $techmap\dut.baseline.transition.$procmux$3104.
    dead port 2/2 on $mux $techmap\law.$procmux$2616.
    dead port 1/2 on $mux $techmap\law.$procmux$2619.
    dead port 2/2 on $mux $techmap\law.$procmux$2621.
    dead port 2/2 on $mux $techmap\law.$procmux$2637.
    dead port 2/2 on $mux $techmap\law.$procmux$2639.
    dead port 2/2 on $mux $techmap\law.$procmux$2641.
    dead port 1/2 on $mux $techmap\dut.baseline.transition.$procmux$5178.
    dead port 2/2 on $mux $techmap\dut.baseline.transition.$procmux$3122.
    dead port 2/2 on $mux $techmap\dut.baseline.transition.$procmux$3124.
    dead port 2/2 on $mux $techmap\dut.baseline.transition.$procmux$3126.
    dead port 1/2 on $mux $techmap\dut.baseline.transition.$procmux$3129.
    dead port 2/2 on $mux $techmap\law.$procmux$2643.
    dead port 1/2 on $mux $techmap\law.$procmux$2646.
    dead port 2/2 on $mux $techmap\law.$procmux$2648.
    dead port 2/2 on $mux $techmap\dut.baseline.transition.$procmux$3131.
    dead port 2/2 on $mux $techmap\law.$procmux$2670.
    dead port 2/2 on $mux $techmap\law.$procmux$2672.
    dead port 2/2 on $mux $techmap\law.$procmux$2674.
    dead port 2/2 on $mux $techmap\dut.baseline.transition.$procmux$5180.
    dead port 2/2 on $mux $techmap\dut.baseline.transition.$procmux$3151.
    dead port 2/2 on $mux $techmap\dut.baseline.transition.$procmux$3153.
    dead port 2/2 on $mux $techmap\dut.baseline.transition.$procmux$1500.
    dead port 2/2 on $mux $techmap\dut.baseline.transition.$procmux$3155.
    dead port 2/2 on $mux $techmap\law.$procmux$2676.
    dead port 1/2 on $mux $techmap\law.$procmux$2679.
    dead port 2/2 on $mux $techmap\law.$procmux$2681.
    dead port 1/2 on $mux $techmap\dut.baseline.transition.$procmux$3158.
    dead port 2/2 on $mux $techmap\law.$procmux$2711.
    dead port 2/2 on $mux $techmap\dut.baseline.transition.$procmux$3160.
    dead port 2/2 on $mux $techmap\law.$procmux$2713.
    dead port 2/2 on $mux $techmap\law.$procmux$2715.
    dead port 2/2 on $mux $techmap\dut.baseline.transition.$procmux$3182.
    dead port 2/2 on $mux $techmap\dut.baseline.transition.$procmux$3184.
    dead port 2/2 on $mux $techmap\dut.baseline.transition.$procmux$1502.
    dead port 2/2 on $mux $techmap\law.$procmux$2717.
    dead port 1/2 on $mux $techmap\law.$procmux$2720.
    dead port 2/2 on $mux $techmap\law.$procmux$2722.
    dead port 2/2 on $mux $techmap\dut.baseline.transition.$procmux$3186.
    dead port 2/2 on $mux $techmap\law.$procmux$2740.
    dead port 1/2 on $mux $techmap\dut.baseline.transition.$procmux$3189.
    dead port 2/2 on $mux $techmap\law.$procmux$2742.
    dead port 2/2 on $mux $techmap\law.$procmux$2744.
    dead port 2/2 on $mux $techmap\dut.baseline.transition.$procmux$5192.
    dead port 2/2 on $mux $techmap\dut.baseline.transition.$procmux$3191.
    dead port 2/2 on $mux $techmap\dut.baseline.transition.$procmux$3215.
    dead port 2/2 on $mux $techmap\dut.baseline.transition.$procmux$3217.
    dead port 2/2 on $mux $techmap\law.$procmux$2746.
    dead port 1/2 on $mux $techmap\law.$procmux$2749.
    dead port 2/2 on $mux $techmap\law.$procmux$2751.
    dead port 2/2 on $mux $techmap\dut.baseline.transition.$procmux$5194.
    dead port 2/2 on $mux $techmap\law.$procmux$2785.
    dead port 2/2 on $mux $techmap\dut.baseline.transition.$procmux$3219.
    dead port 2/2 on $mux $techmap\law.$procmux$2787.
    dead port 2/2 on $mux $techmap\law.$procmux$2789.
    dead port 1/2 on $mux $techmap\dut.baseline.transition.$procmux$3222.
    dead port 2/2 on $mux $techmap\dut.baseline.transition.$procmux$3224.
    dead port 2/2 on $mux $techmap\dut.baseline.transition.$procmux$3250.
    dead port 2/2 on $mux $techmap\law.$procmux$2791.
    dead port 1/2 on $mux $techmap\law.$procmux$2794.
    dead port 2/2 on $mux $techmap\law.$procmux$2796.
    dead port 2/2 on $mux $techmap\dut.baseline.transition.$procmux$3252.
    dead port 2/2 on $mux $techmap\law.$procmux$2822.
    dead port 2/2 on $mux $techmap\law.$procmux$2824.
    dead port 2/2 on $mux $techmap\law.$procmux$2826.
    dead port 2/2 on $mux $techmap\dut.baseline.transition.$procmux$5196.
    dead port 2/2 on $mux $techmap\dut.baseline.transition.$procmux$3254.
    dead port 1/2 on $mux $techmap\dut.baseline.transition.$procmux$3257.
    dead port 2/2 on $mux $techmap\dut.baseline.transition.$procmux$3259.
    dead port 2/2 on $mux $techmap\law.$procmux$2828.
    dead port 1/2 on $mux $techmap\law.$procmux$2831.
    dead port 2/2 on $mux $techmap\law.$procmux$2833.
    dead port 2/2 on $mux $techmap\dut.baseline.transition.$procmux$3287.
    dead port 2/2 on $mux $techmap\law.$procmux$2846.
    dead port 2/2 on $mux $techmap\dut.baseline.transition.$procmux$3289.
    dead port 2/2 on $mux $techmap\law.$procmux$2848.
    dead port 2/2 on $mux $techmap\law.$procmux$2850.
    dead port 1/2 on $mux $techmap\dut.baseline.transition.$procmux$5199.
    dead port 2/2 on $mux $techmap\dut.baseline.transition.$procmux$3291.
    dead port 1/2 on $mux $techmap\dut.baseline.transition.$procmux$3294.
    dead port 2/2 on $mux $techmap\dut.baseline.transition.$procmux$3296.
    dead port 2/2 on $mux $techmap\law.$procmux$2852.
    dead port 1/2 on $mux $techmap\law.$procmux$2855.
    dead port 2/2 on $mux $techmap\law.$procmux$2857.
    dead port 2/2 on $mux $techmap\law.$procmux$2867.
    dead port 2/2 on $mux $techmap\law.$procmux$2869.
    dead port 2/2 on $mux $techmap\dut.baseline.transition.$procmux$5201.
    dead port 2/2 on $mux $techmap\dut.baseline.transition.$procmux$3326.
    dead port 2/2 on $mux $techmap\dut.baseline.transition.$procmux$3328.
    dead port 2/2 on $mux $techmap\dut.baseline.transition.$procmux$3330.
    dead port 1/2 on $mux $techmap\dut.baseline.transition.$procmux$3333.
    dead port 2/2 on $mux $techmap\law.$procmux$2871.
    dead port 1/2 on $mux $techmap\law.$procmux$2874.
    dead port 2/2 on $mux $techmap\law.$procmux$2876.
    dead port 2/2 on $mux $techmap\law.$procmux$2884.
    dead port 2/2 on $mux $techmap\dut.baseline.transition.$procmux$5457.
    dead port 2/2 on $mux $techmap\dut.baseline.transition.$procmux$3335.
    dead port 2/2 on $mux $techmap\dut.baseline.transition.$procmux$3367.
    dead port 2/2 on $mux $techmap\dut.baseline.transition.$procmux$3369.
    dead port 2/2 on $mux $techmap\law.$procmux$2886.
    dead port 1/2 on $mux $techmap\law.$procmux$2889.
    dead port 2/2 on $mux $techmap\law.$procmux$2891.
    dead port 2/2 on $mux $techmap\law.$procmux$2899.
    dead port 2/2 on $mux $techmap\dut.baseline.transition.$procmux$5213.
    dead port 2/2 on $mux $techmap\dut.baseline.transition.$procmux$3371.
    dead port 1/2 on $mux $techmap\dut.baseline.transition.$procmux$3374.
    dead port 2/2 on $mux $techmap\dut.baseline.transition.$procmux$3376.
    dead port 2/2 on $mux $techmap\law.$procmux$2901.
    dead port 1/2 on $mux $techmap\law.$procmux$2904.
    dead port 2/2 on $mux $techmap\law.$procmux$2906.
    dead port 2/2 on $mux $techmap\dut.baseline.transition.$procmux$3388.
    dead port 2/2 on $mux $techmap\dut.baseline.transition.$procmux$3390.
    dead port 2/2 on $mux $techmap\dut.baseline.transition.$procmux$3392.
    dead port 2/2 on $mux $techmap\dut.baseline.transition.$procmux$5215.
    dead port 1/2 on $mux $techmap\dut.baseline.transition.$procmux$3395.
    dead port 2/2 on $mux $techmap\dut.baseline.transition.$procmux$3397.
    dead port 2/2 on $mux $techmap\dut.baseline.transition.$procmux$3414.
    dead port 2/2 on $mux $techmap\dut.baseline.transition.$procmux$1863.
    dead port 2/2 on $mux $techmap\dut.baseline.transition.$procmux$3416.
    dead port 2/2 on $mux $techmap\dut.baseline.transition.$procmux$1504.
    dead port 2/2 on $mux $techmap\dut.baseline.transition.$procmux$3418.
    dead port 1/2 on $mux $techmap\dut.baseline.transition.$procmux$3421.
    dead port 2/2 on $mux $techmap\dut.baseline.transition.$procmux$3423.
    dead port 2/2 on $mux $techmap\dut.baseline.transition.$procmux$3444.
    dead port 2/2 on $mux $techmap\law.$procmux$2934.
    dead port 1/2 on $mux $techmap\law.$procmux$2937.
    dead port 2/2 on $mux $techmap\law.$procmux$2939.
    dead port 2/2 on $mux $techmap\law.$procmux$2948.
    dead port 2/2 on $mux $techmap\dut.baseline.transition.$procmux$3446.
    dead port 2/2 on $mux $techmap\law.$procmux$2950.
    dead port 1/2 on $mux $techmap\law.$procmux$2953.
    dead port 2/2 on $mux $techmap\law.$procmux$2955.
    dead port 2/2 on $mux $techmap\law.$procmux$2964.
    dead port 1/2 on $mux $techmap\dut.baseline.transition.$procmux$1507.
    dead port 2/2 on $mux $techmap\law.$procmux$2966.
    dead port 1/2 on $mux $techmap\law.$procmux$2969.
    dead port 2/2 on $mux $techmap\law.$procmux$2971.
    dead port 2/2 on $mux $techmap\law.$procmux$2980.
    dead port 2/2 on $mux $techmap\dut.baseline.transition.$procmux$3448.
    dead port 2/2 on $mux $techmap\law.$procmux$2982.
    dead port 1/2 on $mux $techmap\law.$procmux$2985.
    dead port 2/2 on $mux $techmap\law.$procmux$2987.
    dead port 2/2 on $mux $techmap\dut.baseline.transition.$procmux$5217.
    dead port 1/2 on $mux $techmap\dut.baseline.transition.$procmux$3451.
    dead port 2/2 on $mux $techmap\dut.baseline.transition.$procmux$3453.
    dead port 2/2 on $mux $techmap\dut.baseline.transition.$procmux$3478.
    dead port 2/2 on $mux $techmap\dut.baseline.transition.$procmux$3480.
    dead port 2/2 on $mux $techmap\dut.baseline.transition.$procmux$1509.
    dead port 2/2 on $mux $techmap\dut.baseline.transition.$procmux$3482.
    dead port 1/2 on $mux $techmap\dut.baseline.transition.$procmux$3485.
    dead port 2/2 on $mux $techmap\law.$procmux$2998.
    dead port 1/2 on $mux $techmap\law.$procmux$3001.
    dead port 2/2 on $mux $techmap\law.$procmux$3003.
    dead port 1/2 on $mux $techmap\dut.baseline.transition.$procmux$5220.
    dead port 2/2 on $mux $techmap\dut.baseline.transition.$procmux$3487.
    dead port 2/2 on $mux $techmap\dut.baseline.transition.$procmux$3516.
    dead port 2/2 on $mux $techmap\dut.baseline.transition.$procmux$3518.
    dead port 2/2 on $mux $techmap\dut.baseline.transition.$procmux$3520.
    dead port 1/2 on $mux $techmap\dut.baseline.transition.$procmux$3523.
    dead port 2/2 on $mux $techmap\law.$procmux$3013.
    dead port 1/2 on $mux $techmap\law.$procmux$3016.
    dead port 2/2 on $mux $techmap\law.$procmux$3018.
    dead port 2/2 on $mux $techmap\dut.baseline.transition.$procmux$3525.
    dead port 2/2 on $mux $techmap\law.$procmux$3031.
    dead port 2/2 on $mux $techmap\law.$procmux$3033.
    dead port 2/2 on $mux $techmap\dut.baseline.transition.$procmux$5222.
    dead port 2/2 on $mux $techmap\dut.baseline.transition.$procmux$3538.
    dead port 2/2 on $mux $techmap\dut.baseline.transition.$procmux$3540.
    dead port 2/2 on $mux $techmap\dut.baseline.transition.$procmux$3542.
    dead port 2/2 on $mux $techmap\law.$procmux$3035.
    dead port 1/2 on $mux $techmap\law.$procmux$3038.
    dead port 2/2 on $mux $techmap\law.$procmux$3040.
    dead port 2/2 on $mux $techmap\law.$procmux$3049.
    dead port 1/2 on $mux $techmap\dut.baseline.transition.$procmux$3545.
    dead port 2/2 on $mux $techmap\law.$procmux$3051.
    dead port 1/2 on $mux $techmap\law.$procmux$3054.
    dead port 2/2 on $mux $techmap\law.$procmux$3056.
    dead port 2/2 on $mux $techmap\law.$procmux$3070.
    dead port 2/2 on $mux $techmap\law.$procmux$3072.
    dead port 2/2 on $mux $techmap\dut.baseline.transition.$procmux$3547.
    dead port 2/2 on $mux $techmap\law.$procmux$3074.
    dead port 1/2 on $mux $techmap\law.$procmux$3077.
    dead port 2/2 on $mux $techmap\law.$procmux$3079.
    dead port 2/2 on $mux $techmap\law.$procmux$3095.
    dead port 2/2 on $mux $techmap\law.$procmux$3097.
    dead port 2/2 on $mux $techmap\law.$procmux$3099.
    dead port 1/2 on $mux $techmap\law.$procmux$3102.
    dead port 2/2 on $mux $techmap\law.$procmux$3104.
    dead port 2/2 on $mux $techmap\law.$procmux$3122.
    dead port 2/2 on $mux $techmap\law.$procmux$3124.
    dead port 2/2 on $mux $techmap\law.$procmux$3126.
    dead port 1/2 on $mux $techmap\law.$procmux$3129.
    dead port 2/2 on $mux $techmap\law.$procmux$3131.
    dead port 2/2 on $mux $techmap\law.$procmux$3151.
    dead port 2/2 on $mux $techmap\law.$procmux$3153.
    dead port 2/2 on $mux $techmap\dut.baseline.transition.$procmux$3566.
    dead port 2/2 on $mux $techmap\law.$procmux$3155.
    dead port 1/2 on $mux $techmap\law.$procmux$3158.
    dead port 2/2 on $mux $techmap\law.$procmux$3160.
    dead port 2/2 on $mux $techmap\law.$procmux$3182.
    dead port 2/2 on $mux $techmap\law.$procmux$3184.
    dead port 2/2 on $mux $techmap\dut.baseline.transition.$procmux$3568.
    dead port 2/2 on $mux $techmap\law.$procmux$3186.
    dead port 1/2 on $mux $techmap\law.$procmux$3189.
    dead port 2/2 on $mux $techmap\law.$procmux$3191.
    dead port 2/2 on $mux $techmap\law.$procmux$3215.
    dead port 2/2 on $mux $techmap\law.$procmux$3217.
    dead port 2/2 on $mux $techmap\dut.baseline.transition.$procmux$1537.
    dead port 2/2 on $mux $techmap\law.$procmux$3219.
    dead port 1/2 on $mux $techmap\law.$procmux$3222.
    dead port 2/2 on $mux $techmap\law.$procmux$3224.
    dead port 2/2 on $mux $techmap\law.$procmux$3250.
    dead port 2/2 on $mux $techmap\law.$procmux$3252.
    dead port 2/2 on $mux $techmap\dut.baseline.transition.$procmux$3570.
    dead port 2/2 on $mux $techmap\law.$procmux$3254.
    dead port 1/2 on $mux $techmap\law.$procmux$3257.
    dead port 2/2 on $mux $techmap\law.$procmux$3259.
    dead port 2/2 on $mux $techmap\law.$procmux$3287.
    dead port 2/2 on $mux $techmap\law.$procmux$3289.
    dead port 1/2 on $mux $techmap\dut.baseline.transition.$procmux$3573.
    dead port 2/2 on $mux $techmap\law.$procmux$3291.
    dead port 1/2 on $mux $techmap\law.$procmux$3294.
    dead port 2/2 on $mux $techmap\law.$procmux$3296.
    dead port 2/2 on $mux $techmap\law.$procmux$3326.
    dead port 2/2 on $mux $techmap\law.$procmux$3328.
    dead port 2/2 on $mux $techmap\dut.baseline.transition.$procmux$3575.
    dead port 2/2 on $mux $techmap\law.$procmux$3330.
    dead port 1/2 on $mux $techmap\law.$procmux$3333.
    dead port 2/2 on $mux $techmap\law.$procmux$3335.
    dead port 2/2 on $mux $techmap\law.$procmux$3367.
    dead port 2/2 on $mux $techmap\law.$procmux$3369.
    dead port 2/2 on $mux $techmap\law.$procmux$3371.
    dead port 1/2 on $mux $techmap\law.$procmux$3374.
    dead port 2/2 on $mux $techmap\law.$procmux$3376.
    dead port 2/2 on $mux $techmap\law.$procmux$3388.
    dead port 2/2 on $mux $techmap\law.$procmux$3390.
    dead port 2/2 on $mux $techmap\law.$procmux$3392.
    dead port 1/2 on $mux $techmap\law.$procmux$3395.
    dead port 2/2 on $mux $techmap\law.$procmux$3397.
    dead port 2/2 on $mux $techmap\law.$procmux$3414.
    dead port 2/2 on $mux $techmap\law.$procmux$3416.
    dead port 2/2 on $mux $techmap\dut.baseline.transition.$procmux$3602.
    dead port 2/2 on $mux $techmap\law.$procmux$3418.
    dead port 1/2 on $mux $techmap\law.$procmux$3421.
    dead port 2/2 on $mux $techmap\law.$procmux$3423.
    dead port 2/2 on $mux $techmap\law.$procmux$3444.
    dead port 2/2 on $mux $techmap\law.$procmux$3446.
    dead port 2/2 on $mux $techmap\dut.baseline.transition.$procmux$3604.
    dead port 2/2 on $mux $techmap\law.$procmux$3448.
    dead port 1/2 on $mux $techmap\law.$procmux$3451.
    dead port 2/2 on $mux $techmap\law.$procmux$3453.
    dead port 2/2 on $mux $techmap\law.$procmux$3478.
    dead port 2/2 on $mux $techmap\law.$procmux$3480.
    dead port 2/2 on $mux $techmap\law.$procmux$3482.
    dead port 1/2 on $mux $techmap\law.$procmux$3485.
    dead port 2/2 on $mux $techmap\law.$procmux$3487.
    dead port 2/2 on $mux $techmap\law.$procmux$3516.
    dead port 2/2 on $mux $techmap\law.$procmux$3518.
    dead port 2/2 on $mux $techmap\dut.baseline.transition.$procmux$3606.
    dead port 2/2 on $mux $techmap\law.$procmux$3520.
    dead port 1/2 on $mux $techmap\law.$procmux$3523.
    dead port 2/2 on $mux $techmap\law.$procmux$3525.
    dead port 2/2 on $mux $techmap\law.$procmux$3538.
    dead port 2/2 on $mux $techmap\law.$procmux$3540.
    dead port 1/2 on $mux $techmap\dut.baseline.transition.$procmux$3609.
    dead port 2/2 on $mux $techmap\law.$procmux$3542.
    dead port 1/2 on $mux $techmap\law.$procmux$3545.
    dead port 2/2 on $mux $techmap\law.$procmux$3547.
    dead port 2/2 on $mux $techmap\law.$procmux$3566.
    dead port 2/2 on $mux $techmap\law.$procmux$3568.
    dead port 2/2 on $mux $techmap\dut.baseline.transition.$procmux$3611.
    dead port 2/2 on $mux $techmap\law.$procmux$3570.
    dead port 1/2 on $mux $techmap\law.$procmux$3573.
    dead port 2/2 on $mux $techmap\law.$procmux$3575.
    dead port 2/2 on $mux $techmap\law.$procmux$3602.
    dead port 2/2 on $mux $techmap\law.$procmux$3604.
    dead port 2/2 on $mux $techmap\law.$procmux$3606.
    dead port 1/2 on $mux $techmap\law.$procmux$3609.
    dead port 2/2 on $mux $techmap\law.$procmux$3611.
    dead port 2/2 on $mux $techmap\law.$procmux$3626.
    dead port 2/2 on $mux $techmap\law.$procmux$3628.
    dead port 2/2 on $mux $techmap\law.$procmux$3630.
    dead port 1/2 on $mux $techmap\law.$procmux$3633.
    dead port 2/2 on $mux $techmap\law.$procmux$3635.
    dead port 2/2 on $mux $techmap\law.$procmux$3666.
    dead port 2/2 on $mux $techmap\law.$procmux$3668.
    dead port 2/2 on $mux $techmap\dut.baseline.transition.$procmux$3626.
    dead port 2/2 on $mux $techmap\law.$procmux$3670.
    dead port 1/2 on $mux $techmap\law.$procmux$3673.
    dead port 2/2 on $mux $techmap\law.$procmux$3675.
    dead port 2/2 on $mux $techmap\law.$procmux$3698.
    dead port 2/2 on $mux $techmap\law.$procmux$3700.
    dead port 2/2 on $mux $techmap\dut.baseline.transition.$procmux$3628.
    dead port 2/2 on $mux $techmap\law.$procmux$3702.
    dead port 1/2 on $mux $techmap\law.$procmux$3705.
    dead port 2/2 on $mux $techmap\law.$procmux$3707.
    dead port 2/2 on $mux $techmap\law.$procmux$3718.
    dead port 2/2 on $mux $techmap\law.$procmux$3720.
    dead port 2/2 on $mux $techmap\dut.baseline.transition.$procmux$1539.
    dead port 2/2 on $mux $techmap\law.$procmux$3722.
    dead port 1/2 on $mux $techmap\law.$procmux$3725.
    dead port 2/2 on $mux $techmap\law.$procmux$3727.
    dead port 2/2 on $mux $techmap\law.$procmux$3742.
    dead port 2/2 on $mux $techmap\law.$procmux$3744.
    dead port 2/2 on $mux $techmap\dut.baseline.transition.$procmux$3630.
    dead port 2/2 on $mux $techmap\law.$procmux$3746.
    dead port 1/2 on $mux $techmap\law.$procmux$3749.
    dead port 2/2 on $mux $techmap\law.$procmux$3751.
    dead port 1/2 on $mux $techmap\dut.baseline.transition.$procmux$3633.
    dead port 2/2 on $mux $techmap\dut.baseline.transition.$procmux$3635.
    dead port 2/2 on $mux $techmap\law.$procmux$3764.
    dead port 2/2 on $mux $techmap\law.$procmux$3766.
    dead port 2/2 on $mux $techmap\law.$procmux$3768.
    dead port 1/2 on $mux $techmap\law.$procmux$3771.
    dead port 2/2 on $mux $techmap\law.$procmux$3773.
    dead port 2/2 on $mux $techmap\law.$procmux$3790.
    dead port 2/2 on $mux $techmap\law.$procmux$3792.
    dead port 2/2 on $mux $techmap\dut.baseline.transition.$procmux$3666.
    dead port 2/2 on $mux $techmap\law.$procmux$3794.
    dead port 1/2 on $mux $techmap\law.$procmux$3797.
    dead port 2/2 on $mux $techmap\law.$procmux$3799.
    dead port 2/2 on $mux $techmap\dut.baseline.transition.$procmux$3668.
    dead port 2/2 on $mux $techmap\law.$procmux$3818.
    dead port 2/2 on $mux $techmap\law.$procmux$3820.
    dead port 2/2 on $mux $techmap\dut.baseline.transition.$procmux$1541.
    dead port 2/2 on $mux $techmap\law.$procmux$3822.
    dead port 1/2 on $mux $techmap\law.$procmux$3825.
    dead port 2/2 on $mux $techmap\law.$procmux$3827.
    dead port 2/2 on $mux $techmap\dut.baseline.transition.$procmux$3670.
    dead port 2/2 on $mux $techmap\law.$procmux$3848.
    dead port 2/2 on $mux $techmap\law.$procmux$3850.
    dead port 1/2 on $mux $techmap\dut.baseline.transition.$procmux$3673.
    dead port 2/2 on $mux $techmap\law.$procmux$3852.
    dead port 1/2 on $mux $techmap\law.$procmux$3855.
    dead port 2/2 on $mux $techmap\law.$procmux$3857.
    dead port 2/2 on $mux $techmap\dut.baseline.transition.$procmux$3675.
    dead port 2/2 on $mux $techmap\law.$procmux$3880.
    dead port 2/2 on $mux $techmap\law.$procmux$3882.
    dead port 2/2 on $mux $techmap\law.$procmux$3884.
    dead port 1/2 on $mux $techmap\law.$procmux$3887.
    dead port 2/2 on $mux $techmap\law.$procmux$3889.
    dead port 2/2 on $mux $techmap\law.$procmux$3914.
    dead port 2/2 on $mux $techmap\law.$procmux$3916.
    dead port 2/2 on $mux $techmap\dut.baseline.transition.$procmux$3698.
    dead port 2/2 on $mux $techmap\law.$procmux$3918.
    dead port 1/2 on $mux $techmap\law.$procmux$3921.
    dead port 2/2 on $mux $techmap\law.$procmux$3923.
    dead port 2/2 on $mux $techmap\dut.baseline.transition.$procmux$3700.
    dead port 2/2 on $mux $techmap\law.$procmux$3950.
    dead port 2/2 on $mux $techmap\law.$procmux$3952.
    dead port 2/2 on $mux $techmap\law.$procmux$3954.
    dead port 1/2 on $mux $techmap\law.$procmux$3957.
    dead port 2/2 on $mux $techmap\law.$procmux$3959.
    dead port 2/2 on $mux $techmap\dut.baseline.transition.$procmux$3702.
    dead port 2/2 on $mux $techmap\law.$procmux$3988.
    dead port 2/2 on $mux $techmap\law.$procmux$3990.
    dead port 1/2 on $mux $techmap\dut.baseline.transition.$procmux$3705.
    dead port 2/2 on $mux $techmap\law.$procmux$3992.
    dead port 1/2 on $mux $techmap\law.$procmux$3995.
    dead port 2/2 on $mux $techmap\law.$procmux$3997.
    dead port 2/2 on $mux $techmap\dut.baseline.transition.$procmux$3707.
    dead port 2/2 on $mux $techmap\law.$procmux$4027.
    dead port 2/2 on $mux $techmap\law.$procmux$4029.
    dead port 2/2 on $mux $techmap\law.$procmux$4031.
    dead port 1/2 on $mux $techmap\law.$procmux$4034.
    dead port 2/2 on $mux $techmap\law.$procmux$4036.
    dead port 2/2 on $mux $techmap\dut.baseline.transition.$procmux$3718.
    dead port 2/2 on $mux $techmap\law.$procmux$4048.
    dead port 2/2 on $mux $techmap\law.$procmux$4050.
    dead port 2/2 on $mux $techmap\dut.baseline.transition.$procmux$3720.
    dead port 2/2 on $mux $techmap\law.$procmux$4052.
    dead port 1/2 on $mux $techmap\law.$procmux$4055.
    dead port 2/2 on $mux $techmap\law.$procmux$4057.
    dead port 2/2 on $mux $techmap\dut.baseline.transition.$procmux$3722.
    dead port 1/2 on $mux $techmap\dut.baseline.transition.$procmux$3725.
    dead port 2/2 on $mux $techmap\law.$procmux$4073.
    dead port 2/2 on $mux $techmap\law.$procmux$4075.
    dead port 2/2 on $mux $techmap\dut.baseline.transition.$procmux$3727.
    dead port 2/2 on $mux $techmap\law.$procmux$4077.
    dead port 1/2 on $mux $techmap\law.$procmux$4080.
    dead port 2/2 on $mux $techmap\law.$procmux$4082.
    dead port 2/2 on $mux $techmap\law.$procmux$4102.
    dead port 2/2 on $mux $techmap\law.$procmux$4104.
    dead port 2/2 on $mux $techmap\law.$procmux$4106.
    dead port 1/2 on $mux $techmap\law.$procmux$4109.
    dead port 2/2 on $mux $techmap\law.$procmux$4111.
    dead port 2/2 on $mux $techmap\dut.baseline.transition.$procmux$3742.
    dead port 2/2 on $mux $techmap\dut.baseline.transition.$procmux$3744.
    dead port 2/2 on $mux $techmap\law.$procmux$4135.
    dead port 2/2 on $mux $techmap\law.$procmux$4137.
    dead port 2/2 on $mux $techmap\dut.baseline.transition.$procmux$3746.
    dead port 2/2 on $mux $techmap\law.$procmux$4139.
    dead port 1/2 on $mux $techmap\law.$procmux$4142.
    dead port 2/2 on $mux $techmap\law.$procmux$4144.
    dead port 1/2 on $mux $techmap\dut.baseline.transition.$procmux$3749.
    dead port 2/2 on $mux $techmap\dut.baseline.transition.$procmux$3751.
    dead port 2/2 on $mux $techmap\law.$procmux$4172.
    dead port 2/2 on $mux $techmap\law.$procmux$4174.
    dead port 1/2 on $mux $techmap\dut.baseline.transition.$procmux$5460.
    dead port 2/2 on $mux $techmap\law.$procmux$4176.
    dead port 1/2 on $mux $techmap\law.$procmux$4179.
    dead port 2/2 on $mux $techmap\law.$procmux$4181.
    dead port 2/2 on $mux $techmap\law.$procmux$4211.
    dead port 2/2 on $mux $techmap\law.$procmux$4213.
    dead port 2/2 on $mux $techmap\law.$procmux$4215.
    dead port 1/2 on $mux $techmap\law.$procmux$4218.
    dead port 2/2 on $mux $techmap\law.$procmux$4220.
    dead port 2/2 on $mux $techmap\dut.baseline.transition.$procmux$3764.
    dead port 2/2 on $mux $techmap\dut.baseline.transition.$procmux$3766.
    dead port 2/2 on $mux $techmap\law.$procmux$4238.
    dead port 2/2 on $mux $techmap\law.$procmux$4240.
    dead port 2/2 on $mux $techmap\dut.baseline.transition.$procmux$3768.
    dead port 2/2 on $mux $techmap\law.$procmux$4242.
    dead port 1/2 on $mux $techmap\law.$procmux$4245.
    dead port 2/2 on $mux $techmap\law.$procmux$4247.
    dead port 1/2 on $mux $techmap\dut.baseline.transition.$procmux$3771.
    dead port 2/2 on $mux $techmap\dut.baseline.transition.$procmux$3773.
    dead port 2/2 on $mux $techmap\law.$procmux$4261.
    dead port 2/2 on $mux $techmap\law.$procmux$4263.
    dead port 2/2 on $mux $techmap\dut.baseline.transition.$procmux$1543.
    dead port 2/2 on $mux $techmap\law.$procmux$4265.
    dead port 1/2 on $mux $techmap\law.$procmux$4268.
    dead port 2/2 on $mux $techmap\law.$procmux$4270.
    dead port 2/2 on $mux $techmap\dut.baseline.transition.$procmux$3790.
    dead port 2/2 on $mux $techmap\law.$procmux$4292.
    dead port 2/2 on $mux $techmap\law.$procmux$4294.
    dead port 2/2 on $mux $techmap\dut.baseline.transition.$procmux$3792.
    dead port 2/2 on $mux $techmap\law.$procmux$4296.
    dead port 1/2 on $mux $techmap\law.$procmux$4299.
    dead port 2/2 on $mux $techmap\law.$procmux$4301.
    dead port 1/2 on $mux $techmap\dut.baseline.transition.$procmux$1546.
    dead port 2/2 on $mux $techmap\dut.baseline.transition.$procmux$3794.
    dead port 1/2 on $mux $techmap\dut.baseline.transition.$procmux$3797.
    dead port 2/2 on $mux $techmap\law.$procmux$4331.
    dead port 2/2 on $mux $techmap\law.$procmux$4333.
    dead port 2/2 on $mux $techmap\dut.baseline.transition.$procmux$3799.
    dead port 2/2 on $mux $techmap\law.$procmux$4335.
    dead port 1/2 on $mux $techmap\law.$procmux$4338.
    dead port 2/2 on $mux $techmap\law.$procmux$4340.
    dead port 2/2 on $mux $techmap\dut.baseline.transition.$procmux$1548.
    dead port 2/2 on $mux $techmap\law.$procmux$4366.
    dead port 2/2 on $mux $techmap\law.$procmux$4368.
    dead port 2/2 on $mux $techmap\law.$procmux$4370.
    dead port 1/2 on $mux $techmap\law.$procmux$4373.
    dead port 2/2 on $mux $techmap\law.$procmux$4375.
    dead port 2/2 on $mux $techmap\law.$procmux$4386.
    dead port 2/2 on $mux $techmap\law.$procmux$4388.
    dead port 2/2 on $mux $techmap\dut.baseline.transition.$procmux$3818.
    dead port 2/2 on $mux $techmap\law.$procmux$4390.
    dead port 1/2 on $mux $techmap\law.$procmux$4393.
    dead port 2/2 on $mux $techmap\law.$procmux$4395.
    dead port 2/2 on $mux $techmap\law.$procmux$4406.
    dead port 2/2 on $mux $techmap\law.$procmux$4408.
    dead port 2/2 on $mux $techmap\dut.baseline.transition.$procmux$3820.
    dead port 2/2 on $mux $techmap\law.$procmux$4410.
    dead port 1/2 on $mux $techmap\law.$procmux$4413.
    dead port 2/2 on $mux $techmap\law.$procmux$4415.
    dead port 2/2 on $mux $techmap\law.$procmux$4426.
    dead port 2/2 on $mux $techmap\law.$procmux$4428.
    dead port 2/2 on $mux $techmap\law.$procmux$4430.
    dead port 1/2 on $mux $techmap\law.$procmux$4433.
    dead port 2/2 on $mux $techmap\law.$procmux$4435.
    dead port 2/2 on $mux $techmap\law.$procmux$4450.
    dead port 2/2 on $mux $techmap\law.$procmux$4452.
    dead port 2/2 on $mux $techmap\dut.baseline.transition.$procmux$3822.
    dead port 2/2 on $mux $techmap\law.$procmux$4454.
    dead port 1/2 on $mux $techmap\law.$procmux$4457.
    dead port 2/2 on $mux $techmap\law.$procmux$4459.
    dead port 1/2 on $mux $techmap\dut.baseline.transition.$procmux$3825.
    dead port 2/2 on $mux $techmap\dut.baseline.transition.$procmux$3827.
    dead port 2/2 on $mux $techmap\law.$procmux$4472.
    dead port 2/2 on $mux $techmap\law.$procmux$4474.
    dead port 2/2 on $mux $techmap\law.$procmux$4476.
    dead port 1/2 on $mux $techmap\law.$procmux$4479.
    dead port 2/2 on $mux $techmap\law.$procmux$4481.
    dead port 2/2 on $mux $techmap\law.$procmux$4498.
    dead port 2/2 on $mux $techmap\law.$procmux$4500.
    dead port 2/2 on $mux $techmap\law.$procmux$4502.
    dead port 1/2 on $mux $techmap\law.$procmux$4505.
    dead port 2/2 on $mux $techmap\law.$procmux$4507.
    dead port 2/2 on $mux $techmap\law.$procmux$4526.
    dead port 2/2 on $mux $techmap\law.$procmux$4528.
    dead port 2/2 on $mux $techmap\dut.baseline.transition.$procmux$3848.
    dead port 2/2 on $mux $techmap\law.$procmux$4530.
    dead port 1/2 on $mux $techmap\law.$procmux$4533.
    dead port 2/2 on $mux $techmap\law.$procmux$4535.
    dead port 2/2 on $mux $techmap\dut.baseline.transition.$procmux$3850.
    dead port 2/2 on $mux $techmap\law.$procmux$4556.
    dead port 2/2 on $mux $techmap\law.$procmux$4558.
    dead port 2/2 on $mux $techmap\dut.baseline.transition.$procmux$1578.
    dead port 2/2 on $mux $techmap\law.$procmux$4560.
    dead port 1/2 on $mux $techmap\law.$procmux$4563.
    dead port 2/2 on $mux $techmap\law.$procmux$4565.
    dead port 2/2 on $mux $techmap\dut.baseline.transition.$procmux$3852.
    dead port 2/2 on $mux $techmap\law.$procmux$4588.
    dead port 2/2 on $mux $techmap\law.$procmux$4590.
    dead port 1/2 on $mux $techmap\dut.baseline.transition.$procmux$3855.
    dead port 2/2 on $mux $techmap\law.$procmux$4592.
    dead port 1/2 on $mux $techmap\law.$procmux$4595.
    dead port 2/2 on $mux $techmap\law.$procmux$4597.
    dead port 2/2 on $mux $techmap\dut.baseline.transition.$procmux$3857.
    dead port 2/2 on $mux $techmap\law.$procmux$4622.
    dead port 2/2 on $mux $techmap\law.$procmux$4624.
    dead port 2/2 on $mux $techmap\law.$procmux$4626.
    dead port 1/2 on $mux $techmap\law.$procmux$4629.
    dead port 2/2 on $mux $techmap\law.$procmux$4631.
    dead port 2/2 on $mux $techmap\dut.baseline.transition.$procmux$5462.
    dead port 2/2 on $mux $techmap\law.$procmux$4658.
    dead port 2/2 on $mux $techmap\law.$procmux$4660.
    dead port 2/2 on $mux $techmap\law.$procmux$4662.
    dead port 1/2 on $mux $techmap\law.$procmux$4665.
    dead port 2/2 on $mux $techmap\law.$procmux$4667.
    dead port 2/2 on $mux $techmap\law.$procmux$4696.
    dead port 2/2 on $mux $techmap\law.$procmux$4698.
    dead port 2/2 on $mux $techmap\dut.baseline.transition.$procmux$3880.
    dead port 2/2 on $mux $techmap\law.$procmux$4700.
    dead port 1/2 on $mux $techmap\law.$procmux$4703.
    dead port 2/2 on $mux $techmap\law.$procmux$4705.
    dead port 2/2 on $mux $techmap\dut.baseline.transition.$procmux$3882.
    dead port 2/2 on $mux $techmap\law.$procmux$4735.
    dead port 2/2 on $mux $techmap\law.$procmux$4737.
    dead port 2/2 on $mux $techmap\dut.baseline.transition.$procmux$1580.
    dead port 2/2 on $mux $techmap\law.$procmux$4739.
    dead port 1/2 on $mux $techmap\law.$procmux$4742.
    dead port 2/2 on $mux $techmap\law.$procmux$4744.
    dead port 2/2 on $mux $techmap\dut.baseline.transition.$procmux$3884.
    dead port 1/2 on $mux $techmap\dut.baseline.transition.$procmux$3887.
    dead port 2/2 on $mux $techmap\law.$procmux$4756.
    dead port 2/2 on $mux $techmap\law.$procmux$4758.
    dead port 2/2 on $mux $techmap\dut.baseline.transition.$procmux$3889.
    dead port 2/2 on $mux $techmap\law.$procmux$4760.
    dead port 1/2 on $mux $techmap\law.$procmux$4763.
    dead port 2/2 on $mux $techmap\law.$procmux$4765.
    dead port 2/2 on $mux $techmap\dut.baseline.transition.$procmux$1582.
    dead port 2/2 on $mux $techmap\law.$procmux$4781.
    dead port 2/2 on $mux $techmap\law.$procmux$4783.
    dead port 2/2 on $mux $techmap\law.$procmux$4785.
    dead port 1/2 on $mux $techmap\law.$procmux$4788.
    dead port 2/2 on $mux $techmap\law.$procmux$4790.
    dead port 2/2 on $mux $techmap\dut.baseline.transition.$procmux$3914.
    dead port 2/2 on $mux $techmap\dut.baseline.transition.$procmux$3916.
    dead port 2/2 on $mux $techmap\law.$procmux$4810.
    dead port 2/2 on $mux $techmap\law.$procmux$4812.
    dead port 2/2 on $mux $techmap\dut.baseline.transition.$procmux$3918.
    dead port 2/2 on $mux $techmap\law.$procmux$4814.
    dead port 1/2 on $mux $techmap\law.$procmux$4817.
    dead port 2/2 on $mux $techmap\law.$procmux$4819.
    dead port 1/2 on $mux $techmap\dut.baseline.transition.$procmux$3921.
    dead port 2/2 on $mux $techmap\dut.baseline.transition.$procmux$3923.
    dead port 2/2 on $mux $techmap\law.$procmux$4843.
    dead port 2/2 on $mux $techmap\law.$procmux$4845.
    dead port 2/2 on $mux $techmap\law.$procmux$4847.
    dead port 1/2 on $mux $techmap\law.$procmux$4850.
    dead port 2/2 on $mux $techmap\law.$procmux$4852.
    dead port 2/2 on $mux $techmap\dut.baseline.transition.$procmux$3950.
    dead port 2/2 on $mux $techmap\law.$procmux$4880.
    dead port 2/2 on $mux $techmap\law.$procmux$4882.
    dead port 2/2 on $mux $techmap\dut.baseline.transition.$procmux$3952.
    dead port 2/2 on $mux $techmap\law.$procmux$4884.
    dead port 1/2 on $mux $techmap\law.$procmux$4887.
    dead port 2/2 on $mux $techmap\law.$procmux$4889.
    dead port 2/2 on $mux $techmap\law.$procmux$4919.
    dead port 2/2 on $mux $techmap\law.$procmux$4921.
    dead port 2/2 on $mux $techmap\dut.baseline.transition.$procmux$3954.
    dead port 2/2 on $mux $techmap\law.$procmux$4923.
    dead port 1/2 on $mux $techmap\law.$procmux$4926.
    dead port 2/2 on $mux $techmap\law.$procmux$4928.
    dead port 1/2 on $mux $techmap\dut.baseline.transition.$procmux$3957.
    dead port 2/2 on $mux $techmap\dut.baseline.transition.$procmux$3959.
    dead port 2/2 on $mux $techmap\law.$procmux$4946.
    dead port 2/2 on $mux $techmap\law.$procmux$4948.
    dead port 2/2 on $mux $techmap\law.$procmux$4950.
    dead port 1/2 on $mux $techmap\law.$procmux$4953.
    dead port 2/2 on $mux $techmap\law.$procmux$4955.
    dead port 2/2 on $mux $techmap\dut.baseline.transition.$procmux$3988.
    dead port 2/2 on $mux $techmap\law.$procmux$4969.
    dead port 2/2 on $mux $techmap\law.$procmux$4971.
    dead port 2/2 on $mux $techmap\dut.baseline.transition.$procmux$3990.
    dead port 2/2 on $mux $techmap\law.$procmux$4973.
    dead port 1/2 on $mux $techmap\law.$procmux$4976.
    dead port 2/2 on $mux $techmap\law.$procmux$4978.
    dead port 2/2 on $mux $techmap\dut.baseline.transition.$procmux$3992.
    dead port 1/2 on $mux $techmap\dut.baseline.transition.$procmux$3995.
    dead port 2/2 on $mux $techmap\law.$procmux$5000.
    dead port 2/2 on $mux $techmap\law.$procmux$5002.
    dead port 2/2 on $mux $techmap\dut.baseline.transition.$procmux$3997.
    dead port 2/2 on $mux $techmap\law.$procmux$5004.
    dead port 1/2 on $mux $techmap\law.$procmux$5007.
    dead port 2/2 on $mux $techmap\law.$procmux$5009.
    dead port 2/2 on $mux $techmap\law.$procmux$5039.
    dead port 2/2 on $mux $techmap\law.$procmux$5041.
    dead port 2/2 on $mux $techmap\dut.baseline.transition.$procmux$4027.
    dead port 2/2 on $mux $techmap\law.$procmux$5043.
    dead port 1/2 on $mux $techmap\law.$procmux$5046.
    dead port 2/2 on $mux $techmap\law.$procmux$5048.
    dead port 2/2 on $mux $techmap\dut.baseline.transition.$procmux$4029.
    dead port 2/2 on $mux $techmap\dut.baseline.transition.$procmux$1584.
    dead port 2/2 on $mux $techmap\dut.baseline.transition.$procmux$4031.
    dead port 2/2 on $mux $techmap\law.$procmux$5074.
    dead port 2/2 on $mux $techmap\law.$procmux$5076.
    dead port 1/2 on $mux $techmap\dut.baseline.transition.$procmux$4034.
    dead port 2/2 on $mux $techmap\law.$procmux$5078.
    dead port 1/2 on $mux $techmap\law.$procmux$5081.
    dead port 2/2 on $mux $techmap\law.$procmux$5083.
    dead port 2/2 on $mux $techmap\law.$procmux$5093.
    dead port 2/2 on $mux $techmap\dut.baseline.transition.$procmux$4036.
    dead port 2/2 on $mux $techmap\law.$procmux$5095.
    dead port 1/2 on $mux $techmap\law.$procmux$5098.
    dead port 2/2 on $mux $techmap\law.$procmux$5100.
    dead port 2/2 on $mux $techmap\law.$procmux$5110.
    dead port 2/2 on $mux $techmap\law.$procmux$5112.
    dead port 1/2 on $mux $techmap\law.$procmux$5115.
    dead port 2/2 on $mux $techmap\law.$procmux$5117.
    dead port 2/2 on $mux $techmap\law.$procmux$5128.
    dead port 1/2 on $mux $techmap\dut.baseline.transition.$procmux$1587.
    dead port 2/2 on $mux $techmap\law.$procmux$5130.
    dead port 1/2 on $mux $techmap\law.$procmux$5133.
    dead port 2/2 on $mux $techmap\law.$procmux$5135.
    dead port 2/2 on $mux $techmap\law.$procmux$5147.
    dead port 2/2 on $mux $techmap\law.$procmux$5149.
    dead port 2/2 on $mux $techmap\dut.baseline.transition.$procmux$1589.
    dead port 2/2 on $mux $techmap\law.$procmux$5151.
    dead port 1/2 on $mux $techmap\law.$procmux$5154.
    dead port 2/2 on $mux $techmap\law.$procmux$5156.
    dead port 2/2 on $mux $techmap\law.$procmux$5169.
    dead port 2/2 on $mux $techmap\law.$procmux$5171.
    dead port 2/2 on $mux $techmap\law.$procmux$5173.
    dead port 2/2 on $mux $techmap\dut.baseline.transition.$procmux$4048.
    dead port 2/2 on $mux $techmap\law.$procmux$5175.
    dead port 1/2 on $mux $techmap\law.$procmux$5178.
    dead port 2/2 on $mux $techmap\law.$procmux$5180.
    dead port 2/2 on $mux $techmap\law.$procmux$5192.
    dead port 2/2 on $mux $techmap\law.$procmux$5194.
    dead port 2/2 on $mux $techmap\dut.baseline.transition.$procmux$4050.
    dead port 2/2 on $mux $techmap\law.$procmux$5196.
    dead port 1/2 on $mux $techmap\law.$procmux$5199.
    dead port 2/2 on $mux $techmap\law.$procmux$5201.
    dead port 2/2 on $mux $techmap\dut.baseline.transition.$procmux$5238.
    dead port 2/2 on $mux $techmap\law.$procmux$5213.
    dead port 2/2 on $mux $techmap\law.$procmux$5215.
    dead port 2/2 on $mux $techmap\law.$procmux$5217.
    dead port 1/2 on $mux $techmap\law.$procmux$5220.
    dead port 2/2 on $mux $techmap\law.$procmux$5222.
    dead port 2/2 on $mux $techmap\dut.baseline.transition.$procmux$5240.
    dead port 2/2 on $mux $techmap\dut.baseline.transition.$procmux$1865.
    dead port 2/2 on $mux $techmap\dut.baseline.transition.$procmux$5242.
    dead port 2/2 on $mux $techmap\law.$procmux$5238.
    dead port 2/2 on $mux $techmap\law.$procmux$5240.
    dead port 2/2 on $mux $techmap\dut.baseline.transition.$procmux$4052.
    dead port 2/2 on $mux $techmap\law.$procmux$5242.
    dead port 1/2 on $mux $techmap\law.$procmux$5245.
    dead port 2/2 on $mux $techmap\law.$procmux$5247.
    dead port 1/2 on $mux $techmap\dut.baseline.transition.$procmux$4055.
    dead port 1/2 on $mux $techmap\dut.baseline.transition.$procmux$5245.
    dead port 2/2 on $mux $techmap\dut.baseline.transition.$procmux$4057.
    dead port 2/2 on $mux $techmap\law.$procmux$5261.
    dead port 2/2 on $mux $techmap\law.$procmux$5263.
    dead port 2/2 on $mux $techmap\law.$procmux$5265.
    dead port 1/2 on $mux $techmap\law.$procmux$5268.
    dead port 2/2 on $mux $techmap\law.$procmux$5270.
    dead port 2/2 on $mux $techmap\dut.baseline.transition.$procmux$5247.
    dead port 2/2 on $mux $techmap\law.$procmux$5288.
    dead port 2/2 on $mux $techmap\law.$procmux$5290.
    dead port 2/2 on $mux $techmap\dut.baseline.transition.$procmux$1621.
    dead port 2/2 on $mux $techmap\law.$procmux$5292.
    dead port 1/2 on $mux $techmap\law.$procmux$5295.
    dead port 2/2 on $mux $techmap\law.$procmux$5297.
    dead port 2/2 on $mux $techmap\dut.baseline.transition.$procmux$1727.
    dead port 2/2 on $mux $techmap\law.$procmux$5317.
    dead port 2/2 on $mux $techmap\law.$procmux$5319.
    dead port 2/2 on $mux $techmap\dut.baseline.transition.$procmux$4073.
    dead port 2/2 on $mux $techmap\law.$procmux$5321.
    dead port 1/2 on $mux $techmap\law.$procmux$5324.
    dead port 2/2 on $mux $techmap\law.$procmux$5326.
    dead port 2/2 on $mux $techmap\dut.baseline.transition.$procmux$4075.
    dead port 2/2 on $mux $techmap\dut.baseline.transition.$procmux$5261.
    dead port 2/2 on $mux $techmap\law.$procmux$5348.
    dead port 2/2 on $mux $techmap\law.$procmux$5350.
    dead port 2/2 on $mux $techmap\dut.baseline.transition.$procmux$1623.
    dead port 2/2 on $mux $techmap\law.$procmux$5352.
    dead port 1/2 on $mux $techmap\law.$procmux$5355.
    dead port 2/2 on $mux $techmap\law.$procmux$5357.
    dead port 2/2 on $mux $techmap\dut.baseline.transition.$procmux$4077.
    dead port 2/2 on $mux $techmap\dut.baseline.transition.$procmux$5263.
    dead port 2/2 on $mux $techmap\law.$procmux$5381.
    dead port 2/2 on $mux $techmap\law.$procmux$5383.
    dead port 1/2 on $mux $techmap\dut.baseline.transition.$procmux$4080.
    dead port 2/2 on $mux $techmap\law.$procmux$5385.
    dead port 1/2 on $mux $techmap\law.$procmux$5388.
    dead port 2/2 on $mux $techmap\law.$procmux$5390.
    dead port 2/2 on $mux $techmap\dut.baseline.transition.$procmux$4082.
    dead port 2/2 on $mux $techmap\dut.baseline.transition.$procmux$5265.
    dead port 1/2 on $mux $techmap\dut.baseline.transition.$procmux$5268.
    dead port 2/2 on $mux $techmap\law.$procmux$5416.
    dead port 2/2 on $mux $techmap\law.$procmux$5418.
    dead port 2/2 on $mux $techmap\law.$procmux$5420.
    dead port 1/2 on $mux $techmap\law.$procmux$5423.
    dead port 2/2 on $mux $techmap\law.$procmux$5425.
    dead port 2/2 on $mux $techmap\dut.baseline.transition.$procmux$1625.
    dead port 2/2 on $mux $techmap\dut.baseline.transition.$procmux$5270.
    dead port 2/2 on $mux $techmap\law.$procmux$5453.
    dead port 2/2 on $mux $techmap\law.$procmux$5455.
    dead port 2/2 on $mux $techmap\dut.baseline.transition.$procmux$4662.
    dead port 2/2 on $mux $techmap\law.$procmux$5457.
    dead port 1/2 on $mux $techmap\law.$procmux$5460.
    dead port 2/2 on $mux $techmap\law.$procmux$5462.
    dead port 2/2 on $mux $techmap\law.$procmux$5492.
    dead port 2/2 on $mux $techmap\law.$procmux$5494.
    dead port 2/2 on $mux $techmap\dut.baseline.transition.$procmux$4102.
    dead port 2/2 on $mux $techmap\law.$procmux$5496.
    dead port 1/2 on $mux $techmap\law.$procmux$5499.
    dead port 2/2 on $mux $techmap\law.$procmux$5501.
    dead port 2/2 on $mux $techmap\dut.baseline.transition.$procmux$4104.
    dead port 2/2 on $mux $techmap\dut.baseline.transition.$procmux$5288.
    dead port 2/2 on $mux $techmap\law.$procmux$5532.
    dead port 2/2 on $mux $techmap\law.$procmux$5534.
    dead port 2/2 on $mux $techmap\law.$procmux$5536.
    dead port 1/2 on $mux $techmap\law.$procmux$5539.
    dead port 2/2 on $mux $techmap\law.$procmux$5541.
    dead port 2/2 on $mux $techmap\dut.baseline.transition.$procmux$4106.
    dead port 1/2 on $mux $techmap\dut.baseline.transition.$procmux$4109.
    dead port 2/2 on $mux $techmap\law.$procmux$5554.
    dead port 2/2 on $mux $techmap\law.$procmux$5556.
    dead port 2/2 on $mux $techmap\dut.baseline.transition.$procmux$4111.
    dead port 2/2 on $mux $techmap\law.$procmux$5558.
    dead port 1/2 on $mux $techmap\law.$procmux$5561.
    dead port 2/2 on $mux $techmap\law.$procmux$5563.
    dead port 2/2 on $mux $techmap\law.$procmux$5580.
    dead port 2/2 on $mux $techmap\law.$procmux$5582.
    dead port 2/2 on $mux $techmap\law.$procmux$5584.
    dead port 1/2 on $mux $techmap\law.$procmux$5587.
    dead port 2/2 on $mux $techmap\law.$procmux$5589.
    dead port 2/2 on $mux $techmap\dut.baseline.transition.$procmux$4135.
    dead port 2/2 on $mux $techmap\dut.baseline.transition.$procmux$4137.
    dead port 2/2 on $mux $techmap\dut.baseline.transition.$procmux$1627.
    dead port 2/2 on $mux $techmap\law.$procmux$5610.
    dead port 2/2 on $mux $techmap\law.$procmux$5612.
    dead port 2/2 on $mux $techmap\dut.baseline.transition.$procmux$4139.
    dead port 2/2 on $mux $techmap\law.$procmux$5614.
    dead port 1/2 on $mux $techmap\law.$procmux$5617.
    dead port 2/2 on $mux $techmap\law.$procmux$5619.
    dead port 1/2 on $mux $techmap\dut.baseline.transition.$procmux$4142.
    dead port 2/2 on $mux $techmap\dut.baseline.transition.$procmux$4144.
    dead port 2/2 on $mux $techmap\law.$procmux$5644.
    dead port 2/2 on $mux $techmap\law.$procmux$5646.
    dead port 1/2 on $mux $techmap\dut.baseline.transition.$procmux$1630.
    dead port 2/2 on $mux $techmap\law.$procmux$5648.
    dead port 1/2 on $mux $techmap\law.$procmux$5651.
    dead port 2/2 on $mux $techmap\law.$procmux$5653.
    dead port 2/2 on $mux $techmap\dut.baseline.transition.$procmux$1632.
    dead port 2/2 on $mux $techmap\dut.baseline.transition.$procmux$4172.
    dead port 2/2 on $mux $techmap\law.$procmux$5682.
    dead port 2/2 on $mux $techmap\law.$procmux$5684.
    dead port 2/2 on $mux $techmap\dut.baseline.transition.$procmux$4174.
    dead port 2/2 on $mux $techmap\law.$procmux$5686.
    dead port 1/2 on $mux $techmap\law.$procmux$5689.
    dead port 2/2 on $mux $techmap\law.$procmux$5691.
    dead port 2/2 on $mux $techmap\law.$procmux$5722.
    dead port 2/2 on $mux $techmap\law.$procmux$5724.
    dead port 2/2 on $mux $techmap\dut.baseline.transition.$procmux$4176.
    dead port 2/2 on $mux $techmap\law.$procmux$5726.
    dead port 1/2 on $mux $techmap\law.$procmux$5729.
    dead port 2/2 on $mux $techmap\law.$procmux$5731.
    dead port 1/2 on $mux $techmap\dut.baseline.transition.$procmux$4179.
    dead port 2/2 on $mux $techmap\dut.baseline.transition.$procmux$4181.
    dead port 2/2 on $mux $techmap\law.$procmux$5750.
    dead port 2/2 on $mux $techmap\law.$procmux$5752.
    dead port 2/2 on $mux $techmap\dut.baseline.transition.$procmux$1666.
    dead port 2/2 on $mux $techmap\law.$procmux$5754.
    dead port 1/2 on $mux $techmap\law.$procmux$5757.
    dead port 2/2 on $mux $techmap\law.$procmux$5759.
    dead port 2/2 on $mux $techmap\dut.baseline.transition.$procmux$4211.
    dead port 2/2 on $mux $techmap\dut.baseline.transition.$procmux$4213.
    dead port 2/2 on $mux $techmap\law.$procmux$5774.
    dead port 2/2 on $mux $techmap\law.$procmux$5776.
    dead port 2/2 on $mux $techmap\dut.baseline.transition.$procmux$4215.
    dead port 2/2 on $mux $techmap\law.$procmux$5778.
    dead port 1/2 on $mux $techmap\law.$procmux$5781.
    dead port 2/2 on $mux $techmap\law.$procmux$5783.
    dead port 1/2 on $mux $techmap\dut.baseline.transition.$procmux$4218.
    dead port 2/2 on $mux $techmap\dut.baseline.transition.$procmux$4220.
    dead port 2/2 on $mux $techmap\law.$procmux$5806.
    dead port 2/2 on $mux $techmap\law.$procmux$5808.
    dead port 2/2 on $mux $techmap\dut.baseline.transition.$procmux$1668.
    dead port 2/2 on $mux $techmap\law.$procmux$5810.
    dead port 1/2 on $mux $techmap\law.$procmux$5813.
    dead port 2/2 on $mux $techmap\law.$procmux$5815.
    dead port 2/2 on $mux $techmap\dut.baseline.transition.$procmux$1670.
    dead port 2/2 on $mux $techmap\dut.baseline.transition.$procmux$5290.
    dead port 2/2 on $mux $techmap\dut.baseline.transition.$procmux$4238.
    dead port 2/2 on $mux $techmap\law.$procmux$5846.
    dead port 2/2 on $mux $techmap\law.$procmux$5848.
    dead port 2/2 on $mux $techmap\dut.baseline.transition.$procmux$4240.
    dead port 2/2 on $mux $techmap\law.$procmux$5850.
    dead port 1/2 on $mux $techmap\law.$procmux$5853.
    dead port 2/2 on $mux $techmap\law.$procmux$5855.
    dead port 2/2 on $mux $techmap\dut.baseline.transition.$procmux$4242.
    dead port 1/2 on $mux $techmap\dut.baseline.transition.$procmux$4245.
    dead port 2/2 on $mux $techmap\law.$procmux$5882.
    dead port 2/2 on $mux $techmap\law.$procmux$5884.
    dead port 2/2 on $mux $techmap\dut.baseline.transition.$procmux$4247.
    dead port 2/2 on $mux $techmap\law.$procmux$5886.
    dead port 1/2 on $mux $techmap\law.$procmux$5889.
    dead port 2/2 on $mux $techmap\law.$procmux$5891.
    dead port 2/2 on $mux $techmap\law.$procmux$5902.
    dead port 2/2 on $mux $techmap\law.$procmux$5904.
    dead port 1/2 on $mux $techmap\law.$procmux$5907.
    dead port 2/2 on $mux $techmap\law.$procmux$5909.
    dead port 2/2 on $mux $techmap\law.$procmux$5920.
    dead port 2/2 on $mux $techmap\law.$procmux$5922.
    dead port 1/2 on $mux $techmap\law.$procmux$5925.
    dead port 2/2 on $mux $techmap\law.$procmux$5927.
    dead port 2/2 on $mux $techmap\law.$procmux$5939.
    dead port 2/2 on $mux $techmap\law.$procmux$5941.
    dead port 2/2 on $mux $techmap\law.$procmux$5943.
    dead port 1/2 on $mux $techmap\law.$procmux$5946.
    dead port 2/2 on $mux $techmap\law.$procmux$5948.
    dead port 2/2 on $mux $techmap\law.$procmux$5960.
    dead port 2/2 on $mux $techmap\law.$procmux$5962.
    dead port 1/2 on $mux $techmap\law.$procmux$5965.
    dead port 2/2 on $mux $techmap\law.$procmux$5967.
    dead port 2/2 on $mux $techmap\law.$procmux$5980.
    dead port 2/2 on $mux $techmap\law.$procmux$5982.
    dead port 2/2 on $mux $techmap\dut.baseline.transition.$procmux$4261.
    dead port 2/2 on $mux $techmap\law.$procmux$5984.
    dead port 1/2 on $mux $techmap\law.$procmux$5987.
    dead port 2/2 on $mux $techmap\law.$procmux$5989.
    dead port 2/2 on $mux $techmap\law.$procmux$6005.
    dead port 2/2 on $mux $techmap\law.$procmux$6007.
    dead port 2/2 on $mux $techmap\dut.baseline.transition.$procmux$4263.
    dead port 2/2 on $mux $techmap\law.$procmux$6009.
    dead port 1/2 on $mux $techmap\law.$procmux$6012.
    dead port 2/2 on $mux $techmap\law.$procmux$6014.
    dead port 2/2 on $mux $techmap\law.$procmux$6032.
    dead port 2/2 on $mux $techmap\law.$procmux$6034.
    dead port 2/2 on $mux $techmap\law.$procmux$6036.
    dead port 1/2 on $mux $techmap\law.$procmux$6039.
    dead port 2/2 on $mux $techmap\law.$procmux$6041.
    dead port 2/2 on $mux $techmap\law.$procmux$6061.
    dead port 2/2 on $mux $techmap\law.$procmux$6063.
    dead port 2/2 on $mux $techmap\dut.baseline.transition.$procmux$4265.
    dead port 2/2 on $mux $techmap\law.$procmux$6065.
    dead port 1/2 on $mux $techmap\law.$procmux$6068.
    dead port 2/2 on $mux $techmap\law.$procmux$6070.
    dead port 2/2 on $mux $techmap\law.$procmux$6092.
    dead port 2/2 on $mux $techmap\law.$procmux$6094.
    dead port 1/2 on $mux $techmap\dut.baseline.transition.$procmux$4268.
    dead port 2/2 on $mux $techmap\law.$procmux$6096.
    dead port 1/2 on $mux $techmap\law.$procmux$6099.
    dead port 2/2 on $mux $techmap\law.$procmux$6101.
    dead port 2/2 on $mux $techmap\law.$procmux$6125.
    dead port 2/2 on $mux $techmap\law.$procmux$6127.
    dead port 2/2 on $mux $techmap\dut.baseline.transition.$procmux$4270.
    dead port 2/2 on $mux $techmap\law.$procmux$6129.
    dead port 1/2 on $mux $techmap\law.$procmux$6132.
    dead port 2/2 on $mux $techmap\law.$procmux$6134.
    dead port 2/2 on $mux $techmap\law.$procmux$6160.
    dead port 2/2 on $mux $techmap\law.$procmux$6162.
    dead port 2/2 on $mux $techmap\law.$procmux$6164.
    dead port 1/2 on $mux $techmap\law.$procmux$6167.
    dead port 2/2 on $mux $techmap\law.$procmux$6169.
    dead port 2/2 on $mux $techmap\law.$procmux$6197.
    dead port 2/2 on $mux $techmap\law.$procmux$6199.
    dead port 2/2 on $mux $techmap\dut.baseline.transition.$procmux$1672.
    dead port 2/2 on $mux $techmap\law.$procmux$6201.
    dead port 1/2 on $mux $techmap\law.$procmux$6204.
    dead port 2/2 on $mux $techmap\law.$procmux$6206.
    dead port 2/2 on $mux $techmap\law.$procmux$6236.
    dead port 2/2 on $mux $techmap\law.$procmux$6238.
    dead port 1/2 on $mux $techmap\dut.baseline.transition.$procmux$1675.
    dead port 2/2 on $mux $techmap\law.$procmux$6240.
    dead port 1/2 on $mux $techmap\law.$procmux$6243.
    dead port 2/2 on $mux $techmap\law.$procmux$6245.
    dead port 2/2 on $mux $techmap\law.$procmux$6277.
    dead port 2/2 on $mux $techmap\law.$procmux$6279.
    dead port 2/2 on $mux $techmap\dut.baseline.transition.$procmux$1677.
    dead port 2/2 on $mux $techmap\law.$procmux$6281.
    dead port 1/2 on $mux $techmap\law.$procmux$6284.
    dead port 2/2 on $mux $techmap\law.$procmux$6286.
    dead port 2/2 on $mux $techmap\law.$procmux$6320.
    dead port 2/2 on $mux $techmap\law.$procmux$6322.
    dead port 2/2 on $mux $techmap\dut.baseline.transition.$procmux$4292.
    dead port 2/2 on $mux $techmap\law.$procmux$6324.
    dead port 1/2 on $mux $techmap\law.$procmux$6327.
    dead port 2/2 on $mux $techmap\law.$procmux$6329.
    dead port 2/2 on $mux $techmap\law.$procmux$6343.
    dead port 2/2 on $mux $techmap\law.$procmux$6345.
    dead port 2/2 on $mux $techmap\dut.baseline.transition.$procmux$4294.
    dead port 2/2 on $mux $techmap\law.$procmux$6347.
    dead port 1/2 on $mux $techmap\law.$procmux$6350.
    dead port 2/2 on $mux $techmap\law.$procmux$6352.
    dead port 2/2 on $mux $techmap\law.$procmux$6371.
    dead port 2/2 on $mux $techmap\law.$procmux$6373.
    dead port 2/2 on $mux $techmap\law.$procmux$6375.
    dead port 1/2 on $mux $techmap\law.$procmux$6378.
    dead port 2/2 on $mux $techmap\law.$procmux$6380.
    dead port 2/2 on $mux $techmap\law.$procmux$6403.
    dead port 2/2 on $mux $techmap\law.$procmux$6405.
    dead port 2/2 on $mux $techmap\dut.baseline.transition.$procmux$4296.
    dead port 2/2 on $mux $techmap\law.$procmux$6407.
    dead port 1/2 on $mux $techmap\law.$procmux$6410.
    dead port 2/2 on $mux $techmap\law.$procmux$6412.
    dead port 2/2 on $mux $techmap\law.$procmux$6439.
    dead port 2/2 on $mux $techmap\law.$procmux$6441.
    dead port 1/2 on $mux $techmap\dut.baseline.transition.$procmux$4299.
    dead port 2/2 on $mux $techmap\law.$procmux$6443.
    dead port 1/2 on $mux $techmap\law.$procmux$6446.
    dead port 2/2 on $mux $techmap\law.$procmux$6448.
    dead port 2/2 on $mux $techmap\law.$procmux$6479.
    dead port 2/2 on $mux $techmap\law.$procmux$6481.
    dead port 2/2 on $mux $techmap\dut.baseline.transition.$procmux$4301.
    dead port 2/2 on $mux $techmap\law.$procmux$6483.
    dead port 1/2 on $mux $techmap\law.$procmux$6486.
    dead port 2/2 on $mux $techmap\law.$procmux$6488.
    dead port 2/2 on $mux $techmap\law.$procmux$6503.
    dead port 2/2 on $mux $techmap\law.$procmux$6505.
    dead port 2/2 on $mux $techmap\law.$procmux$6507.
    dead port 1/2 on $mux $techmap\law.$procmux$6510.
    dead port 2/2 on $mux $techmap\law.$procmux$6512.
    dead port 2/2 on $mux $techmap\law.$procmux$6533.
    dead port 2/2 on $mux $techmap\law.$procmux$6535.
    dead port 2/2 on $mux $techmap\law.$procmux$6537.
    dead port 1/2 on $mux $techmap\law.$procmux$6540.
    dead port 2/2 on $mux $techmap\law.$procmux$6542.
    dead port 2/2 on $mux $techmap\law.$procmux$6571.
    dead port 2/2 on $mux $techmap\law.$procmux$6573.
    dead port 2/2 on $mux $techmap\dut.baseline.transition.$procmux$1691.
    dead port 2/2 on $mux $techmap\law.$procmux$6575.
    dead port 1/2 on $mux $techmap\law.$procmux$6578.
    dead port 2/2 on $mux $techmap\law.$procmux$6580.
    dead port 2/2 on $mux $techmap\law.$procmux$6597.
    dead port 2/2 on $mux $techmap\law.$procmux$6599.
    dead port 2/2 on $mux $techmap\law.$procmux$6601.
    dead port 1/2 on $mux $techmap\law.$procmux$6604.
    dead port 2/2 on $mux $techmap\law.$procmux$6606.
    dead port 2/2 on $mux $techmap\law.$procmux$6639.
    dead port 2/2 on $mux $techmap\law.$procmux$6641.
    dead port 2/2 on $mux $techmap\dut.baseline.transition.$procmux$4331.
    dead port 2/2 on $mux $techmap\law.$procmux$6643.
    dead port 1/2 on $mux $techmap\law.$procmux$6646.
    dead port 2/2 on $mux $techmap\law.$procmux$6648.
    dead port 2/2 on $mux $techmap\law.$procmux$6673.
    dead port 2/2 on $mux $techmap\law.$procmux$6675.
    dead port 2/2 on $mux $techmap\dut.baseline.transition.$procmux$4333.
    dead port 2/2 on $mux $techmap\law.$procmux$6677.
    dead port 1/2 on $mux $techmap\law.$procmux$6680.
    dead port 2/2 on $mux $techmap\law.$procmux$6682.
    dead port 2/2 on $mux $techmap\law.$procmux$6695.
    dead port 2/2 on $mux $techmap\law.$procmux$6697.
    dead port 2/2 on $mux $techmap\dut.baseline.transition.$procmux$1693.
    dead port 2/2 on $mux $techmap\law.$procmux$6699.
    dead port 1/2 on $mux $techmap\law.$procmux$6702.
    dead port 2/2 on $mux $techmap\law.$procmux$6704.
    dead port 2/2 on $mux $techmap\dut.baseline.transition.$procmux$5292.
    dead port 1/2 on $mux $techmap\dut.baseline.transition.$procmux$5295.
    dead port 2/2 on $mux $techmap\dut.baseline.transition.$procmux$5297.
    dead port 2/2 on $mux $techmap\law.$procmux$6721.
    dead port 2/2 on $mux $techmap\law.$procmux$6723.
    dead port 2/2 on $mux $techmap\dut.baseline.transition.$procmux$4335.
    dead port 2/2 on $mux $techmap\law.$procmux$6725.
    dead port 1/2 on $mux $techmap\law.$procmux$6728.
    dead port 2/2 on $mux $techmap\law.$procmux$6730.
    dead port 1/2 on $mux $techmap\dut.baseline.transition.$procmux$4338.
    dead port 2/2 on $mux $techmap\dut.baseline.transition.$procmux$4340.
    dead port 2/2 on $mux $techmap\law.$procmux$6745.
    dead port 2/2 on $mux $techmap\law.$procmux$6747.
    dead port 2/2 on $mux $techmap\law.$procmux$6749.
    dead port 1/2 on $mux $techmap\law.$procmux$6752.
    dead port 2/2 on $mux $techmap\law.$procmux$6754.
    dead port 2/2 on $mux $techmap\dut.baseline.transition.$procmux$1695.
    dead port 1/2 on $mux $techmap\dut.baseline.transition.$procmux$4665.
    dead port 2/2 on $mux $techmap\dut.baseline.transition.$procmux$5492.
    dead port 2/2 on $mux $techmap\law.$procmux$6773.
    dead port 2/2 on $mux $techmap\law.$procmux$6775.
    dead port 2/2 on $mux $techmap\dut.baseline.transition.$procmux$5494.
    dead port 2/2 on $mux $techmap\law.$procmux$6777.
    dead port 1/2 on $mux $techmap\law.$procmux$6780.
    dead port 2/2 on $mux $techmap\law.$procmux$6782.
    dead port 2/2 on $mux $techmap\dut.baseline.transition.$procmux$5317.
    dead port 2/2 on $mux $techmap\dut.baseline.transition.$procmux$5319.
    dead port 2/2 on $mux $techmap\law.$procmux$6803.
    dead port 2/2 on $mux $techmap\law.$procmux$6805.
    dead port 2/2 on $mux $techmap\dut.baseline.transition.$procmux$4366.
    dead port 2/2 on $mux $techmap\law.$procmux$6807.
    dead port 1/2 on $mux $techmap\law.$procmux$6810.
    dead port 2/2 on $mux $techmap\law.$procmux$6812.
    dead port 2/2 on $mux $techmap\dut.baseline.transition.$procmux$4368.
    dead port 2/2 on $mux $techmap\dut.baseline.transition.$procmux$1867.
    dead port 2/2 on $mux $techmap\dut.baseline.transition.$procmux$5321.
    dead port 2/2 on $mux $techmap\law.$procmux$6835.
    dead port 2/2 on $mux $techmap\law.$procmux$6837.
    dead port 2/2 on $mux $techmap\law.$procmux$6839.
    dead port 1/2 on $mux $techmap\law.$procmux$6842.
    dead port 2/2 on $mux $techmap\law.$procmux$6844.
    dead port 2/2 on $mux $techmap\dut.baseline.transition.$procmux$4370.
    dead port 1/2 on $mux $techmap\dut.baseline.transition.$procmux$5324.
    dead port 2/2 on $mux $techmap\dut.baseline.transition.$procmux$5326.
    dead port 2/2 on $mux $techmap\law.$procmux$6869.
    dead port 2/2 on $mux $techmap\law.$procmux$6871.
    dead port 1/2 on $mux $techmap\dut.baseline.transition.$procmux$4373.
    dead port 2/2 on $mux $techmap\law.$procmux$6873.
    dead port 1/2 on $mux $techmap\law.$procmux$6876.
    dead port 2/2 on $mux $techmap\law.$procmux$6878.
    dead port 2/2 on $mux $techmap\dut.baseline.transition.$procmux$4375.
    dead port 1/2 on $mux $techmap\dut.baseline.transition.$procmux$1870.
    dead port 2/2 on $mux $techmap\law.$procmux$6905.
    dead port 2/2 on $mux $techmap\law.$procmux$6907.
    dead port 2/2 on $mux $techmap\law.$procmux$6909.
    dead port 1/2 on $mux $techmap\law.$procmux$6912.
    dead port 2/2 on $mux $techmap\law.$procmux$6914.
    dead port 2/2 on $mux $techmap\dut.baseline.transition.$procmux$4386.
    dead port 2/2 on $mux $techmap\dut.baseline.transition.$procmux$5496.
    dead port 2/2 on $mux $techmap\law.$procmux$6943.
    dead port 2/2 on $mux $techmap\law.$procmux$6945.
    dead port 2/2 on $mux $techmap\dut.baseline.transition.$procmux$4388.
    dead port 2/2 on $mux $techmap\law.$procmux$6947.
    dead port 1/2 on $mux $techmap\law.$procmux$6950.
    dead port 2/2 on $mux $techmap\law.$procmux$6952.
    dead port 2/2 on $mux $techmap\dut.baseline.transition.$procmux$5348.
    dead port 2/2 on $mux $techmap\dut.baseline.transition.$procmux$5350.
    dead port 2/2 on $mux $techmap\law.$procmux$6983.
    dead port 2/2 on $mux $techmap\law.$procmux$6985.
    dead port 2/2 on $mux $techmap\dut.baseline.transition.$procmux$4390.
    dead port 2/2 on $mux $techmap\law.$procmux$6987.
    dead port 1/2 on $mux $techmap\law.$procmux$6990.
    dead port 2/2 on $mux $techmap\law.$procmux$6992.
    dead port 1/2 on $mux $techmap\dut.baseline.transition.$procmux$4393.
    dead port 2/2 on $mux $techmap\dut.baseline.transition.$procmux$1872.
    dead port 2/2 on $mux $techmap\law.$procmux$7024.
    dead port 2/2 on $mux $techmap\law.$procmux$7026.
    dead port 2/2 on $mux $techmap\dut.baseline.transition.$procmux$4395.
    dead port 2/2 on $mux $techmap\law.$procmux$7028.
    dead port 1/2 on $mux $techmap\law.$procmux$7031.
    dead port 2/2 on $mux $techmap\law.$procmux$7033.
    dead port 2/2 on $mux $techmap\dut.baseline.transition.$procmux$4406.
    dead port 2/2 on $mux $techmap\law.$procmux$7047.
    dead port 2/2 on $mux $techmap\law.$procmux$7049.
    dead port 2/2 on $mux $techmap\dut.baseline.transition.$procmux$4408.
    dead port 2/2 on $mux $techmap\law.$procmux$7051.
    dead port 1/2 on $mux $techmap\law.$procmux$7054.
    dead port 2/2 on $mux $techmap\law.$procmux$7056.
    dead port 2/2 on $mux $techmap\dut.baseline.transition.$procmux$4410.
    dead port 1/2 on $mux $techmap\dut.baseline.transition.$procmux$4413.
    dead port 2/2 on $mux $techmap\law.$procmux$7074.
    dead port 2/2 on $mux $techmap\law.$procmux$7076.
    dead port 2/2 on $mux $techmap\dut.baseline.transition.$procmux$4415.
    dead port 2/2 on $mux $techmap\law.$procmux$7078.
    dead port 1/2 on $mux $techmap\law.$procmux$7081.
    dead port 2/2 on $mux $techmap\law.$procmux$7083.
    dead port 2/2 on $mux $techmap\dut.baseline.transition.$procmux$5352.
    dead port 2/2 on $mux $techmap\dut.baseline.transition.$procmux$4426.
    dead port 2/2 on $mux $techmap\law.$procmux$7105.
    dead port 2/2 on $mux $techmap\law.$procmux$7107.
    dead port 2/2 on $mux $techmap\dut.baseline.transition.$procmux$4428.
    dead port 2/2 on $mux $techmap\law.$procmux$7109.
    dead port 1/2 on $mux $techmap\law.$procmux$7112.
    dead port 2/2 on $mux $techmap\law.$procmux$7114.
    dead port 2/2 on $mux $techmap\dut.baseline.transition.$procmux$4430.
    dead port 1/2 on $mux $techmap\dut.baseline.transition.$procmux$4433.
    dead port 2/2 on $mux $techmap\law.$procmux$7140.
    dead port 2/2 on $mux $techmap\law.$procmux$7142.
    dead port 2/2 on $mux $techmap\dut.baseline.transition.$procmux$4435.
    dead port 2/2 on $mux $techmap\law.$procmux$7144.
    dead port 1/2 on $mux $techmap\law.$procmux$7147.
    dead port 2/2 on $mux $techmap\law.$procmux$7149.
    dead port 1/2 on $mux $techmap\dut.baseline.transition.$procmux$5355.
    dead port 2/2 on $mux $techmap\dut.baseline.transition.$procmux$5357.
    dead port 2/2 on $mux $techmap\law.$procmux$7179.
    dead port 2/2 on $mux $techmap\law.$procmux$7181.
    dead port 2/2 on $mux $techmap\law.$procmux$7183.
    dead port 1/2 on $mux $techmap\law.$procmux$7186.
    dead port 2/2 on $mux $techmap\law.$procmux$7188.
    dead port 2/2 on $mux $techmap\dut.baseline.transition.$procmux$4450.
    dead port 2/2 on $mux $techmap\law.$procmux$7220.
    dead port 2/2 on $mux $techmap\law.$procmux$7222.
    dead port 2/2 on $mux $techmap\dut.baseline.transition.$procmux$4452.
    dead port 2/2 on $mux $techmap\law.$procmux$7224.
    dead port 1/2 on $mux $techmap\law.$procmux$7227.
    dead port 2/2 on $mux $techmap\law.$procmux$7229.
    dead port 2/2 on $mux $techmap\dut.baseline.transition.$procmux$1697.
    dead port 2/2 on $mux $techmap\dut.baseline.transition.$procmux$4454.
    dead port 1/2 on $mux $techmap\dut.baseline.transition.$procmux$4457.
    dead port 2/2 on $mux $techmap\law.$procmux$7249.
    dead port 2/2 on $mux $techmap\law.$procmux$7251.
    dead port 2/2 on $mux $techmap\dut.baseline.transition.$procmux$4459.
    dead port 2/2 on $mux $techmap\law.$procmux$7253.
    dead port 1/2 on $mux $techmap\law.$procmux$7256.
    dead port 2/2 on $mux $techmap\law.$procmux$7258.
    dead port 1/2 on $mux $techmap\dut.baseline.transition.$procmux$1700.
    dead port 2/2 on $mux $techmap\law.$procmux$7274.
    dead port 2/2 on $mux $techmap\law.$procmux$7276.
    dead port 2/2 on $mux $techmap\dut.baseline.transition.$procmux$1702.
    dead port 2/2 on $mux $techmap\law.$procmux$7278.
    dead port 1/2 on $mux $techmap\law.$procmux$7281.
    dead port 2/2 on $mux $techmap\law.$procmux$7283.
    dead port 2/2 on $mux $techmap\dut.baseline.transition.$procmux$4472.
    dead port 2/2 on $mux $techmap\dut.baseline.transition.$procmux$4474.
    dead port 2/2 on $mux $techmap\law.$procmux$7307.
    dead port 2/2 on $mux $techmap\law.$procmux$7309.
    dead port 2/2 on $mux $techmap\dut.baseline.transition.$procmux$4476.
    dead port 2/2 on $mux $techmap\law.$procmux$7311.
    dead port 1/2 on $mux $techmap\law.$procmux$7314.
    dead port 2/2 on $mux $techmap\law.$procmux$7316.
    dead port 1/2 on $mux $techmap\dut.baseline.transition.$procmux$4479.
    dead port 2/2 on $mux $techmap\dut.baseline.transition.$procmux$4481.
    dead port 2/2 on $mux $techmap\law.$procmux$7348.
    dead port 2/2 on $mux $techmap\law.$procmux$7350.
    dead port 2/2 on $mux $techmap\law.$procmux$7352.
    dead port 1/2 on $mux $techmap\law.$procmux$7355.
    dead port 2/2 on $mux $techmap\law.$procmux$7357.
    dead port 1/2 on $mux $techmap\dut.baseline.transition.$procmux$5499.
    dead port 2/2 on $mux $techmap\dut.baseline.transition.$procmux$5501.
    dead port 2/2 on $mux $techmap\dut.baseline.transition.$procmux$4498.
    dead port 2/2 on $mux $techmap\law.$procmux$7385.
    dead port 2/2 on $mux $techmap\law.$procmux$7387.
    dead port 2/2 on $mux $techmap\dut.baseline.transition.$procmux$4500.
    dead port 2/2 on $mux $techmap\law.$procmux$7389.
    dead port 1/2 on $mux $techmap\law.$procmux$7392.
    dead port 2/2 on $mux $techmap\law.$procmux$7394.
    dead port 2/2 on $mux $techmap\law.$procmux$7406.
    dead port 2/2 on $mux $techmap\dut.baseline.transition.$procmux$1721.
    dead port 2/2 on $mux $techmap\law.$procmux$7408.
    dead port 1/2 on $mux $techmap\law.$procmux$7411.
    dead port 2/2 on $mux $techmap\law.$procmux$7413.
    dead port 2/2 on $mux $techmap\law.$procmux$7425.
    dead port 2/2 on $mux $techmap\dut.baseline.transition.$procmux$4502.
    dead port 2/2 on $mux $techmap\law.$procmux$7427.
    dead port 1/2 on $mux $techmap\law.$procmux$7430.
    dead port 2/2 on $mux $techmap\law.$procmux$7432.
    dead port 2/2 on $mux $techmap\law.$procmux$7445.
    dead port 2/2 on $mux $techmap\law.$procmux$7447.
    dead port 1/2 on $mux $techmap\dut.baseline.transition.$procmux$4505.
    dead port 2/2 on $mux $techmap\law.$procmux$7449.
    dead port 1/2 on $mux $techmap\law.$procmux$7452.
    dead port 2/2 on $mux $techmap\law.$procmux$7454.
    dead port 2/2 on $mux $techmap\dut.baseline.transition.$procmux$5381.
    dead port 2/2 on $mux $techmap\dut.baseline.transition.$procmux$4507.
    dead port 2/2 on $mux $techmap\dut.baseline.transition.$procmux$5383.
    dead port 2/2 on $mux $techmap\dut.baseline.transition.$procmux$5385.
    dead port 2/2 on $mux $techmap\dut.baseline.transition.$procmux$4526.
    dead port 2/2 on $mux $techmap\dut.baseline.transition.$procmux$4528.
    dead port 2/2 on $mux $techmap\dut.baseline.transition.$procmux$1723.
    dead port 2/2 on $mux $techmap\dut.baseline.transition.$procmux$4530.
    dead port 2/2 on $mux $techmap\law.$procmux$7465.
    dead port 1/2 on $mux $techmap\law.$procmux$7468.
    dead port 2/2 on $mux $techmap\law.$procmux$7470.
    dead port 2/2 on $mux $techmap\law.$procmux$7481.
    dead port 2/2 on $mux $techmap\law.$procmux$7483.
    dead port 1/2 on $mux $techmap\dut.baseline.transition.$procmux$4533.
    dead port 2/2 on $mux $techmap\law.$procmux$7485.
    dead port 1/2 on $mux $techmap\law.$procmux$7488.
    dead port 2/2 on $mux $techmap\law.$procmux$7490.
    dead port 1/2 on $mux $techmap\law.$procmux$7518.
    dead port 2/2 on $mux $techmap\law.$procmux$7520.
    dead port 1/2 on $mux $techmap\law.$procmux$7527.
    dead port 2/2 on $mux $techmap\law.$procmux$7529.
    dead port 2/2 on $mux $techmap\law.$procmux$7535.
    dead port 2/2 on $mux $techmap\law.$procmux$7541.
    dead port 2/2 on $mux $techmap\law.$procmux$7548.
    dead port 2/2 on $mux $techmap\law.$procmux$7550.
    dead port 2/2 on $mux $techmap\law.$procmux$7557.
    dead port 2/2 on $mux $techmap\law.$procmux$7559.
    dead port 2/2 on $mux $techmap\law.$procmux$7565.
    dead port 2/2 on $mux $techmap\law.$procmux$7571.
    dead port 2/2 on $mux $techmap\law.$procmux$7578.
    dead port 2/2 on $mux $techmap\law.$procmux$7580.
    dead port 2/2 on $mux $techmap\law.$procmux$7592.
    dead port 2/2 on $mux $techmap\law.$procmux$7607.
    dead port 2/2 on $mux $techmap\law.$procmux$7613.
    dead port 2/2 on $mux $techmap\law.$procmux$7619.
    dead port 2/2 on $mux $techmap\law.$procmux$7625.
    dead port 2/2 on $mux $techmap\law.$procmux$7631.
    dead port 2/2 on $mux $techmap\law.$procmux$7637.
    dead port 2/2 on $mux $techmap\law.$procmux$7643.
    dead port 2/2 on $mux $techmap\law.$procmux$7649.
    dead port 2/2 on $mux $techmap\dut.baseline.transition.$procmux$4535.
    dead port 2/2 on $mux $techmap\dut.baseline.transition.$procmux$1725.
    dead port 1/2 on $mux $techmap\dut.baseline.transition.$procmux$5388.
    dead port 2/2 on $mux $techmap\dut.baseline.transition.$procmux$5390.
    dead port 2/2 on $mux $techmap\dut.baseline.transition.$procmux$4556.
    dead port 2/2 on $mux $techmap\dut.baseline.transition.$procmux$4558.
    dead port 2/2 on $mux $techmap\dut.baseline.transition.$procmux$4560.
    dead port 1/2 on $mux $techmap\dut.baseline.transition.$procmux$4563.
    dead port 2/2 on $mux $techmap\dut.baseline.transition.$procmux$4565.
    dead port 2/2 on $mux $techmap\dut.baseline.transition.$procmux$1893.
    dead port 2/2 on $mux $techmap\dut.baseline.transition.$procmux$4588.
    dead port 2/2 on $mux $techmap\dut.baseline.transition.$procmux$4590.
    dead port 2/2 on $mux $techmap\dut.baseline.transition.$procmux$4592.
    dead port 1/2 on $mux $techmap\dut.baseline.transition.$procmux$4595.
    dead port 2/2 on $mux $techmap\dut.baseline.transition.$procmux$4597.
    dead port 2/2 on $mux $techmap\dut.baseline.transition.$procmux$5416.
    dead port 2/2 on $mux $techmap\dut.baseline.transition.$procmux$5418.
    dead port 2/2 on $mux $techmap\dut.baseline.transition.$procmux$4622.
    dead port 2/2 on $mux $techmap\dut.baseline.transition.$procmux$4624.
    dead port 2/2 on $mux $techmap\dut.baseline.transition.$procmux$4626.
    dead port 1/2 on $mux $techmap\dut.baseline.transition.$procmux$4629.
    dead port 2/2 on $mux $techmap\dut.baseline.transition.$procmux$4631.
    dead port 2/2 on $mux $techmap\dut.baseline.transition.$procmux$4667.
    dead port 2/2 on $mux $techmap\dut.baseline.transition.$procmux$5420.
Removed 2196 multiplexer ports.
<suppressed ~41 debug messages>

9.4. Executing OPT_REDUCE pass (consolidate $*mux and $reduce_* inputs).
  Optimizing cells in module \ingress_boundary_formal.
    New input vector for $reduce_or cell $techmap\law.$procmux$7666_ANY: { $techmap\law.$procmux$1200_CMP [2] $techmap\law.$procmux$1200_CMP [3] }
    New input vector for $reduce_or cell $techmap\dut.baseline.transition.$procmux$2916_ANY: { $techmap\dut.baseline.transition.$procmux$1200_CMP [0] $techmap\dut.baseline.transition.$procmux$1200_CMP [1] }
    New input vector for $reduce_or cell $techmap\law.$procmux$2916_ANY: { $techmap\law.$procmux$1200_CMP [0] $techmap\law.$procmux$1200_CMP [1] }
    New input vector for $reduce_or cell $techmap\dut.baseline.transition.$procmux$7666_ANY: { $techmap\dut.baseline.transition.$procmux$1200_CMP [2] $techmap\dut.baseline.transition.$procmux$1200_CMP [3] }
    New input vector for $reduce_or cell $techmap\dut.baseline.transition.$procmux$1760_ANY: { $techmap\dut.baseline.transition.$procmux$1200_CMP [0] $techmap\dut.baseline.transition.$procmux$1200_CMP [1] $techmap\dut.baseline.transition.$procmux$1200_CMP [2] $techmap\dut.baseline.transition.$procmux$1200_CMP [3] $techmap\dut.baseline.transition.$procmux$1200_CMP [4] }
    New input vector for $reduce_or cell $techmap\law.$procmux$1200_ANY: { $techmap\law.$procmux$1200_CMP [0] $techmap\law.$procmux$1200_CMP [1] $techmap\law.$procmux$1200_CMP [2] $techmap\law.$procmux$1200_CMP [3] $techmap\law.$procmux$1200_CMP [4] }
    New ctrl vector for $pmux cell $techmap\dut.baseline.transition.$procmux$4876: $auto$opt_reduce.cc:132:opt_mux$7684
    New ctrl vector for $pmux cell $techmap\law.$procmux$4446: $auto$opt_reduce.cc:132:opt_mux$7686
    New ctrl vector for $pmux cell $techmap\law.$procmux$4468: $auto$opt_reduce.cc:132:opt_mux$7688
    New ctrl vector for $pmux cell $techmap\law.$procmux$4494: $auto$opt_reduce.cc:132:opt_mux$7690
    New ctrl vector for $pmux cell $techmap\law.$procmux$4522: $auto$opt_reduce.cc:132:opt_mux$7692
    New ctrl vector for $pmux cell $techmap\law.$procmux$4552: $auto$opt_reduce.cc:132:opt_mux$7694
    New ctrl vector for $pmux cell $techmap\law.$procmux$4584: $auto$opt_reduce.cc:132:opt_mux$7696
    New ctrl vector for $pmux cell $techmap\law.$procmux$4618: $auto$opt_reduce.cc:132:opt_mux$7698
    New ctrl vector for $pmux cell $techmap\law.$procmux$4654: $auto$opt_reduce.cc:132:opt_mux$7700
    New ctrl vector for $pmux cell $techmap\law.$procmux$4692: $auto$opt_reduce.cc:132:opt_mux$7702
    New ctrl vector for $pmux cell $techmap\law.$procmux$4732: $auto$opt_reduce.cc:132:opt_mux$7704
    New ctrl vector for $pmux cell $techmap\dut.baseline.transition.$procmux$4777: $auto$opt_reduce.cc:132:opt_mux$7706
    New ctrl vector for $pmux cell $techmap\law.$procmux$4753: $auto$opt_reduce.cc:132:opt_mux$7708
    New ctrl vector for $pmux cell $techmap\dut.baseline.transition.$procmux$4942: $auto$opt_reduce.cc:132:opt_mux$7710
    New ctrl vector for $pmux cell $techmap\law.$procmux$4777: $auto$opt_reduce.cc:132:opt_mux$7712
    New ctrl vector for $pmux cell $techmap\law.$procmux$4806: $auto$opt_reduce.cc:132:opt_mux$7714
    New ctrl vector for $pmux cell $techmap\law.$procmux$4839: $auto$opt_reduce.cc:132:opt_mux$7716
    New ctrl vector for $pmux cell $techmap\law.$procmux$4876: $auto$opt_reduce.cc:132:opt_mux$7718
    New ctrl vector for $pmux cell $techmap\law.$procmux$4942: $auto$opt_reduce.cc:132:opt_mux$7720
    New ctrl vector for $pmux cell $techmap\law.$procmux$4965: $auto$opt_reduce.cc:132:opt_mux$7722
    New ctrl vector for $pmux cell $techmap\law.$procmux$4996: $auto$opt_reduce.cc:132:opt_mux$7724
    New ctrl vector for $pmux cell $techmap\law.$procmux$5035: $auto$opt_reduce.cc:132:opt_mux$7726
    New ctrl vector for $pmux cell $techmap\law.$procmux$5070: $auto$opt_reduce.cc:132:opt_mux$7728
    New ctrl vector for $pmux cell $techmap\dut.baseline.transition.$procmux$4965: $auto$opt_reduce.cc:132:opt_mux$7730
    New ctrl vector for $mux cell $techmap\dut.baseline.transition.$procmux$7555: { }
    New ctrl vector for $pmux cell $techmap\law.$procmux$1303: { $techmap\law.$procmux$1200_CMP [0] $techmap\law.$procmux$1200_CMP [1] $auto$opt_reduce.cc:132:opt_mux$7732 }
    New ctrl vector for $pmux cell $techmap\dut.baseline.transition.$procmux$4692: $auto$opt_reduce.cc:132:opt_mux$7734
    New ctrl vector for $pmux cell $techmap\dut.baseline.transition.$procmux$4732: $auto$opt_reduce.cc:132:opt_mux$7736
    New ctrl vector for $pmux cell $techmap\dut.baseline.transition.$procmux$4996: $auto$opt_reduce.cc:132:opt_mux$7738
    New ctrl vector for $pmux cell $techmap\dut.baseline.transition.$procmux$1303: { $techmap\dut.baseline.transition.$procmux$1200_CMP [0] $techmap\dut.baseline.transition.$procmux$1200_CMP [1] $auto$opt_reduce.cc:132:opt_mux$7740 }
    New ctrl vector for $pmux cell $techmap\dut.baseline.transition.$procmux$4806: $auto$opt_reduce.cc:132:opt_mux$7742
    New ctrl vector for $pmux cell $techmap\dut.ingress.$procmux$1131: $auto$opt_reduce.cc:132:opt_mux$7744
    New ctrl vector for $pmux cell $techmap\dut.baseline.transition.$procmux$5035: $auto$opt_reduce.cc:132:opt_mux$7746
    New ctrl vector for $pmux cell $techmap\dut.baseline.transition.$procmux$4839: $auto$opt_reduce.cc:132:opt_mux$7748
    New ctrl vector for $pmux cell $techmap\dut.baseline.transition.$procmux$5070: $auto$opt_reduce.cc:132:opt_mux$7750
    New ctrl vector for $pmux cell $techmap\dut.baseline.transition.$procmux$4753: $auto$opt_reduce.cc:132:opt_mux$7752
    New ctrl vector for $pmux cell $techmap\dut.baseline.transition.$procmux$4446: $auto$opt_reduce.cc:132:opt_mux$7754
    New ctrl vector for $pmux cell $techmap\dut.baseline.transition.$procmux$4468: $auto$opt_reduce.cc:132:opt_mux$7756
    New ctrl vector for $pmux cell $techmap\dut.baseline.transition.$procmux$4494: $auto$opt_reduce.cc:132:opt_mux$7758
    New ctrl vector for $pmux cell $techmap\dut.baseline.transition.$procmux$4522: $auto$opt_reduce.cc:132:opt_mux$7760
    New ctrl vector for $mux cell $techmap\law.$procmux$7555: { }
    New ctrl vector for $pmux cell $techmap\dut.baseline.transition.$procmux$4552: $auto$opt_reduce.cc:132:opt_mux$7762
    New ctrl vector for $pmux cell $techmap\dut.baseline.transition.$procmux$4584: $auto$opt_reduce.cc:132:opt_mux$7764
    New ctrl vector for $pmux cell $techmap\dut.baseline.transition.$procmux$4618: $auto$opt_reduce.cc:132:opt_mux$7766
    New ctrl vector for $pmux cell $techmap\dut.baseline.transition.$procmux$4654: $auto$opt_reduce.cc:132:opt_mux$7768
    New input vector for $reduce_or cell $auto$opt_reduce.cc:126:opt_mux$7729: { $techmap\dut.baseline.transition.$procmux$6743_CMP $techmap\dut.baseline.transition.$procmux$6719_CMP $techmap\dut.baseline.transition.$procmux$6718_CMP }
    New input vector for $reduce_or cell $auto$opt_reduce.cc:126:opt_mux$7687: { $techmap\law.$procmux$4470_CMP $techmap\law.$procmux$4447_CMP $techmap\law.$procmux$4425_CMP }
    New input vector for $reduce_or cell $auto$opt_reduce.cc:126:opt_mux$7721: { $techmap\law.$procmux$4470_CMP $techmap\law.$procmux$4448_CMP $techmap\law.$procmux$4447_CMP }
    New input vector for $reduce_or cell $auto$opt_reduce.cc:126:opt_mux$7749: { $techmap\dut.baseline.transition.$procmux$6904_CMP $techmap\dut.baseline.transition.$procmux$6903_CMP $techmap\dut.baseline.transition.$procmux$5451_CMP }
    New input vector for $reduce_or cell $auto$opt_reduce.cc:126:opt_mux$7755: { $techmap\dut.baseline.transition.$procmux$6743_CMP $techmap\dut.baseline.transition.$procmux$6718_CMP $techmap\dut.baseline.transition.$procmux$6694_CMP }
    New input vector for $reduce_or cell $auto$opt_reduce.cc:126:opt_mux$7767: { $techmap\dut.baseline.transition.$procmux$6904_CMP $techmap\dut.baseline.transition.$procmux$5452_CMP $techmap\dut.baseline.transition.$procmux$5451_CMP }
  Optimizing cells in module \ingress_boundary_formal.
Performed a total of 57 changes.

9.5. Executing OPT_MERGE pass (detect identical cells).
Finding identical cells in module `\ingress_boundary_formal'.
<suppressed ~183 debug messages>
Removed a total of 61 cells.

9.6. Executing OPT_RMDFF pass (remove dff with constant values).

9.7. Executing OPT_CLEAN pass (remove unused cells and wires).
Finding unused cells or wires in module \ingress_boundary_formal..
Removed 3 unused cells and 3695 unused wires.
<suppressed ~10 debug messages>

9.8. Executing OPT_EXPR pass (perform const folding).
Optimizing module ingress_boundary_formal.

9.9. Rerunning OPT passes. (Maybe there is more to do..)

9.10. Executing OPT_MUXTREE pass (detect dead branches in mux trees).
Running muxtree optimizer on module \ingress_boundary_formal..
  Creating internal representation of mux trees.
  Evaluating internal representation of mux trees.
  Analyzing evaluation results.
Removed 0 multiplexer ports.
<suppressed ~85 debug messages>

9.11. Executing OPT_REDUCE pass (consolidate $*mux and $reduce_* inputs).
  Optimizing cells in module \ingress_boundary_formal.
    New input vector for $reduce_or cell $auto$opt_reduce.cc:126:opt_mux$7767: { $techmap\dut.baseline.transition.$procmux$4657_CMP $techmap\dut.baseline.transition.$procmux$4656_CMP $techmap\dut.baseline.transition.$procmux$4621_CMP }
    New input vector for $reduce_or cell $auto$opt_reduce.cc:126:opt_mux$7749: { $techmap\dut.baseline.transition.$procmux$4656_CMP $techmap\dut.baseline.transition.$procmux$4621_CMP $techmap\dut.baseline.transition.$procmux$4620_CMP }
  Optimizing cells in module \ingress_boundary_formal.
Performed a total of 2 changes.

9.12. Executing OPT_MERGE pass (detect identical cells).
Finding identical cells in module `\ingress_boundary_formal'.
Removed a total of 0 cells.

9.13. Executing OPT_RMDFF pass (remove dff with constant values).

9.14. Executing OPT_CLEAN pass (remove unused cells and wires).
Finding unused cells or wires in module \ingress_boundary_formal..

9.15. Executing OPT_EXPR pass (perform const folding).
Optimizing module ingress_boundary_formal.

9.16. Rerunning OPT passes. (Maybe there is more to do..)

9.17. Executing OPT_MUXTREE pass (detect dead branches in mux trees).
Running muxtree optimizer on module \ingress_boundary_formal..
  Creating internal representation of mux trees.
  Evaluating internal representation of mux trees.
  Analyzing evaluation results.
Removed 0 multiplexer ports.
<suppressed ~85 debug messages>

9.18. Executing OPT_REDUCE pass (consolidate $*mux and $reduce_* inputs).
  Optimizing cells in module \ingress_boundary_formal.
Performed a total of 0 changes.

9.19. Executing OPT_MERGE pass (detect identical cells).
Finding identical cells in module `\ingress_boundary_formal'.
Removed a total of 0 cells.

9.20. Executing OPT_RMDFF pass (remove dff with constant values).

9.21. Executing OPT_CLEAN pass (remove unused cells and wires).
Finding unused cells or wires in module \ingress_boundary_formal..

9.22. Executing OPT_EXPR pass (perform const folding).
Optimizing module ingress_boundary_formal.

9.23. Finished OPT passes. (There is nothing left to do.)

10. Executing SAT pass (solving SAT problems in the circuit).

Setting up time step 1:
Final constraint equation: { } = { }
Import def constraint for this timestep: \clk
Import def constraint for this timestep: \reset
Import def constraint for this timestep: \lane_valid
Import def constraint for this timestep: \payloads
Imported 1046 cells to SAT database.
No constraints for initial state found.


Setting up time step 2:
Final constraint equation: { } = { }
Import def constraint for this timestep: \clk
Import def constraint for this timestep: \reset
Import def constraint for this timestep: \lane_valid
Import def constraint for this timestep: \payloads
Imported 1046 cells to SAT database.
Import proof-constraint: \ok = 1'1
Final proof equation: \ok = 1'1

Solving problem with 172437 variables and 508555 clauses..
SAT proof finished - no model found: SUCCESS!

                  /$$$$$$      /$$$$$$$$     /$$$$$$$    
                 /$$__  $$    | $$_____/    | $$__  $$   
                | $$  \ $$    | $$          | $$  \ $$   
                | $$  | $$    | $$$$$       | $$  | $$   
                | $$  | $$    | $$__/       | $$  | $$   
                | $$/$$ $$    | $$          | $$  | $$   
                |  $$$$$$/ /$$| $$$$$$$$ /$$| $$$$$$$//$$
                 \____ $$$|__/|________/|__/|_______/|__/
                       \__/                              

