
-- Executing script file `/tmp/ases-kernel0-ingress-reduction/docs/research/kernel-0/ingress-reduction/evidence/independent-synthesis-equivalence.ys' --

1. Executing Verilog-2005 frontend: /tmp/ases-kernel0-ingress-reduction/docs/research/kernel-0/direct-rtl/kernel0.v
Parsing Verilog input from `/tmp/ases-kernel0-ingress-reduction/docs/research/kernel-0/direct-rtl/kernel0.v' to AST representation.
Generating RTLIL representation for module `\kernel0_step'.
Generating RTLIL representation for module `\kernel0_machine'.
Successfully finished Verilog frontend.

2. Executing Verilog-2005 frontend: /tmp/ases-kernel0-ingress-reduction/docs/research/kernel-0/ingress-reduction/fixed_ingress.v
Parsing Verilog input from `/tmp/ases-kernel0-ingress-reduction/docs/research/kernel-0/ingress-reduction/fixed_ingress.v' to AST representation.
Generating RTLIL representation for module `\fixed_ingress'.
Generating RTLIL representation for module `\fixed_ingress_machine'.
Successfully finished Verilog frontend.

3. Executing AST frontend in derive mode using pre-parsed AST for module `\fixed_ingress_machine'.
Parameter \COUPLED = 0
Parameter \EXCLUSIVE = 0
Generating RTLIL representation for module `$paramod\fixed_ingress_machine\COUPLED=0\EXCLUSIVE=0'.

4. Executing HIERARCHY pass (managing design hierarchy).

4.1. Analyzing design hierarchy..
Top module:  \fixed_ingress_machine
Used module:     \fixed_ingress
Used module:     \kernel0_machine
Used module:         \kernel0_step

4.2. Executing AST frontend in derive mode using pre-parsed AST for module `\kernel0_step'.
Parameter \COUPLED = 0
Parameter \EXCLUSIVE = 0
Generating RTLIL representation for module `$paramod\kernel0_step\COUPLED=0\EXCLUSIVE=0'.

4.3. Executing AST frontend in derive mode using pre-parsed AST for module `\kernel0_machine'.
Parameter \COUPLED = 0
Parameter \EXCLUSIVE = 0
Generating RTLIL representation for module `$paramod\kernel0_machine\COUPLED=0\EXCLUSIVE=0'.

4.4. Analyzing design hierarchy..
Top module:  \fixed_ingress_machine
Used module:     \fixed_ingress
Used module:     $paramod\kernel0_machine\COUPLED=0\EXCLUSIVE=0
Used module:         \kernel0_step

4.5. Executing AST frontend in derive mode using pre-parsed AST for module `\kernel0_step'.
Parameter \COUPLED = 0
Parameter \EXCLUSIVE = 0
Found cached RTLIL representation for module `$paramod\kernel0_step\COUPLED=0\EXCLUSIVE=0'.

4.6. Analyzing design hierarchy..
Top module:  \fixed_ingress_machine
Used module:     \fixed_ingress
Used module:     $paramod\kernel0_machine\COUPLED=0\EXCLUSIVE=0
Used module:         $paramod\kernel0_step\COUPLED=0\EXCLUSIVE=0

4.7. Analyzing design hierarchy..
Top module:  \fixed_ingress_machine
Used module:     \fixed_ingress
Used module:     $paramod\kernel0_machine\COUPLED=0\EXCLUSIVE=0
Used module:         $paramod\kernel0_step\COUPLED=0\EXCLUSIVE=0
Removing unused module `\kernel0_machine'.
Removing unused module `\kernel0_step'.
Removed 2 unused modules.

5. Executing PROC pass (convert processes to netlists).

5.1. Executing PROC_CLEAN pass (remove empty switches from decision trees).
Cleaned up 0 empty switches.

5.2. Executing PROC_RMDEAD pass (remove dead branches from decision trees).
Marked 1 switch rules as full_case in process $proc$/tmp/ases-kernel0-ingress-reduction/docs/research/kernel-0/ingress-reduction/fixed_ingress.v:13$354 in module fixed_ingress.
Marked 1 switch rules as full_case in process $proc$/tmp/ases-kernel0-ingress-reduction/docs/research/kernel-0/direct-rtl/kernel0.v:163$707 in module $paramod\kernel0_machine\COUPLED=0\EXCLUSIVE=0.
Marked 48 switch rules as full_case in process $proc$/tmp/ases-kernel0-ingress-reduction/docs/research/kernel-0/direct-rtl/kernel0.v:53$366 in module $paramod\kernel0_step\COUPLED=0\EXCLUSIVE=0.
Removed a total of 0 dead cases.

5.3. Executing PROC_INIT pass (extract init attributes).

5.4. Executing PROC_ARST pass (detect async resets in processes).

5.5. Executing PROC_MUX pass (convert decision trees to multiplexers).
Creating decoders for process `\fixed_ingress.$proc$/tmp/ases-kernel0-ingress-reduction/docs/research/kernel-0/ingress-reduction/fixed_ingress.v:13$354'.
     1/7: $1\actor[2:0]
     2/7: $1\payload[10:0]
     3/7: $1\valid[0:0]
     4/7: $0\proposal[14:0]
     5/7: $0\payload[10:0]
     6/7: $0\valid[0:0]
     7/7: $0\actor[2:0]
Creating decoders for process `$paramod\kernel0_machine\COUPLED=0\EXCLUSIVE=0.$proc$/tmp/ases-kernel0-ingress-reduction/docs/research/kernel-0/direct-rtl/kernel0.v:163$707'.
     1/3: $0\state[21:0]
     2/3: $0\committed[0:0]
     3/3: $0\resolved[0:0]
Creating decoders for process `$paramod\kernel0_step\COUPLED=0\EXCLUSIVE=0.$proc$/tmp/ases-kernel0-ingress-reduction/docs/research/kernel-0/direct-rtl/kernel0.v:53$366'.
     1/276: $9$func$\valid_state$/tmp/ases-kernel0-ingress-reduction/docs/research/kernel-0/direct-rtl/kernel0.v:143$361$\valid_state[0:0]$704
     2/276: $8$func$\valid_state$/tmp/ases-kernel0-ingress-reduction/docs/research/kernel-0/direct-rtl/kernel0.v:143$361$\valid_state[0:0]$695
     3/276: $7$func$\valid_state$/tmp/ases-kernel0-ingress-reduction/docs/research/kernel-0/direct-rtl/kernel0.v:143$361$\valid_state[0:0]$691
     4/276: $6$func$\valid_state$/tmp/ases-kernel0-ingress-reduction/docs/research/kernel-0/direct-rtl/kernel0.v:143$361$\valid_state[0:0]$687
     5/276: $5$func$\valid_state$/tmp/ases-kernel0-ingress-reduction/docs/research/kernel-0/direct-rtl/kernel0.v:143$361$\valid_state[0:0]$683
     6/276: $4$func$\valid_state$/tmp/ases-kernel0-ingress-reduction/docs/research/kernel-0/direct-rtl/kernel0.v:143$361$\valid_state[0:0]$679
     7/276: $3$func$\valid_state$/tmp/ases-kernel0-ingress-reduction/docs/research/kernel-0/direct-rtl/kernel0.v:143$361$\valid_state[0:0]$670
     8/276: $2$func$\valid_state$/tmp/ases-kernel0-ingress-reduction/docs/research/kernel-0/direct-rtl/kernel0.v:143$361$\valid_state[0:0]$658
     9/276: $1$func$\valid_state$/tmp/ases-kernel0-ingress-reduction/docs/research/kernel-0/direct-rtl/kernel0.v:143$361$\valid_state[0:0]$653
    10/276: $1$func$\valid_state$/tmp/ases-kernel0-ingress-reduction/docs/research/kernel-0/direct-rtl/kernel0.v:143$361$\i[31:0]$654
    11/276: $1$func$\valid_state$/tmp/ases-kernel0-ingress-reduction/docs/research/kernel-0/direct-rtl/kernel0.v:143$361$\parent_rights[2:0]$651
    12/276: $6\proposed[21:0] [21:17]
    13/276: $24\proposed[21:0] [2]
    14/276: $24\proposed[21:0] [3]
    15/276: $12\admitted[0:0]
    16/276: $24\proposed[21:0] [0]
    17/276: $24\proposed[21:0] [1]
    18/276: $26\proposed[21:0] [18]
    19/276: $26\proposed[21:0] [16]
    20/276: $26\proposed[21:0] [14]
    21/276: $26\proposed[21:0] [12]
    22/276: $26\proposed[21:0] [10]
    23/276: $26\proposed[21:0] [8]
    24/276: $26\proposed[21:0] [6]
    25/276: $26\proposed[21:0] [4]
    26/276: $26\proposed[21:0] [2]
    27/276: $26\proposed[21:0] [0]
    28/276: $26\proposed[21:0] [20]
    29/276: $26\proposed[21:0] [15]
    30/276: $26\proposed[21:0] [11]
    31/276: $26\proposed[21:0] [7]
    32/276: $26\proposed[21:0] [3]
    33/276: $26\proposed[21:0] [19]
    34/276: $26\proposed[21:0] [13]
    35/276: $26\proposed[21:0] [5]
    36/276: $26\proposed[21:0] [17]
    37/276: $26\proposed[21:0] [1]
    38/276: $26\proposed[21:0] [9]
    39/276: $25\proposed[21:0] [21]
    40/276: $25\proposed[21:0] [18]
    41/276: $25\proposed[21:0] [16]
    42/276: $25\proposed[21:0] [14]
    43/276: $25\proposed[21:0] [12]
    44/276: $25\proposed[21:0] [10]
    45/276: $25\proposed[21:0] [8]
    46/276: $25\proposed[21:0] [6]
    47/276: $25\proposed[21:0] [4]
    48/276: $25\proposed[21:0] [2]
    49/276: $25\proposed[21:0] [0]
    50/276: $25\proposed[21:0] [20]
    51/276: $25\proposed[21:0] [15]
    52/276: $25\proposed[21:0] [11]
    53/276: $25\proposed[21:0] [7]
    54/276: $25\proposed[21:0] [3]
    55/276: $25\proposed[21:0] [19]
    56/276: $25\proposed[21:0] [13]
    57/276: $25\proposed[21:0] [5]
    58/276: $25\proposed[21:0] [17]
    59/276: $25\proposed[21:0] [1]
    60/276: $25\proposed[21:0] [9]
    61/276: $26\proposed[21:0] [21]
    62/276: $11\admitted[0:0]
    63/276: $10\admitted[0:0]
    64/276: $23\proposed[21:0]
    65/276: $5\needed[2:0]
    66/276: $6\proposed[21:0] [16:8]
    67/276: $21\proposed[7:7]
    68/276: $22\proposed[21:17] [2:0]
    69/276: $9\admitted[0:0]
    70/276: $6\proposed[21:0] [7]
    71/276: $6\proposed[21:0] [6:0]
    72/276: $24\proposed[21:0] [21:4]
    73/276: $22\proposed[21:17] [4:3]
    74/276: $20\proposed[21:0] [18]
    75/276: $20\proposed[21:0] [16]
    76/276: $20\proposed[21:0] [14]
    77/276: $20\proposed[21:0] [12]
    78/276: $20\proposed[21:0] [10]
    79/276: $20\proposed[21:0] [8]
    80/276: $20\proposed[21:0] [6]
    81/276: $20\proposed[21:0] [4]
    82/276: $20\proposed[21:0] [2]
    83/276: $20\proposed[21:0] [0]
    84/276: $20\proposed[21:0] [20]
    85/276: $20\proposed[21:0] [15]
    86/276: $20\proposed[21:0] [11]
    87/276: $20\proposed[21:0] [7]
    88/276: $20\proposed[21:0] [3]
    89/276: $20\proposed[21:0] [19]
    90/276: $20\proposed[21:0] [13]
    91/276: $20\proposed[21:0] [5]
    92/276: $20\proposed[21:0] [17]
    93/276: $20\proposed[21:0] [1]
    94/276: $20\proposed[21:0] [9]
    95/276: $19\proposed[21:0] [21]
    96/276: $19\proposed[21:0] [17]
    97/276: $19\proposed[21:0] [19]
    98/276: $19\proposed[21:0] [15]
    99/276: $19\proposed[21:0] [13]
   100/276: $19\proposed[21:0] [11]
   101/276: $19\proposed[21:0] [9]
   102/276: $19\proposed[21:0] [7]
   103/276: $19\proposed[21:0] [5]
   104/276: $19\proposed[21:0] [3]
   105/276: $19\proposed[21:0] [1]
   106/276: $19\proposed[21:0] [20]
   107/276: $19\proposed[21:0] [16]
   108/276: $19\proposed[21:0] [12]
   109/276: $19\proposed[21:0] [8]
   110/276: $19\proposed[21:0] [4]
   111/276: $19\proposed[21:0] [0]
   112/276: $19\proposed[21:0] [14]
   113/276: $19\proposed[21:0] [18]
   114/276: $19\proposed[21:0] [10]
   115/276: $19\proposed[21:0] [2]
   116/276: $19\proposed[21:0] [6]
   117/276: $18\proposed[21:17] [4:3]
   118/276: $18\proposed[21:17] [2:0]
   119/276: $17\proposed[21:0] [21]
   120/276: $17\proposed[21:0] [17]
   121/276: $17\proposed[21:0] [19]
   122/276: $17\proposed[21:0] [15]
   123/276: $17\proposed[21:0] [13]
   124/276: $17\proposed[21:0] [11]
   125/276: $17\proposed[21:0] [9]
   126/276: $17\proposed[21:0] [7]
   127/276: $17\proposed[21:0] [5]
   128/276: $17\proposed[21:0] [3]
   129/276: $17\proposed[21:0] [1]
   130/276: $17\proposed[21:0] [20]
   131/276: $17\proposed[21:0] [16]
   132/276: $17\proposed[21:0] [12]
   133/276: $17\proposed[21:0] [8]
   134/276: $17\proposed[21:0] [4]
   135/276: $17\proposed[21:0] [0]
   136/276: $17\proposed[21:0] [14]
   137/276: $17\proposed[21:0] [18]
   138/276: $17\proposed[21:0] [10]
   139/276: $17\proposed[21:0] [2]
   140/276: $17\proposed[21:0] [6]
   141/276: $8\admitted[0:0]
   142/276: $16\proposed[21:0]
   143/276: $11\proposed[21:0] [21:17]
   144/276: $14\proposed[21:17] [2:0]
   145/276: $15\proposed[21:20]
   146/276: $13\proposed[21:20]
   147/276: $12\proposed[21:0] [21]
   148/276: $12\proposed[21:0] [17]
   149/276: $12\proposed[21:0] [19]
   150/276: $12\proposed[21:0] [15]
   151/276: $12\proposed[21:0] [13]
   152/276: $12\proposed[21:0] [11]
   153/276: $12\proposed[21:0] [9]
   154/276: $12\proposed[21:0] [7]
   155/276: $12\proposed[21:0] [5]
   156/276: $12\proposed[21:0] [3]
   157/276: $12\proposed[21:0] [1]
   158/276: $12\proposed[21:0] [20]
   159/276: $12\proposed[21:0] [16]
   160/276: $12\proposed[21:0] [12]
   161/276: $12\proposed[21:0] [8]
   162/276: $12\proposed[21:0] [4]
   163/276: $12\proposed[21:0] [0]
   164/276: $12\proposed[21:0] [14]
   165/276: $12\proposed[21:0] [18]
   166/276: $12\proposed[21:0] [10]
   167/276: $12\proposed[21:0] [2]
   168/276: $12\proposed[21:0] [6]
   169/276: $7\admitted[0:0]
   170/276: $11\proposed[21:0] [16:0]
   171/276: $14\proposed[21:17] [4:3]
   172/276: $7\proposed[21:0] [21:20]
   173/276: $9\proposed[21:0] [21]
   174/276: $9\proposed[21:0] [18]
   175/276: $9\proposed[21:0] [16]
   176/276: $9\proposed[21:0] [14]
   177/276: $9\proposed[21:0] [12]
   178/276: $9\proposed[21:0] [10]
   179/276: $9\proposed[21:0] [8]
   180/276: $9\proposed[21:0] [6]
   181/276: $9\proposed[21:0] [4]
   182/276: $9\proposed[21:0] [2]
   183/276: $9\proposed[21:0] [0]
   184/276: $9\proposed[21:0] [20]
   185/276: $9\proposed[21:0] [15]
   186/276: $9\proposed[21:0] [11]
   187/276: $9\proposed[21:0] [7]
   188/276: $9\proposed[21:0] [3]
   189/276: $9\proposed[21:0] [19]
   190/276: $9\proposed[21:0] [13]
   191/276: $9\proposed[21:0] [5]
   192/276: $9\proposed[21:0] [17]
   193/276: $9\proposed[21:0] [1]
   194/276: $9\proposed[21:0] [9]
   195/276: $8\proposed[21:0] [21]
   196/276: $8\proposed[21:0] [17]
   197/276: $8\proposed[21:0] [19]
   198/276: $8\proposed[21:0] [15]
   199/276: $8\proposed[21:0] [13]
   200/276: $8\proposed[21:0] [11]
   201/276: $8\proposed[21:0] [9]
   202/276: $8\proposed[21:0] [7]
   203/276: $8\proposed[21:0] [5]
   204/276: $8\proposed[21:0] [3]
   205/276: $8\proposed[21:0] [1]
   206/276: $8\proposed[21:0] [20]
   207/276: $8\proposed[21:0] [16]
   208/276: $8\proposed[21:0] [12]
   209/276: $8\proposed[21:0] [8]
   210/276: $8\proposed[21:0] [4]
   211/276: $8\proposed[21:0] [0]
   212/276: $8\proposed[21:0] [14]
   213/276: $8\proposed[21:0] [18]
   214/276: $8\proposed[21:0] [10]
   215/276: $8\proposed[21:0] [2]
   216/276: $8\proposed[21:0] [6]
   217/276: $6\admitted[0:0]
   218/276: $7\proposed[21:0] [19:0]
   219/276: $10\proposed[21:20]
   220/276: $5\admitted[0:0]
   221/276: $20\proposed[21:0] [21]
   222/276: $4\needed[2:0]
   223/276: $3\needed[2:0]
   224/276: $4\admitted[0:0]
   225/276: $5\proposed[21:0]
   226/276: $2\proposed[21:0] [21:4]
   227/276: $2\proposed[21:0] [2:1]
   228/276: $4\proposed[3:3]
   229/276: $3\proposed[0:0]
   230/276: $2\admitted[0:0]
   231/276: $2\proposed[21:0] [3]
   232/276: $3\admitted[0:0]
   233/276: $2\needed[2:0]
   234/276: $2\proposed[21:0] [0]
   235/276: $1\needed[2:0]
   236/276: $1\admitted[0:0]
   237/276: $1\proposed[21:0]
   238/276: $9$func$\valid_state$/tmp/ases-kernel0-ingress-reduction/docs/research/kernel-0/direct-rtl/kernel0.v:76$356$\valid_state[0:0]$513
   239/276: $8$func$\valid_state$/tmp/ases-kernel0-ingress-reduction/docs/research/kernel-0/direct-rtl/kernel0.v:76$356$\valid_state[0:0]$504
   240/276: $7$func$\valid_state$/tmp/ases-kernel0-ingress-reduction/docs/research/kernel-0/direct-rtl/kernel0.v:76$356$\valid_state[0:0]$500
   241/276: $6$func$\valid_state$/tmp/ases-kernel0-ingress-reduction/docs/research/kernel-0/direct-rtl/kernel0.v:76$356$\valid_state[0:0]$496
   242/276: $5$func$\valid_state$/tmp/ases-kernel0-ingress-reduction/docs/research/kernel-0/direct-rtl/kernel0.v:76$356$\valid_state[0:0]$492
   243/276: $4$func$\valid_state$/tmp/ases-kernel0-ingress-reduction/docs/research/kernel-0/direct-rtl/kernel0.v:76$356$\valid_state[0:0]$488
   244/276: $3$func$\valid_state$/tmp/ases-kernel0-ingress-reduction/docs/research/kernel-0/direct-rtl/kernel0.v:76$356$\valid_state[0:0]$479
   245/276: $2$func$\valid_state$/tmp/ases-kernel0-ingress-reduction/docs/research/kernel-0/direct-rtl/kernel0.v:76$356$\valid_state[0:0]$467
   246/276: $1$func$\valid_state$/tmp/ases-kernel0-ingress-reduction/docs/research/kernel-0/direct-rtl/kernel0.v:76$356$\valid_state[0:0]$463
   247/276: $1$func$\valid_state$/tmp/ases-kernel0-ingress-reduction/docs/research/kernel-0/direct-rtl/kernel0.v:76$356$\i[31:0]$462
   248/276: $1$func$\valid_state$/tmp/ases-kernel0-ingress-reduction/docs/research/kernel-0/direct-rtl/kernel0.v:76$356$\parent_rights[2:0]$460
   249/276: $1\wellformed[0:0]
   250/276: $1\actor_rights[2:0]
   251/276: $0\state_out[21:0]
   252/276: $0\commit[0:0]
   253/276: $0$func$\valid_state$/tmp/ases-kernel0-ingress-reduction/docs/research/kernel-0/direct-rtl/kernel0.v:143$361$\i[31:0]$384
   254/276: $0$func$\valid_state$/tmp/ases-kernel0-ingress-reduction/docs/research/kernel-0/direct-rtl/kernel0.v:143$361$\valid_state[0:0]$376
   255/276: $0$func$\valid_state$/tmp/ases-kernel0-ingress-reduction/docs/research/kernel-0/direct-rtl/kernel0.v:143$361$\parent_rights[2:0]$382
   256/276: $0$func$\valid_state$/tmp/ases-kernel0-ingress-reduction/docs/research/kernel-0/direct-rtl/kernel0.v:143$361$\parent[1:0]$383
   257/276: $0$func$\valid_state$/tmp/ases-kernel0-ingress-reduction/docs/research/kernel-0/direct-rtl/kernel0.v:143$361$\r3[2:0]$381
   258/276: $0$func$\valid_state$/tmp/ases-kernel0-ingress-reduction/docs/research/kernel-0/direct-rtl/kernel0.v:143$361$\r2[2:0]$380
   259/276: $0$func$\valid_state$/tmp/ases-kernel0-ingress-reduction/docs/research/kernel-0/direct-rtl/kernel0.v:143$361$\r1[2:0]$379
   260/276: $0$func$\valid_state$/tmp/ases-kernel0-ingress-reduction/docs/research/kernel-0/direct-rtl/kernel0.v:143$361$\r0[2:0]$378
   261/276: $0$func$\valid_state$/tmp/ases-kernel0-ingress-reduction/docs/research/kernel-0/direct-rtl/kernel0.v:143$361$\s[21:0]$377
   262/276: $0\needed[2:0]
   263/276: $0\admitted[0:0]
   264/276: $0\proposed[21:0]
   265/276: $0$func$\valid_state$/tmp/ases-kernel0-ingress-reduction/docs/research/kernel-0/direct-rtl/kernel0.v:76$356$\valid_state[0:0]$374
   266/276: $0$func$\valid_state$/tmp/ases-kernel0-ingress-reduction/docs/research/kernel-0/direct-rtl/kernel0.v:76$356$\i[31:0]$372
   267/276: $0$func$\valid_state$/tmp/ases-kernel0-ingress-reduction/docs/research/kernel-0/direct-rtl/kernel0.v:76$356$\parent_rights[2:0]$373
   268/276: $0$func$\valid_state$/tmp/ases-kernel0-ingress-reduction/docs/research/kernel-0/direct-rtl/kernel0.v:76$356$\parent[1:0]$370
   269/276: $0$func$\valid_state$/tmp/ases-kernel0-ingress-reduction/docs/research/kernel-0/direct-rtl/kernel0.v:76$356$\r3[2:0]$369
   270/276: $0$func$\valid_state$/tmp/ases-kernel0-ingress-reduction/docs/research/kernel-0/direct-rtl/kernel0.v:76$356$\r2[2:0]$368
   271/276: $0$func$\valid_state$/tmp/ases-kernel0-ingress-reduction/docs/research/kernel-0/direct-rtl/kernel0.v:76$356$\r1[2:0]$375
   272/276: $0$func$\valid_state$/tmp/ases-kernel0-ingress-reduction/docs/research/kernel-0/direct-rtl/kernel0.v:76$356$\r0[2:0]$371
   273/276: $0$func$\valid_state$/tmp/ases-kernel0-ingress-reduction/docs/research/kernel-0/direct-rtl/kernel0.v:76$356$\s[21:0]$367
   274/276: $0\wellformed[0:0]
   275/276: $0\actor_rights[2:0]
   276/276: $0\current_rights[2:0]

5.6. Executing PROC_DLATCH pass (convert process syncs to latches).
No latch inferred for signal `\fixed_ingress.\actor' from process `\fixed_ingress.$proc$/tmp/ases-kernel0-ingress-reduction/docs/research/kernel-0/ingress-reduction/fixed_ingress.v:13$354'.
No latch inferred for signal `\fixed_ingress.\proposal' from process `\fixed_ingress.$proc$/tmp/ases-kernel0-ingress-reduction/docs/research/kernel-0/ingress-reduction/fixed_ingress.v:13$354'.
No latch inferred for signal `\fixed_ingress.\valid' from process `\fixed_ingress.$proc$/tmp/ases-kernel0-ingress-reduction/docs/research/kernel-0/ingress-reduction/fixed_ingress.v:13$354'.
No latch inferred for signal `\fixed_ingress.\payload' from process `\fixed_ingress.$proc$/tmp/ases-kernel0-ingress-reduction/docs/research/kernel-0/ingress-reduction/fixed_ingress.v:13$354'.
No latch inferred for signal `$paramod\kernel0_step\COUPLED=0\EXCLUSIVE=0.\state_out' from process `$paramod\kernel0_step\COUPLED=0\EXCLUSIVE=0.$proc$/tmp/ases-kernel0-ingress-reduction/docs/research/kernel-0/direct-rtl/kernel0.v:53$366'.
No latch inferred for signal `$paramod\kernel0_step\COUPLED=0\EXCLUSIVE=0.\commit' from process `$paramod\kernel0_step\COUPLED=0\EXCLUSIVE=0.$proc$/tmp/ases-kernel0-ingress-reduction/docs/research/kernel-0/direct-rtl/kernel0.v:53$366'.
No latch inferred for signal `$paramod\kernel0_step\COUPLED=0\EXCLUSIVE=0.\proposed' from process `$paramod\kernel0_step\COUPLED=0\EXCLUSIVE=0.$proc$/tmp/ases-kernel0-ingress-reduction/docs/research/kernel-0/direct-rtl/kernel0.v:53$366'.
No latch inferred for signal `$paramod\kernel0_step\COUPLED=0\EXCLUSIVE=0.\admitted' from process `$paramod\kernel0_step\COUPLED=0\EXCLUSIVE=0.$proc$/tmp/ases-kernel0-ingress-reduction/docs/research/kernel-0/direct-rtl/kernel0.v:53$366'.
No latch inferred for signal `$paramod\kernel0_step\COUPLED=0\EXCLUSIVE=0.\wellformed' from process `$paramod\kernel0_step\COUPLED=0\EXCLUSIVE=0.$proc$/tmp/ases-kernel0-ingress-reduction/docs/research/kernel-0/direct-rtl/kernel0.v:53$366'.
No latch inferred for signal `$paramod\kernel0_step\COUPLED=0\EXCLUSIVE=0.\current_rights' from process `$paramod\kernel0_step\COUPLED=0\EXCLUSIVE=0.$proc$/tmp/ases-kernel0-ingress-reduction/docs/research/kernel-0/direct-rtl/kernel0.v:53$366'.
No latch inferred for signal `$paramod\kernel0_step\COUPLED=0\EXCLUSIVE=0.\actor_rights' from process `$paramod\kernel0_step\COUPLED=0\EXCLUSIVE=0.$proc$/tmp/ases-kernel0-ingress-reduction/docs/research/kernel-0/direct-rtl/kernel0.v:53$366'.
No latch inferred for signal `$paramod\kernel0_step\COUPLED=0\EXCLUSIVE=0.\needed' from process `$paramod\kernel0_step\COUPLED=0\EXCLUSIVE=0.$proc$/tmp/ases-kernel0-ingress-reduction/docs/research/kernel-0/direct-rtl/kernel0.v:53$366'.
No latch inferred for signal `$paramod\kernel0_step\COUPLED=0\EXCLUSIVE=0.$func$\valid_state$/tmp/ases-kernel0-ingress-reduction/docs/research/kernel-0/direct-rtl/kernel0.v:76$356$\s' from process `$paramod\kernel0_step\COUPLED=0\EXCLUSIVE=0.$proc$/tmp/ases-kernel0-ingress-reduction/docs/research/kernel-0/direct-rtl/kernel0.v:53$366'.
No latch inferred for signal `$paramod\kernel0_step\COUPLED=0\EXCLUSIVE=0.$func$\valid_state$/tmp/ases-kernel0-ingress-reduction/docs/research/kernel-0/direct-rtl/kernel0.v:76$356$\r2' from process `$paramod\kernel0_step\COUPLED=0\EXCLUSIVE=0.$proc$/tmp/ases-kernel0-ingress-reduction/docs/research/kernel-0/direct-rtl/kernel0.v:53$366'.
No latch inferred for signal `$paramod\kernel0_step\COUPLED=0\EXCLUSIVE=0.$func$\valid_state$/tmp/ases-kernel0-ingress-reduction/docs/research/kernel-0/direct-rtl/kernel0.v:76$356$\r3' from process `$paramod\kernel0_step\COUPLED=0\EXCLUSIVE=0.$proc$/tmp/ases-kernel0-ingress-reduction/docs/research/kernel-0/direct-rtl/kernel0.v:53$366'.
No latch inferred for signal `$paramod\kernel0_step\COUPLED=0\EXCLUSIVE=0.$func$\valid_state$/tmp/ases-kernel0-ingress-reduction/docs/research/kernel-0/direct-rtl/kernel0.v:76$356$\parent' from process `$paramod\kernel0_step\COUPLED=0\EXCLUSIVE=0.$proc$/tmp/ases-kernel0-ingress-reduction/docs/research/kernel-0/direct-rtl/kernel0.v:53$366'.
No latch inferred for signal `$paramod\kernel0_step\COUPLED=0\EXCLUSIVE=0.$func$\valid_state$/tmp/ases-kernel0-ingress-reduction/docs/research/kernel-0/direct-rtl/kernel0.v:76$356$\r0' from process `$paramod\kernel0_step\COUPLED=0\EXCLUSIVE=0.$proc$/tmp/ases-kernel0-ingress-reduction/docs/research/kernel-0/direct-rtl/kernel0.v:53$366'.
No latch inferred for signal `$paramod\kernel0_step\COUPLED=0\EXCLUSIVE=0.$func$\valid_state$/tmp/ases-kernel0-ingress-reduction/docs/research/kernel-0/direct-rtl/kernel0.v:76$356$\i' from process `$paramod\kernel0_step\COUPLED=0\EXCLUSIVE=0.$proc$/tmp/ases-kernel0-ingress-reduction/docs/research/kernel-0/direct-rtl/kernel0.v:53$366'.
No latch inferred for signal `$paramod\kernel0_step\COUPLED=0\EXCLUSIVE=0.$func$\valid_state$/tmp/ases-kernel0-ingress-reduction/docs/research/kernel-0/direct-rtl/kernel0.v:76$356$\parent_rights' from process `$paramod\kernel0_step\COUPLED=0\EXCLUSIVE=0.$proc$/tmp/ases-kernel0-ingress-reduction/docs/research/kernel-0/direct-rtl/kernel0.v:53$366'.
No latch inferred for signal `$paramod\kernel0_step\COUPLED=0\EXCLUSIVE=0.$func$\valid_state$/tmp/ases-kernel0-ingress-reduction/docs/research/kernel-0/direct-rtl/kernel0.v:76$356$\valid_state' from process `$paramod\kernel0_step\COUPLED=0\EXCLUSIVE=0.$proc$/tmp/ases-kernel0-ingress-reduction/docs/research/kernel-0/direct-rtl/kernel0.v:53$366'.
No latch inferred for signal `$paramod\kernel0_step\COUPLED=0\EXCLUSIVE=0.$func$\valid_state$/tmp/ases-kernel0-ingress-reduction/docs/research/kernel-0/direct-rtl/kernel0.v:76$356$\r1' from process `$paramod\kernel0_step\COUPLED=0\EXCLUSIVE=0.$proc$/tmp/ases-kernel0-ingress-reduction/docs/research/kernel-0/direct-rtl/kernel0.v:53$366'.
No latch inferred for signal `$paramod\kernel0_step\COUPLED=0\EXCLUSIVE=0.$func$\valid_state$/tmp/ases-kernel0-ingress-reduction/docs/research/kernel-0/direct-rtl/kernel0.v:143$361$\valid_state' from process `$paramod\kernel0_step\COUPLED=0\EXCLUSIVE=0.$proc$/tmp/ases-kernel0-ingress-reduction/docs/research/kernel-0/direct-rtl/kernel0.v:53$366'.
No latch inferred for signal `$paramod\kernel0_step\COUPLED=0\EXCLUSIVE=0.$func$\valid_state$/tmp/ases-kernel0-ingress-reduction/docs/research/kernel-0/direct-rtl/kernel0.v:143$361$\s' from process `$paramod\kernel0_step\COUPLED=0\EXCLUSIVE=0.$proc$/tmp/ases-kernel0-ingress-reduction/docs/research/kernel-0/direct-rtl/kernel0.v:53$366'.
No latch inferred for signal `$paramod\kernel0_step\COUPLED=0\EXCLUSIVE=0.$func$\valid_state$/tmp/ases-kernel0-ingress-reduction/docs/research/kernel-0/direct-rtl/kernel0.v:143$361$\r0' from process `$paramod\kernel0_step\COUPLED=0\EXCLUSIVE=0.$proc$/tmp/ases-kernel0-ingress-reduction/docs/research/kernel-0/direct-rtl/kernel0.v:53$366'.
No latch inferred for signal `$paramod\kernel0_step\COUPLED=0\EXCLUSIVE=0.$func$\valid_state$/tmp/ases-kernel0-ingress-reduction/docs/research/kernel-0/direct-rtl/kernel0.v:143$361$\r1' from process `$paramod\kernel0_step\COUPLED=0\EXCLUSIVE=0.$proc$/tmp/ases-kernel0-ingress-reduction/docs/research/kernel-0/direct-rtl/kernel0.v:53$366'.
No latch inferred for signal `$paramod\kernel0_step\COUPLED=0\EXCLUSIVE=0.$func$\valid_state$/tmp/ases-kernel0-ingress-reduction/docs/research/kernel-0/direct-rtl/kernel0.v:143$361$\r2' from process `$paramod\kernel0_step\COUPLED=0\EXCLUSIVE=0.$proc$/tmp/ases-kernel0-ingress-reduction/docs/research/kernel-0/direct-rtl/kernel0.v:53$366'.
No latch inferred for signal `$paramod\kernel0_step\COUPLED=0\EXCLUSIVE=0.$func$\valid_state$/tmp/ases-kernel0-ingress-reduction/docs/research/kernel-0/direct-rtl/kernel0.v:143$361$\r3' from process `$paramod\kernel0_step\COUPLED=0\EXCLUSIVE=0.$proc$/tmp/ases-kernel0-ingress-reduction/docs/research/kernel-0/direct-rtl/kernel0.v:53$366'.
No latch inferred for signal `$paramod\kernel0_step\COUPLED=0\EXCLUSIVE=0.$func$\valid_state$/tmp/ases-kernel0-ingress-reduction/docs/research/kernel-0/direct-rtl/kernel0.v:143$361$\parent_rights' from process `$paramod\kernel0_step\COUPLED=0\EXCLUSIVE=0.$proc$/tmp/ases-kernel0-ingress-reduction/docs/research/kernel-0/direct-rtl/kernel0.v:53$366'.
No latch inferred for signal `$paramod\kernel0_step\COUPLED=0\EXCLUSIVE=0.$func$\valid_state$/tmp/ases-kernel0-ingress-reduction/docs/research/kernel-0/direct-rtl/kernel0.v:143$361$\parent' from process `$paramod\kernel0_step\COUPLED=0\EXCLUSIVE=0.$proc$/tmp/ases-kernel0-ingress-reduction/docs/research/kernel-0/direct-rtl/kernel0.v:53$366'.
No latch inferred for signal `$paramod\kernel0_step\COUPLED=0\EXCLUSIVE=0.$func$\valid_state$/tmp/ases-kernel0-ingress-reduction/docs/research/kernel-0/direct-rtl/kernel0.v:143$361$\i' from process `$paramod\kernel0_step\COUPLED=0\EXCLUSIVE=0.$proc$/tmp/ases-kernel0-ingress-reduction/docs/research/kernel-0/direct-rtl/kernel0.v:53$366'.

5.7. Executing PROC_DFF pass (convert process syncs to FFs).
Creating register for signal `$paramod\kernel0_machine\COUPLED=0\EXCLUSIVE=0.\resolved' using process `$paramod\kernel0_machine\COUPLED=0\EXCLUSIVE=0.$proc$/tmp/ases-kernel0-ingress-reduction/docs/research/kernel-0/direct-rtl/kernel0.v:163$707'.
  created $dff cell `$procdff$7280' with positive edge clock.
Creating register for signal `$paramod\kernel0_machine\COUPLED=0\EXCLUSIVE=0.\committed' using process `$paramod\kernel0_machine\COUPLED=0\EXCLUSIVE=0.$proc$/tmp/ases-kernel0-ingress-reduction/docs/research/kernel-0/direct-rtl/kernel0.v:163$707'.
  created $dff cell `$procdff$7281' with positive edge clock.
Creating register for signal `$paramod\kernel0_machine\COUPLED=0\EXCLUSIVE=0.\state' using process `$paramod\kernel0_machine\COUPLED=0\EXCLUSIVE=0.$proc$/tmp/ases-kernel0-ingress-reduction/docs/research/kernel-0/direct-rtl/kernel0.v:163$707'.
  created $dff cell `$procdff$7282' with positive edge clock.

5.8. Executing PROC_CLEAN pass (remove empty switches from decision trees).
Found and cleaned up 1 empty switch in `\fixed_ingress.$proc$/tmp/ases-kernel0-ingress-reduction/docs/research/kernel-0/ingress-reduction/fixed_ingress.v:13$354'.
Removing empty process `fixed_ingress.$proc$/tmp/ases-kernel0-ingress-reduction/docs/research/kernel-0/ingress-reduction/fixed_ingress.v:13$354'.
Found and cleaned up 2 empty switches in `$paramod\kernel0_machine\COUPLED=0\EXCLUSIVE=0.$proc$/tmp/ases-kernel0-ingress-reduction/docs/research/kernel-0/direct-rtl/kernel0.v:163$707'.
Removing empty process `$paramod\kernel0_machine\COUPLED=0\EXCLUSIVE=0.$proc$/tmp/ases-kernel0-ingress-reduction/docs/research/kernel-0/direct-rtl/kernel0.v:163$707'.
Found and cleaned up 48 empty switches in `$paramod\kernel0_step\COUPLED=0\EXCLUSIVE=0.$proc$/tmp/ases-kernel0-ingress-reduction/docs/research/kernel-0/direct-rtl/kernel0.v:53$366'.
Removing empty process `$paramod\kernel0_step\COUPLED=0\EXCLUSIVE=0.$proc$/tmp/ases-kernel0-ingress-reduction/docs/research/kernel-0/direct-rtl/kernel0.v:53$366'.
Cleaned up 51 empty switches.

6. Executing FLATTEN pass (flatten design).
Using template fixed_ingress for cells of type fixed_ingress.
Using template $paramod\kernel0_machine\COUPLED=0\EXCLUSIVE=0 for cells of type $paramod\kernel0_machine\COUPLED=0\EXCLUSIVE=0.
Using template $paramod\kernel0_step\COUPLED=0\EXCLUSIVE=0 for cells of type $paramod\kernel0_step\COUPLED=0\EXCLUSIVE=0.
<suppressed ~3 debug messages>
No more expansions possible.
Deleting now unused module fixed_ingress.
Deleting now unused module $paramod\kernel0_machine\COUPLED=0\EXCLUSIVE=0.
Deleting now unused module $paramod\kernel0_step\COUPLED=0\EXCLUSIVE=0.

7. Executing MEMORY pass.

7.1. Executing MEMORY_DFF pass (merging $dff cells to $memrd and $memwr).

7.2. Executing OPT_CLEAN pass (remove unused cells and wires).
Finding unused cells or wires in module \fixed_ingress_machine..
Removed 18 unused cells and 1255 unused wires.
<suppressed ~25 debug messages>

7.3. Executing MEMORY_SHARE pass (consolidating $memrd/$memwr cells).

7.4. Executing OPT_CLEAN pass (remove unused cells and wires).
Finding unused cells or wires in module \fixed_ingress_machine..

7.5. Executing MEMORY_COLLECT pass (generating $mem cells).

7.6. Executing MEMORY_MAP pass (converting $mem cells to logic and flip-flops).

8. Executing OPT pass (performing simple optimizations).

8.1. Executing OPT_EXPR pass (perform const folding).
Optimizing module fixed_ingress_machine.
<suppressed ~112 debug messages>

8.2. Executing OPT_MERGE pass (detect identical cells).
Finding identical cells in module `\fixed_ingress_machine'.
<suppressed ~2871 debug messages>
Removed a total of 957 cells.

8.3. Executing OPT_MUXTREE pass (detect dead branches in mux trees).
Running muxtree optimizer on module \fixed_ingress_machine..
  Creating internal representation of mux trees.
  Evaluating internal representation of mux trees.
      Replacing known input bits on port A of cell $techmap\baseline.transition.$procmux$4711: \baseline.state -> { \baseline.state [21:1] 1'1 }
      Replacing known input bits on port A of cell $techmap\baseline.transition.$procmux$4520: \baseline.state [0] -> 1'1
      Replacing known input bits on port A of cell $techmap\baseline.transition.$procmux$5521: \baseline.state [16:0] -> { \baseline.state [16:1] 1'1 }
      Replacing known input bits on port A of cell $techmap\baseline.transition.$procmux$5323: \baseline.state [0] -> 1'1
      Replacing known input bits on port A of cell $techmap\baseline.transition.$procmux$2500: \baseline.state -> { \baseline.state [21:1] 1'1 }
      Replacing known input bits on port A of cell $techmap\baseline.transition.$procmux$887: \baseline.state [0] -> 1'1
      Replacing known input bits on port A of cell $techmap\baseline.transition.$procmux$1267: \baseline.state [0] -> 1'1
      Replacing known input bits on port A of cell $techmap\baseline.transition.$procmux$2037: \baseline.state [0] -> 1'1
      Replacing known input bits on port A of cell $techmap\baseline.transition.$procmux$7026: \baseline.state [19:0] -> { \baseline.state [19:1] 1'1 }
      Replacing known input bits on port A of cell $techmap\baseline.transition.$procmux$6821: \baseline.state [0] -> 1'1
      Replacing known input bits on port A of cell $techmap\baseline.transition.$procmux$7127: \baseline.state -> { \baseline.state [21:1] 1'0 }
      Replacing known input bits on port A of cell $techmap\baseline.transition.$procmux$2611: \baseline.state [6:0] -> { \baseline.state [6:1] 1'1 }
      Replacing known input bits on port B of cell $techmap\baseline.transition.$procmux$7158: \baseline.state [0] -> 1'1
  Analyzing evaluation results.
    dead port 2/2 on $mux $techmap\baseline.transition.$procmux$2537.
    dead port 1/2 on $mux $techmap\baseline.transition.$procmux$2540.
    dead port 2/2 on $mux $techmap\baseline.transition.$procmux$2542.
    dead port 2/2 on $mux $techmap\baseline.transition.$procmux$2551.
    dead port 2/2 on $mux $techmap\baseline.transition.$procmux$2553.
    dead port 1/2 on $mux $techmap\baseline.transition.$procmux$2556.
    dead port 2/2 on $mux $techmap\baseline.transition.$procmux$2558.
    dead port 2/2 on $mux $techmap\baseline.transition.$procmux$2567.
    dead port 2/2 on $mux $techmap\baseline.transition.$procmux$2569.
    dead port 1/2 on $mux $techmap\baseline.transition.$procmux$2572.
    dead port 2/2 on $mux $techmap\baseline.transition.$procmux$2574.
    dead port 2/2 on $mux $techmap\baseline.transition.$procmux$2583.
    dead port 2/2 on $mux $techmap\baseline.transition.$procmux$2585.
    dead port 1/2 on $mux $techmap\baseline.transition.$procmux$2588.
    dead port 2/2 on $mux $techmap\baseline.transition.$procmux$2590.
    dead port 2/2 on $mux $techmap\baseline.transition.$procmux$2343.
    dead port 2/2 on $mux $techmap\baseline.transition.$procmux$1275.
    dead port 1/2 on $mux $techmap\baseline.transition.$procmux$1278.
    dead port 2/2 on $mux $techmap\baseline.transition.$procmux$1280.
    dead port 2/2 on $mux $techmap\baseline.transition.$procmux$1294.
    dead port 2/2 on $mux $techmap\baseline.transition.$procmux$2601.
    dead port 1/2 on $mux $techmap\baseline.transition.$procmux$2604.
    dead port 2/2 on $mux $techmap\baseline.transition.$procmux$2606.
    dead port 2/2 on $mux $techmap\baseline.transition.$procmux$1296.
    dead port 2/2 on $mux $techmap\baseline.transition.$procmux$1298.
    dead port 2/2 on $mux $techmap\baseline.transition.$procmux$2345.
    dead port 2/2 on $mux $techmap\baseline.transition.$procmux$2616.
    dead port 1/2 on $mux $techmap\baseline.transition.$procmux$2619.
    dead port 2/2 on $mux $techmap\baseline.transition.$procmux$2621.
    dead port 2/2 on $mux $techmap\baseline.transition.$procmux$1300.
    dead port 2/2 on $mux $techmap\baseline.transition.$procmux$2634.
    dead port 2/2 on $mux $techmap\baseline.transition.$procmux$2636.
    dead port 2/2 on $mux $techmap\baseline.transition.$procmux$2347.
    dead port 1/2 on $mux $techmap\baseline.transition.$procmux$1303.
    dead port 2/2 on $mux $techmap\baseline.transition.$procmux$1305.
    dead port 2/2 on $mux $techmap\baseline.transition.$procmux$1324.
    dead port 2/2 on $mux $techmap\baseline.transition.$procmux$2638.
    dead port 1/2 on $mux $techmap\baseline.transition.$procmux$2641.
    dead port 2/2 on $mux $techmap\baseline.transition.$procmux$2643.
    dead port 2/2 on $mux $techmap\baseline.transition.$procmux$2652.
    dead port 2/2 on $mux $techmap\baseline.transition.$procmux$2654.
    dead port 1/2 on $mux $techmap\baseline.transition.$procmux$2657.
    dead port 2/2 on $mux $techmap\baseline.transition.$procmux$2659.
    dead port 2/2 on $mux $techmap\baseline.transition.$procmux$2673.
    dead port 2/2 on $mux $techmap\baseline.transition.$procmux$2675.
    dead port 2/2 on $mux $techmap\baseline.transition.$procmux$1326.
    dead port 2/2 on $mux $techmap\baseline.transition.$procmux$2677.
    dead port 1/2 on $mux $techmap\baseline.transition.$procmux$2680.
    dead port 2/2 on $mux $techmap\baseline.transition.$procmux$2682.
    dead port 2/2 on $mux $techmap\baseline.transition.$procmux$2698.
    dead port 2/2 on $mux $techmap\baseline.transition.$procmux$2700.
    dead port 2/2 on $mux $techmap\baseline.transition.$procmux$1328.
    dead port 2/2 on $mux $techmap\baseline.transition.$procmux$2702.
    dead port 1/2 on $mux $techmap\baseline.transition.$procmux$2705.
    dead port 2/2 on $mux $techmap\baseline.transition.$procmux$2707.
    dead port 2/2 on $mux $techmap\baseline.transition.$procmux$2725.
    dead port 2/2 on $mux $techmap\baseline.transition.$procmux$2727.
    dead port 2/2 on $mux $techmap\baseline.transition.$procmux$2316.
    dead port 2/2 on $mux $techmap\baseline.transition.$procmux$2729.
    dead port 1/2 on $mux $techmap\baseline.transition.$procmux$2732.
    dead port 2/2 on $mux $techmap\baseline.transition.$procmux$2734.
    dead port 2/2 on $mux $techmap\baseline.transition.$procmux$2754.
    dead port 2/2 on $mux $techmap\baseline.transition.$procmux$2756.
    dead port 2/2 on $mux $techmap\baseline.transition.$procmux$2758.
    dead port 1/2 on $mux $techmap\baseline.transition.$procmux$2761.
    dead port 2/2 on $mux $techmap\baseline.transition.$procmux$2763.
    dead port 2/2 on $mux $techmap\baseline.transition.$procmux$2785.
    dead port 2/2 on $mux $techmap\baseline.transition.$procmux$2787.
    dead port 2/2 on $mux $techmap\baseline.transition.$procmux$2789.
    dead port 1/2 on $mux $techmap\baseline.transition.$procmux$2792.
    dead port 2/2 on $mux $techmap\baseline.transition.$procmux$2794.
    dead port 2/2 on $mux $techmap\baseline.transition.$procmux$2818.
    dead port 2/2 on $mux $techmap\baseline.transition.$procmux$2820.
    dead port 2/2 on $mux $techmap\baseline.transition.$procmux$2822.
    dead port 1/2 on $mux $techmap\baseline.transition.$procmux$2825.
    dead port 2/2 on $mux $techmap\baseline.transition.$procmux$2827.
    dead port 2/2 on $mux $techmap\baseline.transition.$procmux$2853.
    dead port 2/2 on $mux $techmap\baseline.transition.$procmux$2855.
    dead port 2/2 on $mux $techmap\baseline.transition.$procmux$2857.
    dead port 1/2 on $mux $techmap\baseline.transition.$procmux$2860.
    dead port 2/2 on $mux $techmap\baseline.transition.$procmux$2862.
    dead port 2/2 on $mux $techmap\baseline.transition.$procmux$2890.
    dead port 2/2 on $mux $techmap\baseline.transition.$procmux$2892.
    dead port 2/2 on $mux $techmap\baseline.transition.$procmux$2894.
    dead port 1/2 on $mux $techmap\baseline.transition.$procmux$2897.
    dead port 2/2 on $mux $techmap\baseline.transition.$procmux$2899.
    dead port 2/2 on $mux $techmap\baseline.transition.$procmux$2929.
    dead port 2/2 on $mux $techmap\baseline.transition.$procmux$2931.
    dead port 2/2 on $mux $techmap\baseline.transition.$procmux$1330.
    dead port 2/2 on $mux $techmap\baseline.transition.$procmux$2933.
    dead port 1/2 on $mux $techmap\baseline.transition.$procmux$2936.
    dead port 2/2 on $mux $techmap\baseline.transition.$procmux$2938.
    dead port 2/2 on $mux $techmap\baseline.transition.$procmux$2970.
    dead port 2/2 on $mux $techmap\baseline.transition.$procmux$2972.
    dead port 1/2 on $mux $techmap\baseline.transition.$procmux$1333.
    dead port 2/2 on $mux $techmap\baseline.transition.$procmux$2974.
    dead port 1/2 on $mux $techmap\baseline.transition.$procmux$2977.
    dead port 2/2 on $mux $techmap\baseline.transition.$procmux$2979.
    dead port 2/2 on $mux $techmap\baseline.transition.$procmux$2991.
    dead port 2/2 on $mux $techmap\baseline.transition.$procmux$2993.
    dead port 2/2 on $mux $techmap\baseline.transition.$procmux$1335.
    dead port 2/2 on $mux $techmap\baseline.transition.$procmux$2995.
    dead port 1/2 on $mux $techmap\baseline.transition.$procmux$2998.
    dead port 2/2 on $mux $techmap\baseline.transition.$procmux$3000.
    dead port 2/2 on $mux $techmap\baseline.transition.$procmux$3017.
    dead port 2/2 on $mux $techmap\baseline.transition.$procmux$3019.
    dead port 2/2 on $mux $techmap\baseline.transition.$procmux$3021.
    dead port 1/2 on $mux $techmap\baseline.transition.$procmux$3024.
    dead port 2/2 on $mux $techmap\baseline.transition.$procmux$3026.
    dead port 2/2 on $mux $techmap\baseline.transition.$procmux$3047.
    dead port 2/2 on $mux $techmap\baseline.transition.$procmux$3049.
    dead port 2/2 on $mux $techmap\baseline.transition.$procmux$3051.
    dead port 1/2 on $mux $techmap\baseline.transition.$procmux$3054.
    dead port 2/2 on $mux $techmap\baseline.transition.$procmux$3056.
    dead port 2/2 on $mux $techmap\baseline.transition.$procmux$3081.
    dead port 2/2 on $mux $techmap\baseline.transition.$procmux$3083.
    dead port 2/2 on $mux $techmap\baseline.transition.$procmux$1358.
    dead port 2/2 on $mux $techmap\baseline.transition.$procmux$3085.
    dead port 1/2 on $mux $techmap\baseline.transition.$procmux$3088.
    dead port 2/2 on $mux $techmap\baseline.transition.$procmux$3090.
    dead port 2/2 on $mux $techmap\baseline.transition.$procmux$3119.
    dead port 2/2 on $mux $techmap\baseline.transition.$procmux$3121.
    dead port 2/2 on $mux $techmap\baseline.transition.$procmux$3123.
    dead port 1/2 on $mux $techmap\baseline.transition.$procmux$3126.
    dead port 2/2 on $mux $techmap\baseline.transition.$procmux$3128.
    dead port 2/2 on $mux $techmap\baseline.transition.$procmux$3141.
    dead port 2/2 on $mux $techmap\baseline.transition.$procmux$3143.
    dead port 2/2 on $mux $techmap\baseline.transition.$procmux$1360.
    dead port 2/2 on $mux $techmap\baseline.transition.$procmux$3145.
    dead port 1/2 on $mux $techmap\baseline.transition.$procmux$3148.
    dead port 2/2 on $mux $techmap\baseline.transition.$procmux$3150.
    dead port 2/2 on $mux $techmap\baseline.transition.$procmux$3169.
    dead port 2/2 on $mux $techmap\baseline.transition.$procmux$3171.
    dead port 2/2 on $mux $techmap\baseline.transition.$procmux$1362.
    dead port 2/2 on $mux $techmap\baseline.transition.$procmux$3173.
    dead port 1/2 on $mux $techmap\baseline.transition.$procmux$3176.
    dead port 2/2 on $mux $techmap\baseline.transition.$procmux$3178.
    dead port 2/2 on $mux $techmap\baseline.transition.$procmux$3205.
    dead port 2/2 on $mux $techmap\baseline.transition.$procmux$3207.
    dead port 2/2 on $mux $techmap\baseline.transition.$procmux$3209.
    dead port 1/2 on $mux $techmap\baseline.transition.$procmux$3212.
    dead port 2/2 on $mux $techmap\baseline.transition.$procmux$3214.
    dead port 2/2 on $mux $techmap\baseline.transition.$procmux$3229.
    dead port 2/2 on $mux $techmap\baseline.transition.$procmux$3231.
    dead port 2/2 on $mux $techmap\baseline.transition.$procmux$3233.
    dead port 1/2 on $mux $techmap\baseline.transition.$procmux$3236.
    dead port 2/2 on $mux $techmap\baseline.transition.$procmux$3238.
    dead port 2/2 on $mux $techmap\baseline.transition.$procmux$3269.
    dead port 2/2 on $mux $techmap\baseline.transition.$procmux$3271.
    dead port 2/2 on $mux $techmap\baseline.transition.$procmux$3273.
    dead port 1/2 on $mux $techmap\baseline.transition.$procmux$3276.
    dead port 2/2 on $mux $techmap\baseline.transition.$procmux$3278.
    dead port 2/2 on $mux $techmap\baseline.transition.$procmux$3301.
    dead port 2/2 on $mux $techmap\baseline.transition.$procmux$3303.
    dead port 2/2 on $mux $techmap\baseline.transition.$procmux$3305.
    dead port 1/2 on $mux $techmap\baseline.transition.$procmux$3308.
    dead port 2/2 on $mux $techmap\baseline.transition.$procmux$3310.
    dead port 2/2 on $mux $techmap\baseline.transition.$procmux$3321.
    dead port 2/2 on $mux $techmap\baseline.transition.$procmux$3323.
    dead port 2/2 on $mux $techmap\baseline.transition.$procmux$3325.
    dead port 1/2 on $mux $techmap\baseline.transition.$procmux$3328.
    dead port 2/2 on $mux $techmap\baseline.transition.$procmux$3330.
    dead port 2/2 on $mux $techmap\baseline.transition.$procmux$3345.
    dead port 2/2 on $mux $techmap\baseline.transition.$procmux$3347.
    dead port 2/2 on $mux $techmap\baseline.transition.$procmux$3349.
    dead port 1/2 on $mux $techmap\baseline.transition.$procmux$3352.
    dead port 2/2 on $mux $techmap\baseline.transition.$procmux$3354.
    dead port 2/2 on $mux $techmap\baseline.transition.$procmux$1364.
    dead port 1/2 on $mux $techmap\baseline.transition.$procmux$1367.
    dead port 2/2 on $mux $techmap\baseline.transition.$procmux$3367.
    dead port 2/2 on $mux $techmap\baseline.transition.$procmux$3369.
    dead port 2/2 on $mux $techmap\baseline.transition.$procmux$1369.
    dead port 2/2 on $mux $techmap\baseline.transition.$procmux$3371.
    dead port 1/2 on $mux $techmap\baseline.transition.$procmux$3374.
    dead port 2/2 on $mux $techmap\baseline.transition.$procmux$3376.
    dead port 2/2 on $mux $techmap\baseline.transition.$procmux$3393.
    dead port 2/2 on $mux $techmap\baseline.transition.$procmux$3395.
    dead port 2/2 on $mux $techmap\baseline.transition.$procmux$3397.
    dead port 1/2 on $mux $techmap\baseline.transition.$procmux$3400.
    dead port 2/2 on $mux $techmap\baseline.transition.$procmux$3402.
    dead port 2/2 on $mux $techmap\baseline.transition.$procmux$1396.
    dead port 2/2 on $mux $techmap\baseline.transition.$procmux$3421.
    dead port 2/2 on $mux $techmap\baseline.transition.$procmux$3423.
    dead port 2/2 on $mux $techmap\baseline.transition.$procmux$3425.
    dead port 1/2 on $mux $techmap\baseline.transition.$procmux$3428.
    dead port 2/2 on $mux $techmap\baseline.transition.$procmux$3430.
    dead port 2/2 on $mux $techmap\baseline.transition.$procmux$1398.
    dead port 2/2 on $mux $techmap\baseline.transition.$procmux$3451.
    dead port 2/2 on $mux $techmap\baseline.transition.$procmux$3453.
    dead port 2/2 on $mux $techmap\baseline.transition.$procmux$1400.
    dead port 2/2 on $mux $techmap\baseline.transition.$procmux$3455.
    dead port 1/2 on $mux $techmap\baseline.transition.$procmux$3458.
    dead port 2/2 on $mux $techmap\baseline.transition.$procmux$3460.
    dead port 2/2 on $mux $techmap\baseline.transition.$procmux$1107.
    dead port 2/2 on $mux $techmap\baseline.transition.$procmux$3483.
    dead port 2/2 on $mux $techmap\baseline.transition.$procmux$3485.
    dead port 2/2 on $mux $techmap\baseline.transition.$procmux$3487.
    dead port 1/2 on $mux $techmap\baseline.transition.$procmux$3490.
    dead port 2/2 on $mux $techmap\baseline.transition.$procmux$3492.
    dead port 2/2 on $mux $techmap\baseline.transition.$procmux$3517.
    dead port 2/2 on $mux $techmap\baseline.transition.$procmux$3519.
    dead port 2/2 on $mux $techmap\baseline.transition.$procmux$3521.
    dead port 1/2 on $mux $techmap\baseline.transition.$procmux$3524.
    dead port 2/2 on $mux $techmap\baseline.transition.$procmux$3526.
    dead port 2/2 on $mux $techmap\baseline.transition.$procmux$3553.
    dead port 2/2 on $mux $techmap\baseline.transition.$procmux$3555.
    dead port 1/2 on $mux $techmap\baseline.transition.$procmux$1110.
    dead port 2/2 on $mux $techmap\baseline.transition.$procmux$3557.
    dead port 1/2 on $mux $techmap\baseline.transition.$procmux$3560.
    dead port 2/2 on $mux $techmap\baseline.transition.$procmux$3562.
    dead port 2/2 on $mux $techmap\baseline.transition.$procmux$1402.
    dead port 2/2 on $mux $techmap\baseline.transition.$procmux$3591.
    dead port 2/2 on $mux $techmap\baseline.transition.$procmux$3593.
    dead port 1/2 on $mux $techmap\baseline.transition.$procmux$1405.
    dead port 2/2 on $mux $techmap\baseline.transition.$procmux$3595.
    dead port 1/2 on $mux $techmap\baseline.transition.$procmux$3598.
    dead port 2/2 on $mux $techmap\baseline.transition.$procmux$3600.
    dead port 2/2 on $mux $techmap\baseline.transition.$procmux$1407.
    dead port 2/2 on $mux $techmap\baseline.transition.$procmux$3630.
    dead port 2/2 on $mux $techmap\baseline.transition.$procmux$3632.
    dead port 2/2 on $mux $techmap\baseline.transition.$procmux$3634.
    dead port 1/2 on $mux $techmap\baseline.transition.$procmux$3637.
    dead port 2/2 on $mux $techmap\baseline.transition.$procmux$3639.
    dead port 2/2 on $mux $techmap\baseline.transition.$procmux$1438.
    dead port 2/2 on $mux $techmap\baseline.transition.$procmux$3651.
    dead port 2/2 on $mux $techmap\baseline.transition.$procmux$3653.
    dead port 2/2 on $mux $techmap\baseline.transition.$procmux$3655.
    dead port 1/2 on $mux $techmap\baseline.transition.$procmux$3658.
    dead port 2/2 on $mux $techmap\baseline.transition.$procmux$3660.
    dead port 2/2 on $mux $techmap\baseline.transition.$procmux$1440.
    dead port 2/2 on $mux $techmap\baseline.transition.$procmux$1442.
    dead port 2/2 on $mux $techmap\baseline.transition.$procmux$1112.
    dead port 2/2 on $mux $techmap\baseline.transition.$procmux$3676.
    dead port 2/2 on $mux $techmap\baseline.transition.$procmux$3678.
    dead port 2/2 on $mux $techmap\baseline.transition.$procmux$3680.
    dead port 1/2 on $mux $techmap\baseline.transition.$procmux$3683.
    dead port 2/2 on $mux $techmap\baseline.transition.$procmux$3685.
    dead port 2/2 on $mux $techmap\baseline.transition.$procmux$2349.
    dead port 2/2 on $mux $techmap\baseline.transition.$procmux$3705.
    dead port 2/2 on $mux $techmap\baseline.transition.$procmux$3707.
    dead port 2/2 on $mux $techmap\baseline.transition.$procmux$3709.
    dead port 1/2 on $mux $techmap\baseline.transition.$procmux$3712.
    dead port 2/2 on $mux $techmap\baseline.transition.$procmux$3714.
    dead port 2/2 on $mux $techmap\baseline.transition.$procmux$1444.
    dead port 1/2 on $mux $techmap\baseline.transition.$procmux$1447.
    dead port 2/2 on $mux $techmap\baseline.transition.$procmux$1449.
    dead port 2/2 on $mux $techmap\baseline.transition.$procmux$3738.
    dead port 2/2 on $mux $techmap\baseline.transition.$procmux$3740.
    dead port 2/2 on $mux $techmap\baseline.transition.$procmux$3742.
    dead port 1/2 on $mux $techmap\baseline.transition.$procmux$3745.
    dead port 2/2 on $mux $techmap\baseline.transition.$procmux$3747.
    dead port 2/2 on $mux $techmap\baseline.transition.$procmux$1464.
    dead port 2/2 on $mux $techmap\baseline.transition.$procmux$3775.
    dead port 2/2 on $mux $techmap\baseline.transition.$procmux$3777.
    dead port 2/2 on $mux $techmap\baseline.transition.$procmux$1466.
    dead port 2/2 on $mux $techmap\baseline.transition.$procmux$3779.
    dead port 1/2 on $mux $techmap\baseline.transition.$procmux$3782.
    dead port 2/2 on $mux $techmap\baseline.transition.$procmux$3784.
    dead port 2/2 on $mux $techmap\baseline.transition.$procmux$1468.
    dead port 2/2 on $mux $techmap\baseline.transition.$procmux$3814.
    dead port 2/2 on $mux $techmap\baseline.transition.$procmux$3816.
    dead port 1/2 on $mux $techmap\baseline.transition.$procmux$2352.
    dead port 2/2 on $mux $techmap\baseline.transition.$procmux$3818.
    dead port 1/2 on $mux $techmap\baseline.transition.$procmux$3821.
    dead port 2/2 on $mux $techmap\baseline.transition.$procmux$3823.
    dead port 2/2 on $mux $techmap\baseline.transition.$procmux$3841.
    dead port 2/2 on $mux $techmap\baseline.transition.$procmux$3843.
    dead port 2/2 on $mux $techmap\baseline.transition.$procmux$3845.
    dead port 1/2 on $mux $techmap\baseline.transition.$procmux$3848.
    dead port 2/2 on $mux $techmap\baseline.transition.$procmux$3850.
    dead port 2/2 on $mux $techmap\baseline.transition.$procmux$1470.
    dead port 1/2 on $mux $techmap\baseline.transition.$procmux$1473.
    dead port 2/2 on $mux $techmap\baseline.transition.$procmux$3864.
    dead port 2/2 on $mux $techmap\baseline.transition.$procmux$3866.
    dead port 2/2 on $mux $techmap\baseline.transition.$procmux$1475.
    dead port 2/2 on $mux $techmap\baseline.transition.$procmux$3868.
    dead port 1/2 on $mux $techmap\baseline.transition.$procmux$3871.
    dead port 2/2 on $mux $techmap\baseline.transition.$procmux$3873.
    dead port 2/2 on $mux $techmap\baseline.transition.$procmux$1496.
    dead port 2/2 on $mux $techmap\baseline.transition.$procmux$3895.
    dead port 2/2 on $mux $techmap\baseline.transition.$procmux$3897.
    dead port 2/2 on $mux $techmap\baseline.transition.$procmux$3899.
    dead port 1/2 on $mux $techmap\baseline.transition.$procmux$3902.
    dead port 2/2 on $mux $techmap\baseline.transition.$procmux$3904.
    dead port 2/2 on $mux $techmap\baseline.transition.$procmux$1498.
    dead port 2/2 on $mux $techmap\baseline.transition.$procmux$1500.
    dead port 2/2 on $mux $techmap\baseline.transition.$procmux$2354.
    dead port 2/2 on $mux $techmap\baseline.transition.$procmux$3934.
    dead port 2/2 on $mux $techmap\baseline.transition.$procmux$3936.
    dead port 2/2 on $mux $techmap\baseline.transition.$procmux$3938.
    dead port 1/2 on $mux $techmap\baseline.transition.$procmux$3941.
    dead port 2/2 on $mux $techmap\baseline.transition.$procmux$3943.
    dead port 2/2 on $mux $techmap\baseline.transition.$procmux$3969.
    dead port 2/2 on $mux $techmap\baseline.transition.$procmux$3971.
    dead port 2/2 on $mux $techmap\baseline.transition.$procmux$3973.
    dead port 1/2 on $mux $techmap\baseline.transition.$procmux$3976.
    dead port 2/2 on $mux $techmap\baseline.transition.$procmux$3978.
    dead port 2/2 on $mux $techmap\baseline.transition.$procmux$3989.
    dead port 2/2 on $mux $techmap\baseline.transition.$procmux$3991.
    dead port 2/2 on $mux $techmap\baseline.transition.$procmux$1502.
    dead port 2/2 on $mux $techmap\baseline.transition.$procmux$3993.
    dead port 1/2 on $mux $techmap\baseline.transition.$procmux$3996.
    dead port 2/2 on $mux $techmap\baseline.transition.$procmux$3998.
    dead port 2/2 on $mux $techmap\baseline.transition.$procmux$4009.
    dead port 2/2 on $mux $techmap\baseline.transition.$procmux$4011.
    dead port 1/2 on $mux $techmap\baseline.transition.$procmux$1505.
    dead port 2/2 on $mux $techmap\baseline.transition.$procmux$4013.
    dead port 1/2 on $mux $techmap\baseline.transition.$procmux$4016.
    dead port 2/2 on $mux $techmap\baseline.transition.$procmux$4018.
    dead port 2/2 on $mux $techmap\baseline.transition.$procmux$4029.
    dead port 2/2 on $mux $techmap\baseline.transition.$procmux$4031.
    dead port 2/2 on $mux $techmap\baseline.transition.$procmux$1507.
    dead port 2/2 on $mux $techmap\baseline.transition.$procmux$4033.
    dead port 1/2 on $mux $techmap\baseline.transition.$procmux$4036.
    dead port 2/2 on $mux $techmap\baseline.transition.$procmux$4038.
    dead port 2/2 on $mux $techmap\baseline.transition.$procmux$4053.
    dead port 2/2 on $mux $techmap\baseline.transition.$procmux$4055.
    dead port 2/2 on $mux $techmap\baseline.transition.$procmux$4057.
    dead port 1/2 on $mux $techmap\baseline.transition.$procmux$4060.
    dead port 2/2 on $mux $techmap\baseline.transition.$procmux$4062.
    dead port 2/2 on $mux $techmap\baseline.transition.$procmux$1536.
    dead port 2/2 on $mux $techmap\baseline.transition.$procmux$4075.
    dead port 2/2 on $mux $techmap\baseline.transition.$procmux$4077.
    dead port 2/2 on $mux $techmap\baseline.transition.$procmux$4079.
    dead port 1/2 on $mux $techmap\baseline.transition.$procmux$4082.
    dead port 2/2 on $mux $techmap\baseline.transition.$procmux$4084.
    dead port 2/2 on $mux $techmap\baseline.transition.$procmux$1538.
    dead port 2/2 on $mux $techmap\baseline.transition.$procmux$4101.
    dead port 2/2 on $mux $techmap\baseline.transition.$procmux$4103.
    dead port 2/2 on $mux $techmap\baseline.transition.$procmux$1540.
    dead port 2/2 on $mux $techmap\baseline.transition.$procmux$4105.
    dead port 1/2 on $mux $techmap\baseline.transition.$procmux$4108.
    dead port 2/2 on $mux $techmap\baseline.transition.$procmux$4110.
    dead port 2/2 on $mux $techmap\baseline.transition.$procmux$4129.
    dead port 2/2 on $mux $techmap\baseline.transition.$procmux$4131.
    dead port 2/2 on $mux $techmap\baseline.transition.$procmux$4133.
    dead port 1/2 on $mux $techmap\baseline.transition.$procmux$4136.
    dead port 2/2 on $mux $techmap\baseline.transition.$procmux$4138.
    dead port 2/2 on $mux $techmap\baseline.transition.$procmux$4159.
    dead port 2/2 on $mux $techmap\baseline.transition.$procmux$4161.
    dead port 2/2 on $mux $techmap\baseline.transition.$procmux$4163.
    dead port 1/2 on $mux $techmap\baseline.transition.$procmux$4166.
    dead port 2/2 on $mux $techmap\baseline.transition.$procmux$4168.
    dead port 2/2 on $mux $techmap\baseline.transition.$procmux$4191.
    dead port 2/2 on $mux $techmap\baseline.transition.$procmux$4193.
    dead port 2/2 on $mux $techmap\baseline.transition.$procmux$4195.
    dead port 1/2 on $mux $techmap\baseline.transition.$procmux$4198.
    dead port 2/2 on $mux $techmap\baseline.transition.$procmux$4200.
    dead port 2/2 on $mux $techmap\baseline.transition.$procmux$1542.
    dead port 2/2 on $mux $techmap\baseline.transition.$procmux$4225.
    dead port 2/2 on $mux $techmap\baseline.transition.$procmux$4227.
    dead port 1/2 on $mux $techmap\baseline.transition.$procmux$1545.
    dead port 2/2 on $mux $techmap\baseline.transition.$procmux$4229.
    dead port 1/2 on $mux $techmap\baseline.transition.$procmux$4232.
    dead port 2/2 on $mux $techmap\baseline.transition.$procmux$4234.
    dead port 2/2 on $mux $techmap\baseline.transition.$procmux$1547.
    dead port 2/2 on $mux $techmap\baseline.transition.$procmux$4261.
    dead port 2/2 on $mux $techmap\baseline.transition.$procmux$4263.
    dead port 2/2 on $mux $techmap\baseline.transition.$procmux$4265.
    dead port 1/2 on $mux $techmap\baseline.transition.$procmux$4268.
    dead port 2/2 on $mux $techmap\baseline.transition.$procmux$4270.
    dead port 2/2 on $mux $techmap\baseline.transition.$procmux$4299.
    dead port 2/2 on $mux $techmap\baseline.transition.$procmux$4301.
    dead port 2/2 on $mux $techmap\baseline.transition.$procmux$1564.
    dead port 2/2 on $mux $techmap\baseline.transition.$procmux$4303.
    dead port 1/2 on $mux $techmap\baseline.transition.$procmux$4306.
    dead port 2/2 on $mux $techmap\baseline.transition.$procmux$4308.
    dead port 2/2 on $mux $techmap\baseline.transition.$procmux$4338.
    dead port 2/2 on $mux $techmap\baseline.transition.$procmux$4340.
    dead port 2/2 on $mux $techmap\baseline.transition.$procmux$1566.
    dead port 2/2 on $mux $techmap\baseline.transition.$procmux$4342.
    dead port 1/2 on $mux $techmap\baseline.transition.$procmux$4345.
    dead port 2/2 on $mux $techmap\baseline.transition.$procmux$4347.
    dead port 2/2 on $mux $techmap\baseline.transition.$procmux$1568.
    dead port 2/2 on $mux $techmap\baseline.transition.$procmux$4359.
    dead port 2/2 on $mux $techmap\baseline.transition.$procmux$4361.
    dead port 2/2 on $mux $techmap\baseline.transition.$procmux$4363.
    dead port 1/2 on $mux $techmap\baseline.transition.$procmux$4366.
    dead port 2/2 on $mux $techmap\baseline.transition.$procmux$4368.
    dead port 2/2 on $mux $techmap\baseline.transition.$procmux$4384.
    dead port 2/2 on $mux $techmap\baseline.transition.$procmux$4386.
    dead port 2/2 on $mux $techmap\baseline.transition.$procmux$4388.
    dead port 1/2 on $mux $techmap\baseline.transition.$procmux$4391.
    dead port 2/2 on $mux $techmap\baseline.transition.$procmux$4393.
    dead port 2/2 on $mux $techmap\baseline.transition.$procmux$1570.
    dead port 1/2 on $mux $techmap\baseline.transition.$procmux$1573.
    dead port 2/2 on $mux $techmap\baseline.transition.$procmux$1575.
    dead port 2/2 on $mux $techmap\baseline.transition.$procmux$4413.
    dead port 2/2 on $mux $techmap\baseline.transition.$procmux$4415.
    dead port 2/2 on $mux $techmap\baseline.transition.$procmux$4417.
    dead port 1/2 on $mux $techmap\baseline.transition.$procmux$4420.
    dead port 2/2 on $mux $techmap\baseline.transition.$procmux$4422.
    dead port 2/2 on $mux $techmap\baseline.transition.$procmux$1608.
    dead port 2/2 on $mux $techmap\baseline.transition.$procmux$4446.
    dead port 2/2 on $mux $techmap\baseline.transition.$procmux$4448.
    dead port 2/2 on $mux $techmap\baseline.transition.$procmux$1610.
    dead port 2/2 on $mux $techmap\baseline.transition.$procmux$4450.
    dead port 1/2 on $mux $techmap\baseline.transition.$procmux$4453.
    dead port 2/2 on $mux $techmap\baseline.transition.$procmux$4455.
    dead port 2/2 on $mux $techmap\baseline.transition.$procmux$1612.
    dead port 2/2 on $mux $techmap\baseline.transition.$procmux$2388.
    dead port 2/2 on $mux $techmap\baseline.transition.$procmux$4483.
    dead port 2/2 on $mux $techmap\baseline.transition.$procmux$4485.
    dead port 2/2 on $mux $techmap\baseline.transition.$procmux$4487.
    dead port 1/2 on $mux $techmap\baseline.transition.$procmux$4490.
    dead port 2/2 on $mux $techmap\baseline.transition.$procmux$4492.
    dead port 2/2 on $mux $techmap\baseline.transition.$procmux$4522.
    dead port 2/2 on $mux $techmap\baseline.transition.$procmux$4524.
    dead port 2/2 on $mux $techmap\baseline.transition.$procmux$4526.
    dead port 1/2 on $mux $techmap\baseline.transition.$procmux$4529.
    dead port 2/2 on $mux $techmap\baseline.transition.$procmux$4531.
    dead port 2/2 on $mux $techmap\baseline.transition.$procmux$1614.
    dead port 1/2 on $mux $techmap\baseline.transition.$procmux$1617.
    dead port 2/2 on $mux $techmap\baseline.transition.$procmux$4549.
    dead port 2/2 on $mux $techmap\baseline.transition.$procmux$4551.
    dead port 2/2 on $mux $techmap\baseline.transition.$procmux$1619.
    dead port 2/2 on $mux $techmap\baseline.transition.$procmux$4553.
    dead port 1/2 on $mux $techmap\baseline.transition.$procmux$4556.
    dead port 2/2 on $mux $techmap\baseline.transition.$procmux$4558.
    dead port 2/2 on $mux $techmap\baseline.transition.$procmux$1644.
    dead port 2/2 on $mux $techmap\baseline.transition.$procmux$4572.
    dead port 2/2 on $mux $techmap\baseline.transition.$procmux$4574.
    dead port 2/2 on $mux $techmap\baseline.transition.$procmux$4576.
    dead port 1/2 on $mux $techmap\baseline.transition.$procmux$4579.
    dead port 2/2 on $mux $techmap\baseline.transition.$procmux$4581.
    dead port 2/2 on $mux $techmap\baseline.transition.$procmux$1646.
    dead port 2/2 on $mux $techmap\baseline.transition.$procmux$1648.
    dead port 2/2 on $mux $techmap\baseline.transition.$procmux$4603.
    dead port 2/2 on $mux $techmap\baseline.transition.$procmux$4605.
    dead port 2/2 on $mux $techmap\baseline.transition.$procmux$4607.
    dead port 1/2 on $mux $techmap\baseline.transition.$procmux$4610.
    dead port 2/2 on $mux $techmap\baseline.transition.$procmux$4612.
    dead port 2/2 on $mux $techmap\baseline.transition.$procmux$4642.
    dead port 2/2 on $mux $techmap\baseline.transition.$procmux$4644.
    dead port 2/2 on $mux $techmap\baseline.transition.$procmux$4646.
    dead port 1/2 on $mux $techmap\baseline.transition.$procmux$4649.
    dead port 2/2 on $mux $techmap\baseline.transition.$procmux$4651.
    dead port 2/2 on $mux $techmap\baseline.transition.$procmux$1650.
    dead port 1/2 on $mux $techmap\baseline.transition.$procmux$1653.
    dead port 2/2 on $mux $techmap\baseline.transition.$procmux$1655.
    dead port 2/2 on $mux $techmap\baseline.transition.$procmux$4677.
    dead port 2/2 on $mux $techmap\baseline.transition.$procmux$4679.
    dead port 2/2 on $mux $techmap\baseline.transition.$procmux$4681.
    dead port 1/2 on $mux $techmap\baseline.transition.$procmux$4684.
    dead port 2/2 on $mux $techmap\baseline.transition.$procmux$4686.
    dead port 2/2 on $mux $techmap\baseline.transition.$procmux$4696.
    dead port 2/2 on $mux $techmap\baseline.transition.$procmux$4698.
    dead port 1/2 on $mux $techmap\baseline.transition.$procmux$4701.
    dead port 2/2 on $mux $techmap\baseline.transition.$procmux$4703.
    dead port 2/2 on $mux $techmap\baseline.transition.$procmux$4713.
    dead port 2/2 on $mux $techmap\baseline.transition.$procmux$1669.
    dead port 2/2 on $mux $techmap\baseline.transition.$procmux$4715.
    dead port 1/2 on $mux $techmap\baseline.transition.$procmux$4718.
    dead port 2/2 on $mux $techmap\baseline.transition.$procmux$4720.
    dead port 2/2 on $mux $techmap\baseline.transition.$procmux$4731.
    dead port 1/2 on $mux $techmap\baseline.transition.$procmux$1190.
    dead port 2/2 on $mux $techmap\baseline.transition.$procmux$4733.
    dead port 1/2 on $mux $techmap\baseline.transition.$procmux$4736.
    dead port 2/2 on $mux $techmap\baseline.transition.$procmux$4738.
    dead port 2/2 on $mux $techmap\baseline.transition.$procmux$4750.
    dead port 2/2 on $mux $techmap\baseline.transition.$procmux$4752.
    dead port 2/2 on $mux $techmap\baseline.transition.$procmux$1671.
    dead port 2/2 on $mux $techmap\baseline.transition.$procmux$4754.
    dead port 1/2 on $mux $techmap\baseline.transition.$procmux$4757.
    dead port 2/2 on $mux $techmap\baseline.transition.$procmux$4759.
    dead port 2/2 on $mux $techmap\baseline.transition.$procmux$4772.
    dead port 2/2 on $mux $techmap\baseline.transition.$procmux$4774.
    dead port 2/2 on $mux $techmap\baseline.transition.$procmux$4776.
    dead port 2/2 on $mux $techmap\baseline.transition.$procmux$1673.
    dead port 2/2 on $mux $techmap\baseline.transition.$procmux$4778.
    dead port 1/2 on $mux $techmap\baseline.transition.$procmux$4781.
    dead port 2/2 on $mux $techmap\baseline.transition.$procmux$4783.
    dead port 2/2 on $mux $techmap\baseline.transition.$procmux$4795.
    dead port 2/2 on $mux $techmap\baseline.transition.$procmux$4797.
    dead port 2/2 on $mux $techmap\baseline.transition.$procmux$2390.
    dead port 2/2 on $mux $techmap\baseline.transition.$procmux$4799.
    dead port 1/2 on $mux $techmap\baseline.transition.$procmux$4802.
    dead port 2/2 on $mux $techmap\baseline.transition.$procmux$4804.
    dead port 2/2 on $mux $techmap\baseline.transition.$procmux$4816.
    dead port 2/2 on $mux $techmap\baseline.transition.$procmux$4818.
    dead port 2/2 on $mux $techmap\baseline.transition.$procmux$4820.
    dead port 1/2 on $mux $techmap\baseline.transition.$procmux$4823.
    dead port 2/2 on $mux $techmap\baseline.transition.$procmux$4825.
    dead port 2/2 on $mux $techmap\baseline.transition.$procmux$4841.
    dead port 2/2 on $mux $techmap\baseline.transition.$procmux$4843.
    dead port 2/2 on $mux $techmap\baseline.transition.$procmux$4845.
    dead port 1/2 on $mux $techmap\baseline.transition.$procmux$4848.
    dead port 2/2 on $mux $techmap\baseline.transition.$procmux$4850.
    dead port 2/2 on $mux $techmap\baseline.transition.$procmux$4864.
    dead port 2/2 on $mux $techmap\baseline.transition.$procmux$4866.
    dead port 2/2 on $mux $techmap\baseline.transition.$procmux$4868.
    dead port 1/2 on $mux $techmap\baseline.transition.$procmux$4871.
    dead port 2/2 on $mux $techmap\baseline.transition.$procmux$4873.
    dead port 2/2 on $mux $techmap\baseline.transition.$procmux$1675.
    dead port 2/2 on $mux $techmap\baseline.transition.$procmux$2325.
    dead port 2/2 on $mux $techmap\baseline.transition.$procmux$1230.
    dead port 2/2 on $mux $techmap\baseline.transition.$procmux$4891.
    dead port 2/2 on $mux $techmap\baseline.transition.$procmux$4893.
    dead port 1/2 on $mux $techmap\baseline.transition.$procmux$1678.
    dead port 2/2 on $mux $techmap\baseline.transition.$procmux$4895.
    dead port 1/2 on $mux $techmap\baseline.transition.$procmux$4898.
    dead port 2/2 on $mux $techmap\baseline.transition.$procmux$4900.
    dead port 2/2 on $mux $techmap\baseline.transition.$procmux$1680.
    dead port 1/2 on $mux $techmap\baseline.transition.$procmux$1233.
    dead port 2/2 on $mux $techmap\baseline.transition.$procmux$1235.
    dead port 2/2 on $mux $techmap\baseline.transition.$procmux$4920.
    dead port 2/2 on $mux $techmap\baseline.transition.$procmux$4922.
    dead port 2/2 on $mux $techmap\baseline.transition.$procmux$4924.
    dead port 1/2 on $mux $techmap\baseline.transition.$procmux$4927.
    dead port 2/2 on $mux $techmap\baseline.transition.$procmux$4929.
    dead port 2/2 on $mux $techmap\baseline.transition.$procmux$4951.
    dead port 2/2 on $mux $techmap\baseline.transition.$procmux$4953.
    dead port 2/2 on $mux $techmap\baseline.transition.$procmux$1697.
    dead port 2/2 on $mux $techmap\baseline.transition.$procmux$4955.
    dead port 1/2 on $mux $techmap\baseline.transition.$procmux$4958.
    dead port 2/2 on $mux $techmap\baseline.transition.$procmux$4960.
    dead port 2/2 on $mux $techmap\baseline.transition.$procmux$4984.
    dead port 2/2 on $mux $techmap\baseline.transition.$procmux$4986.
    dead port 2/2 on $mux $techmap\baseline.transition.$procmux$1699.
    dead port 2/2 on $mux $techmap\baseline.transition.$procmux$4988.
    dead port 1/2 on $mux $techmap\baseline.transition.$procmux$4991.
    dead port 2/2 on $mux $techmap\baseline.transition.$procmux$4993.
    dead port 2/2 on $mux $techmap\baseline.transition.$procmux$1701.
    dead port 2/2 on $mux $techmap\baseline.transition.$procmux$5019.
    dead port 2/2 on $mux $techmap\baseline.transition.$procmux$5021.
    dead port 2/2 on $mux $techmap\baseline.transition.$procmux$2392.
    dead port 2/2 on $mux $techmap\baseline.transition.$procmux$5023.
    dead port 1/2 on $mux $techmap\baseline.transition.$procmux$5026.
    dead port 2/2 on $mux $techmap\baseline.transition.$procmux$5028.
    dead port 2/2 on $mux $techmap\baseline.transition.$procmux$1269.
    dead port 2/2 on $mux $techmap\baseline.transition.$procmux$5056.
    dead port 2/2 on $mux $techmap\baseline.transition.$procmux$5058.
    dead port 2/2 on $mux $techmap\baseline.transition.$procmux$5060.
    dead port 1/2 on $mux $techmap\baseline.transition.$procmux$5063.
    dead port 2/2 on $mux $techmap\baseline.transition.$procmux$5065.
    dead port 2/2 on $mux $techmap\baseline.transition.$procmux$1271.
    dead port 2/2 on $mux $techmap\baseline.transition.$procmux$5095.
    dead port 2/2 on $mux $techmap\baseline.transition.$procmux$5097.
    dead port 2/2 on $mux $techmap\baseline.transition.$procmux$5099.
    dead port 1/2 on $mux $techmap\baseline.transition.$procmux$5102.
    dead port 2/2 on $mux $techmap\baseline.transition.$procmux$5104.
    dead port 2/2 on $mux $techmap\baseline.transition.$procmux$1273.
    dead port 2/2 on $mux $techmap\baseline.transition.$procmux$5135.
    dead port 2/2 on $mux $techmap\baseline.transition.$procmux$5137.
    dead port 2/2 on $mux $techmap\baseline.transition.$procmux$1703.
    dead port 2/2 on $mux $techmap\baseline.transition.$procmux$5139.
    dead port 1/2 on $mux $techmap\baseline.transition.$procmux$5142.
    dead port 2/2 on $mux $techmap\baseline.transition.$procmux$5144.
    dead port 1/2 on $mux $techmap\baseline.transition.$procmux$1706.
    dead port 2/2 on $mux $techmap\baseline.transition.$procmux$1708.
    dead port 2/2 on $mux $techmap\baseline.transition.$procmux$5157.
    dead port 2/2 on $mux $techmap\baseline.transition.$procmux$5159.
    dead port 2/2 on $mux $techmap\baseline.transition.$procmux$5161.
    dead port 1/2 on $mux $techmap\baseline.transition.$procmux$5164.
    dead port 2/2 on $mux $techmap\baseline.transition.$procmux$5166.
    dead port 2/2 on $mux $techmap\baseline.transition.$procmux$1727.
    dead port 2/2 on $mux $techmap\baseline.transition.$procmux$5183.
    dead port 2/2 on $mux $techmap\baseline.transition.$procmux$5185.
    dead port 2/2 on $mux $techmap\baseline.transition.$procmux$1729.
    dead port 2/2 on $mux $techmap\baseline.transition.$procmux$5187.
    dead port 1/2 on $mux $techmap\baseline.transition.$procmux$5190.
    dead port 2/2 on $mux $techmap\baseline.transition.$procmux$5192.
    dead port 2/2 on $mux $techmap\baseline.transition.$procmux$1731.
    dead port 2/2 on $mux $techmap\baseline.transition.$procmux$2318.
    dead port 2/2 on $mux $techmap\baseline.transition.$procmux$5213.
    dead port 2/2 on $mux $techmap\baseline.transition.$procmux$5215.
    dead port 2/2 on $mux $techmap\baseline.transition.$procmux$5217.
    dead port 1/2 on $mux $techmap\baseline.transition.$procmux$5220.
    dead port 2/2 on $mux $techmap\baseline.transition.$procmux$5222.
    dead port 2/2 on $mux $techmap\baseline.transition.$procmux$5247.
    dead port 2/2 on $mux $techmap\baseline.transition.$procmux$5249.
    dead port 2/2 on $mux $techmap\baseline.transition.$procmux$1733.
    dead port 2/2 on $mux $techmap\baseline.transition.$procmux$5251.
    dead port 1/2 on $mux $techmap\baseline.transition.$procmux$5254.
    dead port 2/2 on $mux $techmap\baseline.transition.$procmux$5256.
    dead port 1/2 on $mux $techmap\baseline.transition.$procmux$1736.
    dead port 2/2 on $mux $techmap\baseline.transition.$procmux$1738.
    dead port 2/2 on $mux $techmap\baseline.transition.$procmux$5285.
    dead port 2/2 on $mux $techmap\baseline.transition.$procmux$5287.
    dead port 2/2 on $mux $techmap\baseline.transition.$procmux$5289.
    dead port 1/2 on $mux $techmap\baseline.transition.$procmux$5292.
    dead port 2/2 on $mux $techmap\baseline.transition.$procmux$5294.
    dead port 2/2 on $mux $techmap\baseline.transition.$procmux$1759.
    dead port 2/2 on $mux $techmap\baseline.transition.$procmux$5325.
    dead port 2/2 on $mux $techmap\baseline.transition.$procmux$5327.
    dead port 2/2 on $mux $techmap\baseline.transition.$procmux$5329.
    dead port 1/2 on $mux $techmap\baseline.transition.$procmux$5332.
    dead port 2/2 on $mux $techmap\baseline.transition.$procmux$5334.
    dead port 2/2 on $mux $techmap\baseline.transition.$procmux$1761.
    dead port 2/2 on $mux $techmap\baseline.transition.$procmux$1763.
    dead port 2/2 on $mux $techmap\baseline.transition.$procmux$1140.
    dead port 2/2 on $mux $techmap\baseline.transition.$procmux$5353.
    dead port 2/2 on $mux $techmap\baseline.transition.$procmux$5355.
    dead port 2/2 on $mux $techmap\baseline.transition.$procmux$5357.
    dead port 1/2 on $mux $techmap\baseline.transition.$procmux$5360.
    dead port 2/2 on $mux $techmap\baseline.transition.$procmux$5362.
    dead port 2/2 on $mux $techmap\baseline.transition.$procmux$5377.
    dead port 2/2 on $mux $techmap\baseline.transition.$procmux$5379.
    dead port 2/2 on $mux $techmap\baseline.transition.$procmux$5381.
    dead port 1/2 on $mux $techmap\baseline.transition.$procmux$5384.
    dead port 2/2 on $mux $techmap\baseline.transition.$procmux$5386.
    dead port 2/2 on $mux $techmap\baseline.transition.$procmux$1765.
    dead port 1/2 on $mux $techmap\baseline.transition.$procmux$1768.
    dead port 2/2 on $mux $techmap\baseline.transition.$procmux$1770.
    dead port 2/2 on $mux $techmap\baseline.transition.$procmux$5409.
    dead port 2/2 on $mux $techmap\baseline.transition.$procmux$5411.
    dead port 2/2 on $mux $techmap\baseline.transition.$procmux$5413.
    dead port 1/2 on $mux $techmap\baseline.transition.$procmux$5416.
    dead port 2/2 on $mux $techmap\baseline.transition.$procmux$5418.
    dead port 2/2 on $mux $techmap\baseline.transition.$procmux$1793.
    dead port 2/2 on $mux $techmap\baseline.transition.$procmux$5449.
    dead port 2/2 on $mux $techmap\baseline.transition.$procmux$5451.
    dead port 2/2 on $mux $techmap\baseline.transition.$procmux$1795.
    dead port 2/2 on $mux $techmap\baseline.transition.$procmux$5453.
    dead port 1/2 on $mux $techmap\baseline.transition.$procmux$5456.
    dead port 2/2 on $mux $techmap\baseline.transition.$procmux$5458.
    dead port 2/2 on $mux $techmap\baseline.transition.$procmux$1797.
    dead port 2/2 on $mux $techmap\baseline.transition.$procmux$5485.
    dead port 2/2 on $mux $techmap\baseline.transition.$procmux$5487.
    dead port 2/2 on $mux $techmap\baseline.transition.$procmux$5489.
    dead port 1/2 on $mux $techmap\baseline.transition.$procmux$5492.
    dead port 2/2 on $mux $techmap\baseline.transition.$procmux$5494.
    dead port 2/2 on $mux $techmap\baseline.transition.$procmux$5505.
    dead port 2/2 on $mux $techmap\baseline.transition.$procmux$5507.
    dead port 1/2 on $mux $techmap\baseline.transition.$procmux$5510.
    dead port 2/2 on $mux $techmap\baseline.transition.$procmux$5512.
    dead port 2/2 on $mux $techmap\baseline.transition.$procmux$5523.
    dead port 2/2 on $mux $techmap\baseline.transition.$procmux$5525.
    dead port 1/2 on $mux $techmap\baseline.transition.$procmux$5528.
    dead port 2/2 on $mux $techmap\baseline.transition.$procmux$5530.
    dead port 2/2 on $mux $techmap\baseline.transition.$procmux$5542.
    dead port 2/2 on $mux $techmap\baseline.transition.$procmux$5544.
    dead port 2/2 on $mux $techmap\baseline.transition.$procmux$5546.
    dead port 1/2 on $mux $techmap\baseline.transition.$procmux$5549.
    dead port 2/2 on $mux $techmap\baseline.transition.$procmux$5551.
    dead port 2/2 on $mux $techmap\baseline.transition.$procmux$5563.
    dead port 2/2 on $mux $techmap\baseline.transition.$procmux$1799.
    dead port 2/2 on $mux $techmap\baseline.transition.$procmux$5565.
    dead port 1/2 on $mux $techmap\baseline.transition.$procmux$5568.
    dead port 2/2 on $mux $techmap\baseline.transition.$procmux$5570.
    dead port 2/2 on $mux $techmap\baseline.transition.$procmux$5583.
    dead port 2/2 on $mux $techmap\baseline.transition.$procmux$5585.
    dead port 1/2 on $mux $techmap\baseline.transition.$procmux$1802.
    dead port 2/2 on $mux $techmap\baseline.transition.$procmux$5587.
    dead port 1/2 on $mux $techmap\baseline.transition.$procmux$5590.
    dead port 2/2 on $mux $techmap\baseline.transition.$procmux$5592.
    dead port 2/2 on $mux $techmap\baseline.transition.$procmux$5608.
    dead port 2/2 on $mux $techmap\baseline.transition.$procmux$5610.
    dead port 2/2 on $mux $techmap\baseline.transition.$procmux$1804.
    dead port 2/2 on $mux $techmap\baseline.transition.$procmux$5612.
    dead port 1/2 on $mux $techmap\baseline.transition.$procmux$5615.
    dead port 2/2 on $mux $techmap\baseline.transition.$procmux$5617.
    dead port 2/2 on $mux $techmap\baseline.transition.$procmux$5635.
    dead port 2/2 on $mux $techmap\baseline.transition.$procmux$5637.
    dead port 2/2 on $mux $techmap\baseline.transition.$procmux$5639.
    dead port 1/2 on $mux $techmap\baseline.transition.$procmux$5642.
    dead port 2/2 on $mux $techmap\baseline.transition.$procmux$5644.
    dead port 2/2 on $mux $techmap\baseline.transition.$procmux$5664.
    dead port 2/2 on $mux $techmap\baseline.transition.$procmux$5666.
    dead port 2/2 on $mux $techmap\baseline.transition.$procmux$5668.
    dead port 1/2 on $mux $techmap\baseline.transition.$procmux$5671.
    dead port 2/2 on $mux $techmap\baseline.transition.$procmux$5673.
    dead port 2/2 on $mux $techmap\baseline.transition.$procmux$5695.
    dead port 2/2 on $mux $techmap\baseline.transition.$procmux$5697.
    dead port 2/2 on $mux $techmap\baseline.transition.$procmux$1829.
    dead port 2/2 on $mux $techmap\baseline.transition.$procmux$5699.
    dead port 1/2 on $mux $techmap\baseline.transition.$procmux$5702.
    dead port 2/2 on $mux $techmap\baseline.transition.$procmux$5704.
    dead port 2/2 on $mux $techmap\baseline.transition.$procmux$5728.
    dead port 2/2 on $mux $techmap\baseline.transition.$procmux$5730.
    dead port 2/2 on $mux $techmap\baseline.transition.$procmux$5732.
    dead port 1/2 on $mux $techmap\baseline.transition.$procmux$5735.
    dead port 2/2 on $mux $techmap\baseline.transition.$procmux$5737.
    dead port 2/2 on $mux $techmap\baseline.transition.$procmux$5763.
    dead port 2/2 on $mux $techmap\baseline.transition.$procmux$5765.
    dead port 2/2 on $mux $techmap\baseline.transition.$procmux$1831.
    dead port 2/2 on $mux $techmap\baseline.transition.$procmux$5767.
    dead port 1/2 on $mux $techmap\baseline.transition.$procmux$5770.
    dead port 2/2 on $mux $techmap\baseline.transition.$procmux$5772.
    dead port 2/2 on $mux $techmap\baseline.transition.$procmux$5800.
    dead port 2/2 on $mux $techmap\baseline.transition.$procmux$5802.
    dead port 2/2 on $mux $techmap\baseline.transition.$procmux$1833.
    dead port 2/2 on $mux $techmap\baseline.transition.$procmux$5804.
    dead port 1/2 on $mux $techmap\baseline.transition.$procmux$5807.
    dead port 2/2 on $mux $techmap\baseline.transition.$procmux$5809.
    dead port 2/2 on $mux $techmap\baseline.transition.$procmux$5839.
    dead port 2/2 on $mux $techmap\baseline.transition.$procmux$5841.
    dead port 2/2 on $mux $techmap\baseline.transition.$procmux$1142.
    dead port 2/2 on $mux $techmap\baseline.transition.$procmux$5843.
    dead port 1/2 on $mux $techmap\baseline.transition.$procmux$5846.
    dead port 2/2 on $mux $techmap\baseline.transition.$procmux$5848.
    dead port 2/2 on $mux $techmap\baseline.transition.$procmux$5880.
    dead port 2/2 on $mux $techmap\baseline.transition.$procmux$5882.
    dead port 2/2 on $mux $techmap\baseline.transition.$procmux$5884.
    dead port 1/2 on $mux $techmap\baseline.transition.$procmux$5887.
    dead port 2/2 on $mux $techmap\baseline.transition.$procmux$5889.
    dead port 2/2 on $mux $techmap\baseline.transition.$procmux$5923.
    dead port 2/2 on $mux $techmap\baseline.transition.$procmux$5925.
    dead port 2/2 on $mux $techmap\baseline.transition.$procmux$5927.
    dead port 1/2 on $mux $techmap\baseline.transition.$procmux$5930.
    dead port 2/2 on $mux $techmap\baseline.transition.$procmux$5932.
    dead port 2/2 on $mux $techmap\baseline.transition.$procmux$5946.
    dead port 2/2 on $mux $techmap\baseline.transition.$procmux$5948.
    dead port 2/2 on $mux $techmap\baseline.transition.$procmux$5950.
    dead port 1/2 on $mux $techmap\baseline.transition.$procmux$5953.
    dead port 2/2 on $mux $techmap\baseline.transition.$procmux$5955.
    dead port 2/2 on $mux $techmap\baseline.transition.$procmux$5974.
    dead port 2/2 on $mux $techmap\baseline.transition.$procmux$5976.
    dead port 2/2 on $mux $techmap\baseline.transition.$procmux$5978.
    dead port 1/2 on $mux $techmap\baseline.transition.$procmux$5981.
    dead port 2/2 on $mux $techmap\baseline.transition.$procmux$5983.
    dead port 2/2 on $mux $techmap\baseline.transition.$procmux$6006.
    dead port 2/2 on $mux $techmap\baseline.transition.$procmux$6008.
    dead port 2/2 on $mux $techmap\baseline.transition.$procmux$6010.
    dead port 1/2 on $mux $techmap\baseline.transition.$procmux$6013.
    dead port 2/2 on $mux $techmap\baseline.transition.$procmux$6015.
    dead port 2/2 on $mux $techmap\baseline.transition.$procmux$6042.
    dead port 2/2 on $mux $techmap\baseline.transition.$procmux$6044.
    dead port 2/2 on $mux $techmap\baseline.transition.$procmux$1835.
    dead port 2/2 on $mux $techmap\baseline.transition.$procmux$6046.
    dead port 1/2 on $mux $techmap\baseline.transition.$procmux$6049.
    dead port 2/2 on $mux $techmap\baseline.transition.$procmux$6051.
    dead port 2/2 on $mux $techmap\baseline.transition.$procmux$6082.
    dead port 2/2 on $mux $techmap\baseline.transition.$procmux$6084.
    dead port 1/2 on $mux $techmap\baseline.transition.$procmux$1838.
    dead port 2/2 on $mux $techmap\baseline.transition.$procmux$6086.
    dead port 1/2 on $mux $techmap\baseline.transition.$procmux$6089.
    dead port 2/2 on $mux $techmap\baseline.transition.$procmux$6091.
    dead port 2/2 on $mux $techmap\baseline.transition.$procmux$6106.
    dead port 2/2 on $mux $techmap\baseline.transition.$procmux$6108.
    dead port 2/2 on $mux $techmap\baseline.transition.$procmux$1840.
    dead port 2/2 on $mux $techmap\baseline.transition.$procmux$6110.
    dead port 1/2 on $mux $techmap\baseline.transition.$procmux$6113.
    dead port 2/2 on $mux $techmap\baseline.transition.$procmux$6115.
    dead port 2/2 on $mux $techmap\baseline.transition.$procmux$6136.
    dead port 2/2 on $mux $techmap\baseline.transition.$procmux$6138.
    dead port 2/2 on $mux $techmap\baseline.transition.$procmux$6140.
    dead port 1/2 on $mux $techmap\baseline.transition.$procmux$6143.
    dead port 2/2 on $mux $techmap\baseline.transition.$procmux$6145.
    dead port 2/2 on $mux $techmap\baseline.transition.$procmux$6174.
    dead port 2/2 on $mux $techmap\baseline.transition.$procmux$6176.
    dead port 2/2 on $mux $techmap\baseline.transition.$procmux$6178.
    dead port 1/2 on $mux $techmap\baseline.transition.$procmux$6181.
    dead port 2/2 on $mux $techmap\baseline.transition.$procmux$6183.
    dead port 2/2 on $mux $techmap\baseline.transition.$procmux$6200.
    dead port 2/2 on $mux $techmap\baseline.transition.$procmux$6202.
    dead port 2/2 on $mux $techmap\baseline.transition.$procmux$1867.
    dead port 2/2 on $mux $techmap\baseline.transition.$procmux$6204.
    dead port 1/2 on $mux $techmap\baseline.transition.$procmux$6207.
    dead port 2/2 on $mux $techmap\baseline.transition.$procmux$6209.
    dead port 2/2 on $mux $techmap\baseline.transition.$procmux$6242.
    dead port 2/2 on $mux $techmap\baseline.transition.$procmux$6244.
    dead port 2/2 on $mux $techmap\baseline.transition.$procmux$1144.
    dead port 2/2 on $mux $techmap\baseline.transition.$procmux$6246.
    dead port 1/2 on $mux $techmap\baseline.transition.$procmux$6249.
    dead port 2/2 on $mux $techmap\baseline.transition.$procmux$6251.
    dead port 2/2 on $mux $techmap\baseline.transition.$procmux$6276.
    dead port 2/2 on $mux $techmap\baseline.transition.$procmux$6278.
    dead port 2/2 on $mux $techmap\baseline.transition.$procmux$1869.
    dead port 2/2 on $mux $techmap\baseline.transition.$procmux$6280.
    dead port 1/2 on $mux $techmap\baseline.transition.$procmux$6283.
    dead port 2/2 on $mux $techmap\baseline.transition.$procmux$6285.
    dead port 2/2 on $mux $techmap\baseline.transition.$procmux$1192.
    dead port 2/2 on $mux $techmap\baseline.transition.$procmux$6298.
    dead port 2/2 on $mux $techmap\baseline.transition.$procmux$6300.
    dead port 2/2 on $mux $techmap\baseline.transition.$procmux$1871.
    dead port 2/2 on $mux $techmap\baseline.transition.$procmux$6302.
    dead port 1/2 on $mux $techmap\baseline.transition.$procmux$6305.
    dead port 2/2 on $mux $techmap\baseline.transition.$procmux$6307.
    dead port 2/2 on $mux $techmap\baseline.transition.$procmux$2489.
    dead port 2/2 on $mux $techmap\baseline.transition.$procmux$6324.
    dead port 2/2 on $mux $techmap\baseline.transition.$procmux$6326.
    dead port 2/2 on $mux $techmap\baseline.transition.$procmux$6328.
    dead port 1/2 on $mux $techmap\baseline.transition.$procmux$6331.
    dead port 2/2 on $mux $techmap\baseline.transition.$procmux$6333.
    dead port 2/2 on $mux $techmap\baseline.transition.$procmux$2394.
    dead port 1/2 on $mux $techmap\baseline.transition.$procmux$2492.
    dead port 2/2 on $mux $techmap\baseline.transition.$procmux$6348.
    dead port 2/2 on $mux $techmap\baseline.transition.$procmux$6350.
    dead port 2/2 on $mux $techmap\baseline.transition.$procmux$6352.
    dead port 1/2 on $mux $techmap\baseline.transition.$procmux$6355.
    dead port 2/2 on $mux $techmap\baseline.transition.$procmux$6357.
    dead port 1/2 on $mux $techmap\baseline.transition.$procmux$2397.
    dead port 2/2 on $mux $techmap\baseline.transition.$procmux$2494.
    dead port 2/2 on $mux $techmap\baseline.transition.$procmux$6376.
    dead port 2/2 on $mux $techmap\baseline.transition.$procmux$6378.
    dead port 2/2 on $mux $techmap\baseline.transition.$procmux$2399.
    dead port 2/2 on $mux $techmap\baseline.transition.$procmux$6380.
    dead port 1/2 on $mux $techmap\baseline.transition.$procmux$6383.
    dead port 2/2 on $mux $techmap\baseline.transition.$procmux$6385.
    dead port 2/2 on $mux $techmap\baseline.transition.$procmux$1873.
    dead port 2/2 on $mux $techmap\baseline.transition.$procmux$2502.
    dead port 2/2 on $mux $techmap\baseline.transition.$procmux$2320.
    dead port 2/2 on $mux $techmap\baseline.transition.$procmux$6406.
    dead port 2/2 on $mux $techmap\baseline.transition.$procmux$6408.
    dead port 1/2 on $mux $techmap\baseline.transition.$procmux$1876.
    dead port 2/2 on $mux $techmap\baseline.transition.$procmux$6410.
    dead port 1/2 on $mux $techmap\baseline.transition.$procmux$6413.
    dead port 2/2 on $mux $techmap\baseline.transition.$procmux$6415.
    dead port 2/2 on $mux $techmap\baseline.transition.$procmux$1878.
    dead port 2/2 on $mux $techmap\baseline.transition.$procmux$1224.
    dead port 2/2 on $mux $techmap\baseline.transition.$procmux$6438.
    dead port 2/2 on $mux $techmap\baseline.transition.$procmux$6440.
    dead port 2/2 on $mux $techmap\baseline.transition.$procmux$6442.
    dead port 1/2 on $mux $techmap\baseline.transition.$procmux$6445.
    dead port 2/2 on $mux $techmap\baseline.transition.$procmux$6447.
    dead port 2/2 on $mux $techmap\baseline.transition.$procmux$1226.
    dead port 2/2 on $mux $techmap\baseline.transition.$procmux$1228.
    dead port 2/2 on $mux $techmap\baseline.transition.$procmux$6472.
    dead port 2/2 on $mux $techmap\baseline.transition.$procmux$6474.
    dead port 2/2 on $mux $techmap\baseline.transition.$procmux$1907.
    dead port 2/2 on $mux $techmap\baseline.transition.$procmux$6476.
    dead port 1/2 on $mux $techmap\baseline.transition.$procmux$6479.
    dead port 2/2 on $mux $techmap\baseline.transition.$procmux$6481.
    dead port 1/2 on $mux $techmap\baseline.transition.$procmux$2323.
    dead port 2/2 on $mux $techmap\baseline.transition.$procmux$2504.
    dead port 2/2 on $mux $techmap\baseline.transition.$procmux$6508.
    dead port 2/2 on $mux $techmap\baseline.transition.$procmux$6510.
    dead port 2/2 on $mux $techmap\baseline.transition.$procmux$1909.
    dead port 2/2 on $mux $techmap\baseline.transition.$procmux$6512.
    dead port 1/2 on $mux $techmap\baseline.transition.$procmux$6515.
    dead port 2/2 on $mux $techmap\baseline.transition.$procmux$6517.
    dead port 2/2 on $mux $techmap\baseline.transition.$procmux$1911.
    dead port 1/2 on $mux $techmap\baseline.transition.$procmux$2507.
    dead port 2/2 on $mux $techmap\baseline.transition.$procmux$2509.
    dead port 2/2 on $mux $techmap\baseline.transition.$procmux$6546.
    dead port 2/2 on $mux $techmap\baseline.transition.$procmux$6548.
    dead port 2/2 on $mux $techmap\baseline.transition.$procmux$6550.
    dead port 1/2 on $mux $techmap\baseline.transition.$procmux$6553.
    dead port 2/2 on $mux $techmap\baseline.transition.$procmux$6555.
    dead port 2/2 on $mux $techmap\baseline.transition.$procmux$6586.
    dead port 2/2 on $mux $techmap\baseline.transition.$procmux$6588.
    dead port 2/2 on $mux $techmap\baseline.transition.$procmux$6590.
    dead port 1/2 on $mux $techmap\baseline.transition.$procmux$6593.
    dead port 2/2 on $mux $techmap\baseline.transition.$procmux$6595.
    dead port 2/2 on $mux $techmap\baseline.transition.$procmux$6627.
    dead port 2/2 on $mux $techmap\baseline.transition.$procmux$6629.
    dead port 2/2 on $mux $techmap\baseline.transition.$procmux$6631.
    dead port 1/2 on $mux $techmap\baseline.transition.$procmux$6634.
    dead port 2/2 on $mux $techmap\baseline.transition.$procmux$6636.
    dead port 2/2 on $mux $techmap\baseline.transition.$procmux$1913.
    dead port 2/2 on $mux $techmap\baseline.transition.$procmux$6650.
    dead port 2/2 on $mux $techmap\baseline.transition.$procmux$6652.
    dead port 1/2 on $mux $techmap\baseline.transition.$procmux$1916.
    dead port 2/2 on $mux $techmap\baseline.transition.$procmux$6654.
    dead port 1/2 on $mux $techmap\baseline.transition.$procmux$6657.
    dead port 2/2 on $mux $techmap\baseline.transition.$procmux$6659.
    dead port 2/2 on $mux $techmap\baseline.transition.$procmux$1918.
    dead port 2/2 on $mux $techmap\baseline.transition.$procmux$6677.
    dead port 2/2 on $mux $techmap\baseline.transition.$procmux$6679.
    dead port 2/2 on $mux $techmap\baseline.transition.$procmux$1949.
    dead port 2/2 on $mux $techmap\baseline.transition.$procmux$6681.
    dead port 1/2 on $mux $techmap\baseline.transition.$procmux$6684.
    dead port 2/2 on $mux $techmap\baseline.transition.$procmux$6686.
    dead port 2/2 on $mux $techmap\baseline.transition.$procmux$1951.
    dead port 2/2 on $mux $techmap\baseline.transition.$procmux$1953.
    dead port 2/2 on $mux $techmap\baseline.transition.$procmux$6708.
    dead port 2/2 on $mux $techmap\baseline.transition.$procmux$6710.
    dead port 2/2 on $mux $techmap\baseline.transition.$procmux$6712.
    dead port 1/2 on $mux $techmap\baseline.transition.$procmux$6715.
    dead port 2/2 on $mux $techmap\baseline.transition.$procmux$6717.
    dead port 2/2 on $mux $techmap\baseline.transition.$procmux$6743.
    dead port 2/2 on $mux $techmap\baseline.transition.$procmux$6745.
    dead port 2/2 on $mux $techmap\baseline.transition.$procmux$2425.
    dead port 2/2 on $mux $techmap\baseline.transition.$procmux$6747.
    dead port 1/2 on $mux $techmap\baseline.transition.$procmux$6750.
    dead port 2/2 on $mux $techmap\baseline.transition.$procmux$6752.
    dead port 2/2 on $mux $techmap\baseline.transition.$procmux$1955.
    dead port 1/2 on $mux $techmap\baseline.transition.$procmux$1958.
    dead port 2/2 on $mux $techmap\baseline.transition.$procmux$6782.
    dead port 2/2 on $mux $techmap\baseline.transition.$procmux$6784.
    dead port 2/2 on $mux $techmap\baseline.transition.$procmux$1960.
    dead port 2/2 on $mux $techmap\baseline.transition.$procmux$6786.
    dead port 1/2 on $mux $techmap\baseline.transition.$procmux$6789.
    dead port 2/2 on $mux $techmap\baseline.transition.$procmux$6791.
    dead port 2/2 on $mux $techmap\baseline.transition.$procmux$6823.
    dead port 2/2 on $mux $techmap\baseline.transition.$procmux$6825.
    dead port 2/2 on $mux $techmap\baseline.transition.$procmux$2427.
    dead port 2/2 on $mux $techmap\baseline.transition.$procmux$6827.
    dead port 1/2 on $mux $techmap\baseline.transition.$procmux$6830.
    dead port 2/2 on $mux $techmap\baseline.transition.$procmux$6832.
    dead port 2/2 on $mux $techmap\baseline.transition.$procmux$1993.
    dead port 2/2 on $mux $techmap\baseline.transition.$procmux$2429.
    dead port 2/2 on $mux $techmap\baseline.transition.$procmux$1995.
    dead port 2/2 on $mux $techmap\baseline.transition.$procmux$6852.
    dead port 2/2 on $mux $techmap\baseline.transition.$procmux$6854.
    dead port 2/2 on $mux $techmap\baseline.transition.$procmux$1997.
    dead port 2/2 on $mux $techmap\baseline.transition.$procmux$6856.
    dead port 1/2 on $mux $techmap\baseline.transition.$procmux$6859.
    dead port 2/2 on $mux $techmap\baseline.transition.$procmux$6861.
    dead port 2/2 on $mux $techmap\baseline.transition.$procmux$6877.
    dead port 2/2 on $mux $techmap\baseline.transition.$procmux$6879.
    dead port 2/2 on $mux $techmap\baseline.transition.$procmux$6881.
    dead port 1/2 on $mux $techmap\baseline.transition.$procmux$6884.
    dead port 2/2 on $mux $techmap\baseline.transition.$procmux$6886.
    dead port 2/2 on $mux $techmap\baseline.transition.$procmux$1146.
    dead port 1/2 on $mux $techmap\baseline.transition.$procmux$1149.
    dead port 2/2 on $mux $techmap\baseline.transition.$procmux$1999.
    dead port 2/2 on $mux $techmap\baseline.transition.$procmux$6910.
    dead port 2/2 on $mux $techmap\baseline.transition.$procmux$6912.
    dead port 1/2 on $mux $techmap\baseline.transition.$procmux$2002.
    dead port 2/2 on $mux $techmap\baseline.transition.$procmux$6914.
    dead port 1/2 on $mux $techmap\baseline.transition.$procmux$6917.
    dead port 2/2 on $mux $techmap\baseline.transition.$procmux$6919.
    dead port 2/2 on $mux $techmap\baseline.transition.$procmux$2004.
    dead port 2/2 on $mux $techmap\baseline.transition.$procmux$2431.
    dead port 2/2 on $mux $techmap\baseline.transition.$procmux$6951.
    dead port 2/2 on $mux $techmap\baseline.transition.$procmux$6953.
    dead port 2/2 on $mux $techmap\baseline.transition.$procmux$2039.
    dead port 2/2 on $mux $techmap\baseline.transition.$procmux$6955.
    dead port 1/2 on $mux $techmap\baseline.transition.$procmux$6958.
    dead port 2/2 on $mux $techmap\baseline.transition.$procmux$6960.
    dead port 1/2 on $mux $techmap\baseline.transition.$procmux$2434.
    dead port 2/2 on $mux $techmap\baseline.transition.$procmux$2041.
    dead port 2/2 on $mux $techmap\baseline.transition.$procmux$2043.
    dead port 2/2 on $mux $techmap\baseline.transition.$procmux$6988.
    dead port 2/2 on $mux $techmap\baseline.transition.$procmux$6990.
    dead port 2/2 on $mux $techmap\baseline.transition.$procmux$2436.
    dead port 2/2 on $mux $techmap\baseline.transition.$procmux$6992.
    dead port 1/2 on $mux $techmap\baseline.transition.$procmux$6995.
    dead port 2/2 on $mux $techmap\baseline.transition.$procmux$6997.
    dead port 2/2 on $mux $techmap\baseline.transition.$procmux$7009.
    dead port 2/2 on $mux $techmap\baseline.transition.$procmux$7011.
    dead port 1/2 on $mux $techmap\baseline.transition.$procmux$7014.
    dead port 2/2 on $mux $techmap\baseline.transition.$procmux$7016.
    dead port 2/2 on $mux $techmap\baseline.transition.$procmux$7028.
    dead port 2/2 on $mux $techmap\baseline.transition.$procmux$1151.
    dead port 2/2 on $mux $techmap\baseline.transition.$procmux$7030.
    dead port 1/2 on $mux $techmap\baseline.transition.$procmux$7033.
    dead port 2/2 on $mux $techmap\baseline.transition.$procmux$7035.
    dead port 2/2 on $mux $techmap\baseline.transition.$procmux$7048.
    dead port 2/2 on $mux $techmap\baseline.transition.$procmux$7050.
    dead port 2/2 on $mux $techmap\baseline.transition.$procmux$2449.
    dead port 2/2 on $mux $techmap\baseline.transition.$procmux$7052.
    dead port 1/2 on $mux $techmap\baseline.transition.$procmux$7055.
    dead port 2/2 on $mux $techmap\baseline.transition.$procmux$7057.
    dead port 2/2 on $mux $techmap\baseline.transition.$procmux$2451.
    dead port 2/2 on $mux $techmap\baseline.transition.$procmux$2453.
    dead port 2/2 on $mux $techmap\baseline.transition.$procmux$2045.
    dead port 1/2 on $mux $techmap\baseline.transition.$procmux$2048.
    dead port 2/2 on $mux $techmap\baseline.transition.$procmux$2050.
    dead port 2/2 on $mux $techmap\baseline.transition.$procmux$1103.
    dead port 2/2 on $mux $techmap\baseline.transition.$procmux$2065.
    dead port 2/2 on $mux $techmap\baseline.transition.$procmux$7068.
    dead port 1/2 on $mux $techmap\baseline.transition.$procmux$7071.
    dead port 2/2 on $mux $techmap\baseline.transition.$procmux$7073.
    dead port 2/2 on $mux $techmap\baseline.transition.$procmux$7084.
    dead port 2/2 on $mux $techmap\baseline.transition.$procmux$7086.
    dead port 2/2 on $mux $techmap\baseline.transition.$procmux$2067.
    dead port 2/2 on $mux $techmap\baseline.transition.$procmux$7088.
    dead port 1/2 on $mux $techmap\baseline.transition.$procmux$7091.
    dead port 2/2 on $mux $techmap\baseline.transition.$procmux$7093.
    dead port 1/2 on $mux $techmap\baseline.transition.$procmux$7121.
    dead port 2/2 on $mux $techmap\baseline.transition.$procmux$7123.
    dead port 1/2 on $mux $techmap\baseline.transition.$procmux$7130.
    dead port 2/2 on $mux $techmap\baseline.transition.$procmux$7132.
    dead port 2/2 on $mux $techmap\baseline.transition.$procmux$7138.
    dead port 2/2 on $mux $techmap\baseline.transition.$procmux$7144.
    dead port 2/2 on $mux $techmap\baseline.transition.$procmux$7151.
    dead port 2/2 on $mux $techmap\baseline.transition.$procmux$7153.
    dead port 2/2 on $mux $techmap\baseline.transition.$procmux$7160.
    dead port 2/2 on $mux $techmap\baseline.transition.$procmux$7162.
    dead port 2/2 on $mux $techmap\baseline.transition.$procmux$7168.
    dead port 2/2 on $mux $techmap\baseline.transition.$procmux$7174.
    dead port 2/2 on $mux $techmap\baseline.transition.$procmux$7181.
    dead port 2/2 on $mux $techmap\baseline.transition.$procmux$7183.
    dead port 2/2 on $mux $techmap\baseline.transition.$procmux$7195.
    dead port 2/2 on $mux $techmap\baseline.transition.$procmux$7210.
    dead port 2/2 on $mux $techmap\baseline.transition.$procmux$7216.
    dead port 2/2 on $mux $techmap\baseline.transition.$procmux$7222.
    dead port 2/2 on $mux $techmap\baseline.transition.$procmux$7228.
    dead port 2/2 on $mux $techmap\baseline.transition.$procmux$7234.
    dead port 2/2 on $mux $techmap\baseline.transition.$procmux$7240.
    dead port 2/2 on $mux $techmap\baseline.transition.$procmux$7246.
    dead port 2/2 on $mux $techmap\baseline.transition.$procmux$7252.
    dead port 2/2 on $mux $techmap\baseline.transition.$procmux$2069.
    dead port 2/2 on $mux $techmap\baseline.transition.$procmux$1181.
    dead port 2/2 on $mux $techmap\baseline.transition.$procmux$1183.
    dead port 2/2 on $mux $techmap\baseline.transition.$procmux$1185.
    dead port 2/2 on $mux $techmap\baseline.transition.$procmux$2071.
    dead port 1/2 on $mux $techmap\baseline.transition.$procmux$2074.
    dead port 2/2 on $mux $techmap\baseline.transition.$procmux$2076.
    dead port 2/2 on $mux $techmap\baseline.transition.$procmux$744.
    dead port 2/2 on $mux $techmap\baseline.transition.$procmux$750.
    dead port 2/2 on $mux $techmap\baseline.transition.$procmux$756.
    dead port 2/2 on $mux $techmap\baseline.transition.$procmux$762.
    dead port 2/2 on $mux $techmap\baseline.transition.$procmux$768.
    dead port 2/2 on $mux $techmap\baseline.transition.$procmux$774.
    dead port 2/2 on $mux $techmap\baseline.transition.$procmux$780.
    dead port 2/2 on $mux $techmap\baseline.transition.$procmux$786.
    dead port 2/2 on $mux $techmap\baseline.transition.$procmux$2455.
    dead port 2/2 on $mux $techmap\baseline.transition.$procmux$2096.
    dead port 2/2 on $mux $techmap\baseline.transition.$procmux$1000.
    dead port 2/2 on $mux $techmap\baseline.transition.$procmux$2098.
    dead port 2/2 on $mux $techmap\baseline.transition.$procmux$2100.
    dead port 1/2 on $mux $techmap\baseline.transition.$procmux$2458.
    dead port 2/2 on $mux $techmap\baseline.transition.$procmux$2460.
    dead port 2/2 on $mux $techmap\baseline.transition.$procmux$808.
    dead port 1/2 on $mux $techmap\baseline.transition.$procmux$811.
    dead port 2/2 on $mux $techmap\baseline.transition.$procmux$813.
    dead port 2/2 on $mux $techmap\baseline.transition.$procmux$824.
    dead port 2/2 on $mux $techmap\baseline.transition.$procmux$826.
    dead port 2/2 on $mux $techmap\baseline.transition.$procmux$2102.
    dead port 1/2 on $mux $techmap\baseline.transition.$procmux$2105.
    dead port 2/2 on $mux $techmap\baseline.transition.$procmux$2107.
    dead port 2/2 on $mux $techmap\baseline.transition.$procmux$828.
    dead port 1/2 on $mux $techmap\baseline.transition.$procmux$831.
    dead port 2/2 on $mux $techmap\baseline.transition.$procmux$833.
    dead port 2/2 on $mux $techmap\baseline.transition.$procmux$2131.
    dead port 2/2 on $mux $techmap\baseline.transition.$procmux$1002.
    dead port 2/2 on $mux $techmap\baseline.transition.$procmux$2133.
    dead port 2/2 on $mux $techmap\baseline.transition.$procmux$846.
    dead port 2/2 on $mux $techmap\baseline.transition.$procmux$848.
    dead port 2/2 on $mux $techmap\baseline.transition.$procmux$1105.
    dead port 2/2 on $mux $techmap\baseline.transition.$procmux$2135.
    dead port 2/2 on $mux $techmap\baseline.transition.$procmux$2470.
    dead port 1/2 on $mux $techmap\baseline.transition.$procmux$1005.
    dead port 2/2 on $mux $techmap\baseline.transition.$procmux$1007.
    dead port 2/2 on $mux $techmap\baseline.transition.$procmux$850.
    dead port 1/2 on $mux $techmap\baseline.transition.$procmux$853.
    dead port 2/2 on $mux $techmap\baseline.transition.$procmux$855.
    dead port 2/2 on $mux $techmap\baseline.transition.$procmux$866.
    dead port 2/2 on $mux $techmap\baseline.transition.$procmux$868.
    dead port 2/2 on $mux $techmap\baseline.transition.$procmux$870.
    dead port 2/2 on $mux $techmap\baseline.transition.$procmux$2472.
    dead port 2/2 on $mux $techmap\baseline.transition.$procmux$1029.
    dead port 2/2 on $mux $techmap\baseline.transition.$procmux$2137.
    dead port 1/2 on $mux $techmap\baseline.transition.$procmux$2140.
    dead port 2/2 on $mux $techmap\baseline.transition.$procmux$2142.
    dead port 2/2 on $mux $techmap\baseline.transition.$procmux$872.
    dead port 1/2 on $mux $techmap\baseline.transition.$procmux$875.
    dead port 2/2 on $mux $techmap\baseline.transition.$procmux$877.
    dead port 2/2 on $mux $techmap\baseline.transition.$procmux$2170.
    dead port 2/2 on $mux $techmap\baseline.transition.$procmux$890.
    dead port 2/2 on $mux $techmap\baseline.transition.$procmux$892.
    dead port 2/2 on $mux $techmap\baseline.transition.$procmux$1101.
    dead port 2/2 on $mux $techmap\baseline.transition.$procmux$1031.
    dead port 2/2 on $mux $techmap\baseline.transition.$procmux$2172.
    dead port 2/2 on $mux $techmap\baseline.transition.$procmux$2174.
    dead port 2/2 on $mux $techmap\baseline.transition.$procmux$1033.
    dead port 2/2 on $mux $techmap\baseline.transition.$procmux$894.
    dead port 1/2 on $mux $techmap\baseline.transition.$procmux$897.
    dead port 2/2 on $mux $techmap\baseline.transition.$procmux$899.
    dead port 2/2 on $mux $techmap\baseline.transition.$procmux$911.
    dead port 2/2 on $mux $techmap\baseline.transition.$procmux$913.
    dead port 2/2 on $mux $techmap\baseline.transition.$procmux$2176.
    dead port 1/2 on $mux $techmap\baseline.transition.$procmux$2179.
    dead port 2/2 on $mux $techmap\baseline.transition.$procmux$2181.
    dead port 2/2 on $mux $techmap\baseline.transition.$procmux$915.
    dead port 1/2 on $mux $techmap\baseline.transition.$procmux$918.
    dead port 2/2 on $mux $techmap\baseline.transition.$procmux$920.
    dead port 2/2 on $mux $techmap\baseline.transition.$procmux$2213.
    dead port 2/2 on $mux $techmap\baseline.transition.$procmux$936.
    dead port 2/2 on $mux $techmap\baseline.transition.$procmux$938.
    dead port 2/2 on $mux $techmap\baseline.transition.$procmux$940.
    dead port 2/2 on $mux $techmap\baseline.transition.$procmux$2215.
    dead port 2/2 on $mux $techmap\baseline.transition.$procmux$2217.
    dead port 2/2 on $mux $techmap\baseline.transition.$procmux$2474.
    dead port 2/2 on $mux $techmap\baseline.transition.$procmux$1035.
    dead port 1/2 on $mux $techmap\baseline.transition.$procmux$1038.
    dead port 2/2 on $mux $techmap\baseline.transition.$procmux$942.
    dead port 1/2 on $mux $techmap\baseline.transition.$procmux$945.
    dead port 2/2 on $mux $techmap\baseline.transition.$procmux$947.
    dead port 2/2 on $mux $techmap\baseline.transition.$procmux$1040.
    dead port 2/2 on $mux $techmap\baseline.transition.$procmux$965.
    dead port 2/2 on $mux $techmap\baseline.transition.$procmux$967.
    dead port 2/2 on $mux $techmap\baseline.transition.$procmux$969.
    dead port 1/2 on $mux $techmap\baseline.transition.$procmux$2477.
    dead port 2/2 on $mux $techmap\baseline.transition.$procmux$2219.
    dead port 1/2 on $mux $techmap\baseline.transition.$procmux$2222.
    dead port 2/2 on $mux $techmap\baseline.transition.$procmux$2224.
    dead port 2/2 on $mux $techmap\baseline.transition.$procmux$971.
    dead port 1/2 on $mux $techmap\baseline.transition.$procmux$974.
    dead port 2/2 on $mux $techmap\baseline.transition.$procmux$976.
    dead port 2/2 on $mux $techmap\baseline.transition.$procmux$1064.
    dead port 2/2 on $mux $techmap\baseline.transition.$procmux$996.
    dead port 2/2 on $mux $techmap\baseline.transition.$procmux$2240.
    dead port 2/2 on $mux $techmap\baseline.transition.$procmux$998.
    dead port 2/2 on $mux $techmap\baseline.transition.$procmux$2479.
    dead port 2/2 on $mux $techmap\baseline.transition.$procmux$2242.
    dead port 2/2 on $mux $techmap\baseline.transition.$procmux$2244.
    dead port 2/2 on $mux $techmap\baseline.transition.$procmux$1066.
    dead port 2/2 on $mux $techmap\baseline.transition.$procmux$1068.
    dead port 2/2 on $mux $techmap\baseline.transition.$procmux$2487.
    dead port 2/2 on $mux $techmap\baseline.transition.$procmux$2246.
    dead port 1/2 on $mux $techmap\baseline.transition.$procmux$2249.
    dead port 2/2 on $mux $techmap\baseline.transition.$procmux$2251.
    dead port 2/2 on $mux $techmap\baseline.transition.$procmux$2273.
    dead port 2/2 on $mux $techmap\baseline.transition.$procmux$2275.
    dead port 2/2 on $mux $techmap\baseline.transition.$procmux$2277.
    dead port 2/2 on $mux $techmap\baseline.transition.$procmux$1187.
    dead port 2/2 on $mux $techmap\baseline.transition.$procmux$1070.
    dead port 1/2 on $mux $techmap\baseline.transition.$procmux$1073.
    dead port 2/2 on $mux $techmap\baseline.transition.$procmux$1075.
    dead port 2/2 on $mux $techmap\baseline.transition.$procmux$2279.
    dead port 1/2 on $mux $techmap\baseline.transition.$procmux$2282.
    dead port 2/2 on $mux $techmap\baseline.transition.$procmux$2284.
    dead port 2/2 on $mux $techmap\baseline.transition.$procmux$2314.
Removed 1098 multiplexer ports.
<suppressed ~22 debug messages>

8.4. Executing OPT_REDUCE pass (consolidate $*mux and $reduce_* inputs).
  Optimizing cells in module \fixed_ingress_machine.
    New input vector for $reduce_or cell $techmap\baseline.transition.$procmux$2519_ANY: { $techmap\baseline.transition.$procmux$1001_CMP [0] $techmap\baseline.transition.$procmux$1001_CMP [1] }
    New input vector for $reduce_or cell $techmap\baseline.transition.$procmux$7269_ANY: { $techmap\baseline.transition.$procmux$1001_CMP [2] $techmap\baseline.transition.$procmux$1001_CMP [3] }
    New input vector for $reduce_or cell $techmap\baseline.transition.$procmux$2319_ANY: { $techmap\baseline.transition.$procmux$1001_CMP [0] $techmap\baseline.transition.$procmux$1001_CMP [1] $techmap\baseline.transition.$procmux$1001_CMP [2] $techmap\baseline.transition.$procmux$1001_CMP [3] $techmap\baseline.transition.$procmux$1001_CMP [4] }
    New ctrl vector for $pmux cell $techmap\baseline.transition.$procmux$4071: $auto$opt_reduce.cc:132:opt_mux$7284
    New ctrl vector for $pmux cell $techmap\baseline.transition.$procmux$4097: $auto$opt_reduce.cc:132:opt_mux$7286
    New ctrl vector for $pmux cell $techmap\baseline.transition.$procmux$4125: $auto$opt_reduce.cc:132:opt_mux$7288
    New ctrl vector for $pmux cell $techmap\baseline.transition.$procmux$4155: $auto$opt_reduce.cc:132:opt_mux$7290
    New ctrl vector for $pmux cell $techmap\baseline.transition.$procmux$4187: $auto$opt_reduce.cc:132:opt_mux$7292
    New ctrl vector for $pmux cell $techmap\baseline.transition.$procmux$4221: $auto$opt_reduce.cc:132:opt_mux$7294
    New ctrl vector for $pmux cell $techmap\baseline.transition.$procmux$4257: $auto$opt_reduce.cc:132:opt_mux$7296
    New ctrl vector for $pmux cell $techmap\baseline.transition.$procmux$4295: $auto$opt_reduce.cc:132:opt_mux$7298
    New ctrl vector for $pmux cell $techmap\baseline.transition.$procmux$4335: $auto$opt_reduce.cc:132:opt_mux$7300
    New ctrl vector for $pmux cell $techmap\baseline.transition.$procmux$4356: $auto$opt_reduce.cc:132:opt_mux$7302
    New ctrl vector for $pmux cell $techmap\baseline.transition.$procmux$4380: $auto$opt_reduce.cc:132:opt_mux$7304
    New ctrl vector for $pmux cell $techmap\baseline.transition.$procmux$4409: $auto$opt_reduce.cc:132:opt_mux$7306
    New ctrl vector for $pmux cell $techmap\baseline.transition.$procmux$4442: $auto$opt_reduce.cc:132:opt_mux$7308
    New ctrl vector for $pmux cell $techmap\baseline.transition.$procmux$4479: $auto$opt_reduce.cc:132:opt_mux$7310
    New ctrl vector for $pmux cell $techmap\baseline.transition.$procmux$4545: $auto$opt_reduce.cc:132:opt_mux$7312
    New ctrl vector for $mux cell $techmap\baseline.transition.$procmux$7158: { }
    New ctrl vector for $pmux cell $techmap\baseline.transition.$procmux$4568: $auto$opt_reduce.cc:132:opt_mux$7314
    New ctrl vector for $pmux cell $techmap\baseline.transition.$procmux$4599: $auto$opt_reduce.cc:132:opt_mux$7316
    New ctrl vector for $pmux cell $techmap\baseline.transition.$procmux$4638: $auto$opt_reduce.cc:132:opt_mux$7318
    New ctrl vector for $pmux cell $techmap\baseline.transition.$procmux$4673: $auto$opt_reduce.cc:132:opt_mux$7320
    New ctrl vector for $pmux cell $techmap\baseline.transition.$procmux$906: { $techmap\baseline.transition.$procmux$1001_CMP [0] $techmap\baseline.transition.$procmux$1001_CMP [1] $auto$opt_reduce.cc:132:opt_mux$7322 }
    New ctrl vector for $pmux cell $techmap\baseline.transition.$procmux$4049: $auto$opt_reduce.cc:132:opt_mux$7324
    New ctrl vector for $pmux cell $techmap\ingress.$procmux$723: $auto$opt_reduce.cc:132:opt_mux$7326
    New input vector for $reduce_or cell $auto$opt_reduce.cc:126:opt_mux$7283: { $techmap\baseline.transition.$procmux$4073_CMP $techmap\baseline.transition.$procmux$4050_CMP $techmap\baseline.transition.$procmux$4028_CMP }
    New input vector for $reduce_or cell $auto$opt_reduce.cc:126:opt_mux$7313: { $techmap\baseline.transition.$procmux$4073_CMP $techmap\baseline.transition.$procmux$4051_CMP $techmap\baseline.transition.$procmux$4050_CMP }
  Optimizing cells in module \fixed_ingress_machine.
Performed a total of 28 changes.

8.5. Executing OPT_MERGE pass (detect identical cells).
Finding identical cells in module `\fixed_ingress_machine'.
<suppressed ~66 debug messages>
Removed a total of 22 cells.

8.6. Executing OPT_RMDFF pass (remove dff with constant values).

8.7. Executing OPT_CLEAN pass (remove unused cells and wires).
Finding unused cells or wires in module \fixed_ingress_machine..
Removed 2 unused cells and 1828 unused wires.
<suppressed ~6 debug messages>

8.8. Executing OPT_EXPR pass (perform const folding).
Optimizing module fixed_ingress_machine.

8.9. Rerunning OPT passes. (Maybe there is more to do..)

8.10. Executing OPT_MUXTREE pass (detect dead branches in mux trees).
Running muxtree optimizer on module \fixed_ingress_machine..
  Creating internal representation of mux trees.
  Evaluating internal representation of mux trees.
  Analyzing evaluation results.
Removed 0 multiplexer ports.
<suppressed ~44 debug messages>

8.11. Executing OPT_REDUCE pass (consolidate $*mux and $reduce_* inputs).
  Optimizing cells in module \fixed_ingress_machine.
Performed a total of 0 changes.

8.12. Executing OPT_MERGE pass (detect identical cells).
Finding identical cells in module `\fixed_ingress_machine'.
Removed a total of 0 cells.

8.13. Executing OPT_RMDFF pass (remove dff with constant values).

8.14. Executing OPT_CLEAN pass (remove unused cells and wires).
Finding unused cells or wires in module \fixed_ingress_machine..

8.15. Executing OPT_EXPR pass (perform const folding).
Optimizing module fixed_ingress_machine.

8.16. Finished OPT passes. (There is nothing left to do.)

9. Executing SYNTH pass.

9.1. Executing HIERARCHY pass (managing design hierarchy).

9.1.1. Analyzing design hierarchy..
Top module:  \fixed_ingress_machine

9.1.2. Analyzing design hierarchy..
Top module:  \fixed_ingress_machine
Removed 0 unused modules.

9.2. Executing PROC pass (convert processes to netlists).

9.2.1. Executing PROC_CLEAN pass (remove empty switches from decision trees).
Cleaned up 0 empty switches.

9.2.2. Executing PROC_RMDEAD pass (remove dead branches from decision trees).
Removed a total of 0 dead cases.

9.2.3. Executing PROC_INIT pass (extract init attributes).

9.2.4. Executing PROC_ARST pass (detect async resets in processes).

9.2.5. Executing PROC_MUX pass (convert decision trees to multiplexers).

9.2.6. Executing PROC_DLATCH pass (convert process syncs to latches).

9.2.7. Executing PROC_DFF pass (convert process syncs to FFs).

9.2.8. Executing PROC_CLEAN pass (remove empty switches from decision trees).
Cleaned up 0 empty switches.

9.3. Executing FLATTEN pass (flatten design).
No more expansions possible.

9.4. Executing OPT_EXPR pass (perform const folding).
Optimizing module fixed_ingress_machine.

9.5. Executing OPT_CLEAN pass (remove unused cells and wires).
Finding unused cells or wires in module \fixed_ingress_machine..

9.6. Executing CHECK pass (checking for obvious problems).
checking module fixed_ingress_machine..
found and reported 0 problems.

9.7. Executing OPT pass (performing simple optimizations).

9.7.1. Executing OPT_EXPR pass (perform const folding).
Optimizing module fixed_ingress_machine.

9.7.2. Executing OPT_MERGE pass (detect identical cells).
Finding identical cells in module `\fixed_ingress_machine'.
Removed a total of 0 cells.

9.7.3. Executing OPT_MUXTREE pass (detect dead branches in mux trees).
Running muxtree optimizer on module \fixed_ingress_machine..
  Creating internal representation of mux trees.
  Evaluating internal representation of mux trees.
  Analyzing evaluation results.
Removed 0 multiplexer ports.
<suppressed ~44 debug messages>

9.7.4. Executing OPT_REDUCE pass (consolidate $*mux and $reduce_* inputs).
  Optimizing cells in module \fixed_ingress_machine.
Performed a total of 0 changes.

9.7.5. Executing OPT_MERGE pass (detect identical cells).
Finding identical cells in module `\fixed_ingress_machine'.
Removed a total of 0 cells.

9.7.6. Executing OPT_RMDFF pass (remove dff with constant values).

9.7.7. Executing OPT_CLEAN pass (remove unused cells and wires).
Finding unused cells or wires in module \fixed_ingress_machine..

9.7.8. Executing OPT_EXPR pass (perform const folding).
Optimizing module fixed_ingress_machine.

9.7.9. Finished OPT passes. (There is nothing left to do.)

9.8. Executing WREDUCE pass (reducing word size of cells).
Removed top 4 bits (of 5) from port B of cell fixed_ingress_machine.$techmap\ingress.$procmux$721_CMP0 ($eq).
Removed top 3 bits (of 5) from port B of cell fixed_ingress_machine.$techmap\ingress.$procmux$714_CMP0 ($eq).
Removed top 2 bits (of 5) from port B of cell fixed_ingress_machine.$techmap\ingress.$procmux$713_CMP0 ($eq).
Removed top 1 bits (of 5) from port B of cell fixed_ingress_machine.$techmap\ingress.$procmux$712_CMP0 ($eq).
Removed top 1 bits (of 2) from port B of cell fixed_ingress_machine.$techmap\baseline.transition.$procmux$7264_CMP0 ($eq).
Removed top 27 bits (of 32) from port B of cell fixed_ingress_machine.$techmap\baseline.transition.$procmux$7083_CMP0 ($eq).
Removed top 28 bits (of 32) from port B of cell fixed_ingress_machine.$techmap\baseline.transition.$procmux$6275_CMP0 ($eq).
Removed top 31 bits (of 32) from port B of cell fixed_ingress_machine.$techmap\baseline.transition.$procmux$6241_CMP0 ($eq).
Removed top 27 bits (of 32) from port B of cell fixed_ingress_machine.$techmap\baseline.transition.$procmux$6199_CMP0 ($eq).
Removed top 29 bits (of 32) from port B of cell fixed_ingress_machine.$techmap\baseline.transition.$procmux$6173_CMP0 ($eq).
Removed top 28 bits (of 32) from port B of cell fixed_ingress_machine.$techmap\baseline.transition.$procmux$6135_CMP0 ($eq).
Removed top 27 bits (of 32) from port B of cell fixed_ingress_machine.$techmap\baseline.transition.$procmux$6105_CMP0 ($eq).
Removed top 30 bits (of 32) from port B of cell fixed_ingress_machine.$techmap\baseline.transition.$procmux$6081_CMP0 ($eq).
Removed top 29 bits (of 32) from port B of cell fixed_ingress_machine.$techmap\baseline.transition.$procmux$6041_CMP0 ($eq).
Removed top 28 bits (of 32) from port B of cell fixed_ingress_machine.$techmap\baseline.transition.$procmux$6005_CMP0 ($eq).
Removed top 28 bits (of 32) from port B of cell fixed_ingress_machine.$techmap\baseline.transition.$procmux$5973_CMP0 ($eq).
Removed top 27 bits (of 32) from port B of cell fixed_ingress_machine.$techmap\baseline.transition.$procmux$5945_CMP0 ($eq).
Removed top 30 bits (of 32) from port B of cell fixed_ingress_machine.$techmap\baseline.transition.$procmux$5879_CMP0 ($eq).
Removed top 29 bits (of 32) from port B of cell fixed_ingress_machine.$techmap\baseline.transition.$procmux$5838_CMP0 ($eq).
Removed top 29 bits (of 32) from port B of cell fixed_ingress_machine.$techmap\baseline.transition.$procmux$5799_CMP0 ($eq).
Removed top 28 bits (of 32) from port B of cell fixed_ingress_machine.$techmap\baseline.transition.$procmux$5762_CMP0 ($eq).
Removed top 28 bits (of 32) from port B of cell fixed_ingress_machine.$techmap\baseline.transition.$procmux$5727_CMP0 ($eq).
Removed top 28 bits (of 32) from port B of cell fixed_ingress_machine.$techmap\baseline.transition.$procmux$5694_CMP0 ($eq).
Removed top 28 bits (of 32) from port B of cell fixed_ingress_machine.$techmap\baseline.transition.$procmux$5663_CMP0 ($eq).
Removed top 27 bits (of 32) from port B of cell fixed_ingress_machine.$techmap\baseline.transition.$procmux$5634_CMP0 ($eq).
Removed top 27 bits (of 32) from port B of cell fixed_ingress_machine.$techmap\baseline.transition.$procmux$5607_CMP0 ($eq).
Removed top 27 bits (of 32) from port B of cell fixed_ingress_machine.$techmap\baseline.transition.$procmux$5582_CMP0 ($eq).
Removed top 31 bits (of 32) from port B of cell fixed_ingress_machine.$techmap\baseline.transition.$procmux$4298_CMP0 ($eq).
Removed top 30 bits (of 32) from port B of cell fixed_ingress_machine.$techmap\baseline.transition.$procmux$4297_CMP0 ($eq).
Removed top 30 bits (of 32) from port B of cell fixed_ingress_machine.$techmap\baseline.transition.$procmux$4260_CMP0 ($eq).
Removed top 29 bits (of 32) from port B of cell fixed_ingress_machine.$techmap\baseline.transition.$procmux$4259_CMP0 ($eq).
Removed top 29 bits (of 32) from port B of cell fixed_ingress_machine.$techmap\baseline.transition.$procmux$4224_CMP0 ($eq).
Removed top 29 bits (of 32) from port B of cell fixed_ingress_machine.$techmap\baseline.transition.$procmux$4223_CMP0 ($eq).
Removed top 29 bits (of 32) from port B of cell fixed_ingress_machine.$techmap\baseline.transition.$procmux$4190_CMP0 ($eq).
Removed top 28 bits (of 32) from port B of cell fixed_ingress_machine.$techmap\baseline.transition.$procmux$4189_CMP0 ($eq).
Removed top 28 bits (of 32) from port B of cell fixed_ingress_machine.$techmap\baseline.transition.$procmux$4158_CMP0 ($eq).
Removed top 28 bits (of 32) from port B of cell fixed_ingress_machine.$techmap\baseline.transition.$procmux$4157_CMP0 ($eq).
Removed top 28 bits (of 32) from port B of cell fixed_ingress_machine.$techmap\baseline.transition.$procmux$4128_CMP0 ($eq).
Removed top 28 bits (of 32) from port B of cell fixed_ingress_machine.$techmap\baseline.transition.$procmux$4127_CMP0 ($eq).
Removed top 28 bits (of 32) from port B of cell fixed_ingress_machine.$techmap\baseline.transition.$procmux$4100_CMP0 ($eq).
Removed top 28 bits (of 32) from port B of cell fixed_ingress_machine.$techmap\baseline.transition.$procmux$4099_CMP0 ($eq).
Removed top 27 bits (of 32) from port B of cell fixed_ingress_machine.$techmap\baseline.transition.$procmux$4073_CMP0 ($eq).
Removed top 28 bits (of 32) from port B of cell fixed_ingress_machine.$techmap\baseline.transition.$procmux$4052_CMP0 ($eq).
Removed top 27 bits (of 32) from port B of cell fixed_ingress_machine.$techmap\baseline.transition.$procmux$4051_CMP0 ($eq).
Removed top 27 bits (of 32) from port B of cell fixed_ingress_machine.$techmap\baseline.transition.$procmux$4050_CMP0 ($eq).
Removed top 27 bits (of 32) from port B of cell fixed_ingress_machine.$techmap\baseline.transition.$procmux$4028_CMP0 ($eq).
Removed top 31 bits (of 32) from port B of cell fixed_ingress_machine.$techmap\baseline.transition.$procmux$3590_CMP0 ($eq).
Removed top 30 bits (of 32) from port B of cell fixed_ingress_machine.$techmap\baseline.transition.$procmux$3589_CMP0 ($eq).
Removed top 30 bits (of 32) from port B of cell fixed_ingress_machine.$techmap\baseline.transition.$procmux$3552_CMP0 ($eq).
Removed top 29 bits (of 32) from port B of cell fixed_ingress_machine.$techmap\baseline.transition.$procmux$3551_CMP0 ($eq).
Removed top 29 bits (of 32) from port B of cell fixed_ingress_machine.$techmap\baseline.transition.$procmux$3516_CMP0 ($eq).
Removed top 29 bits (of 32) from port B of cell fixed_ingress_machine.$techmap\baseline.transition.$procmux$3515_CMP0 ($eq).
Removed top 29 bits (of 32) from port B of cell fixed_ingress_machine.$techmap\baseline.transition.$procmux$3482_CMP0 ($eq).
Removed top 28 bits (of 32) from port B of cell fixed_ingress_machine.$techmap\baseline.transition.$procmux$3481_CMP0 ($eq).
Removed top 28 bits (of 32) from port B of cell fixed_ingress_machine.$techmap\baseline.transition.$procmux$3450_CMP0 ($eq).
Removed top 28 bits (of 32) from port B of cell fixed_ingress_machine.$techmap\baseline.transition.$procmux$3449_CMP0 ($eq).
Removed top 28 bits (of 32) from port B of cell fixed_ingress_machine.$techmap\baseline.transition.$procmux$3420_CMP0 ($eq).
Removed top 28 bits (of 32) from port B of cell fixed_ingress_machine.$techmap\baseline.transition.$procmux$3419_CMP0 ($eq).
Removed top 28 bits (of 32) from port B of cell fixed_ingress_machine.$techmap\baseline.transition.$procmux$3392_CMP0 ($eq).
Removed top 28 bits (of 32) from port B of cell fixed_ingress_machine.$techmap\baseline.transition.$procmux$3391_CMP0 ($eq).
Removed top 27 bits (of 32) from port B of cell fixed_ingress_machine.$techmap\baseline.transition.$procmux$3365_CMP0 ($eq).
Removed top 28 bits (of 32) from port B of cell fixed_ingress_machine.$techmap\baseline.transition.$procmux$3344_CMP0 ($eq).
Removed top 27 bits (of 32) from port B of cell fixed_ingress_machine.$techmap\baseline.transition.$procmux$3343_CMP0 ($eq).
Removed top 27 bits (of 32) from port B of cell fixed_ingress_machine.$techmap\baseline.transition.$procmux$3342_CMP0 ($eq).
Removed top 27 bits (of 32) from port B of cell fixed_ingress_machine.$techmap\baseline.transition.$procmux$3320_CMP0 ($eq).
Removed top 28 bits (of 32) from port B of cell fixed_ingress_machine.$techmap\baseline.transition.$procmux$3300_CMP0 ($eq).
Removed top 31 bits (of 32) from port B of cell fixed_ingress_machine.$techmap\baseline.transition.$procmux$3268_CMP0 ($eq).
Removed top 27 bits (of 32) from port B of cell fixed_ingress_machine.$techmap\baseline.transition.$procmux$3228_CMP0 ($eq).
Removed top 29 bits (of 32) from port B of cell fixed_ingress_machine.$techmap\baseline.transition.$procmux$3204_CMP0 ($eq).
Removed top 28 bits (of 32) from port B of cell fixed_ingress_machine.$techmap\baseline.transition.$procmux$3168_CMP0 ($eq).
Removed top 27 bits (of 32) from port B of cell fixed_ingress_machine.$techmap\baseline.transition.$procmux$3140_CMP0 ($eq).
Removed top 30 bits (of 32) from port B of cell fixed_ingress_machine.$techmap\baseline.transition.$procmux$3118_CMP0 ($eq).
Removed top 29 bits (of 32) from port B of cell fixed_ingress_machine.$techmap\baseline.transition.$procmux$3080_CMP0 ($eq).
Removed top 28 bits (of 32) from port B of cell fixed_ingress_machine.$techmap\baseline.transition.$procmux$3046_CMP0 ($eq).
Removed top 28 bits (of 32) from port B of cell fixed_ingress_machine.$techmap\baseline.transition.$procmux$3016_CMP0 ($eq).
Removed top 27 bits (of 32) from port B of cell fixed_ingress_machine.$techmap\baseline.transition.$procmux$2990_CMP0 ($eq).
Removed top 30 bits (of 32) from port B of cell fixed_ingress_machine.$techmap\baseline.transition.$procmux$2928_CMP0 ($eq).
Removed top 29 bits (of 32) from port B of cell fixed_ingress_machine.$techmap\baseline.transition.$procmux$2889_CMP0 ($eq).
Removed top 29 bits (of 32) from port B of cell fixed_ingress_machine.$techmap\baseline.transition.$procmux$2852_CMP0 ($eq).
Removed top 28 bits (of 32) from port B of cell fixed_ingress_machine.$techmap\baseline.transition.$procmux$2817_CMP0 ($eq).
Removed top 28 bits (of 32) from port B of cell fixed_ingress_machine.$techmap\baseline.transition.$procmux$2784_CMP0 ($eq).
Removed top 28 bits (of 32) from port B of cell fixed_ingress_machine.$techmap\baseline.transition.$procmux$2753_CMP0 ($eq).
Removed top 28 bits (of 32) from port B of cell fixed_ingress_machine.$techmap\baseline.transition.$procmux$2724_CMP0 ($eq).
Removed top 27 bits (of 32) from port B of cell fixed_ingress_machine.$techmap\baseline.transition.$procmux$2697_CMP0 ($eq).
Removed top 27 bits (of 32) from port B of cell fixed_ingress_machine.$techmap\baseline.transition.$procmux$2672_CMP0 ($eq).
Removed top 1 bits (of 4) from port B of cell fixed_ingress_machine.$techmap\baseline.transition.$procmux$2552_CMP0 ($eq).
Removed top 3 bits (of 4) from port B of cell fixed_ingress_machine.$techmap\baseline.transition.$procmux$2536_CMP0 ($eq).
Removed top 2 bits (of 4) from port B of cell fixed_ingress_machine.$techmap\baseline.transition.$procmux$2535_CMP0 ($eq).
Removed top 2 bits (of 4) from port B of cell fixed_ingress_machine.$techmap\baseline.transition.$procmux$2534_CMP0 ($eq).
Removed cell fixed_ingress_machine.$techmap\baseline.transition.$procmux$2527 ($mux).
Removed cell fixed_ingress_machine.$techmap\baseline.transition.$procmux$2525 ($mux).
Removed cell fixed_ingress_machine.$techmap\baseline.transition.$procmux$2522 ($mux).
Removed cell fixed_ingress_machine.$techmap\baseline.transition.$procmux$2520 ($mux).
Removed top 28 bits (of 32) from port B of cell fixed_ingress_machine.$techmap\baseline.transition.$procmux$1758_CMP0 ($eq).
Removed top 27 bits (of 32) from port B of cell fixed_ingress_machine.$techmap\baseline.transition.$procmux$1726_CMP0 ($eq).
Removed top 27 bits (of 32) from port B of cell fixed_ingress_machine.$techmap\baseline.transition.$procmux$1696_CMP0 ($eq).
Removed top 27 bits (of 32) from port B of cell fixed_ingress_machine.$techmap\baseline.transition.$procmux$1668_CMP0 ($eq).
Removed top 28 bits (of 32) from port B of cell fixed_ingress_machine.$techmap\baseline.transition.$procmux$1643_CMP0 ($eq).
Removed top 31 bits (of 32) from port B of cell fixed_ingress_machine.$techmap\baseline.transition.$procmux$1607_CMP0 ($eq).
Removed top 27 bits (of 32) from port B of cell fixed_ingress_machine.$techmap\baseline.transition.$procmux$1563_CMP0 ($eq).
Removed top 29 bits (of 32) from port B of cell fixed_ingress_machine.$techmap\baseline.transition.$procmux$1535_CMP0 ($eq).
Removed top 28 bits (of 32) from port B of cell fixed_ingress_machine.$techmap\baseline.transition.$procmux$1495_CMP0 ($eq).
Removed top 27 bits (of 32) from port B of cell fixed_ingress_machine.$techmap\baseline.transition.$procmux$1463_CMP0 ($eq).
Removed top 30 bits (of 32) from port B of cell fixed_ingress_machine.$techmap\baseline.transition.$procmux$1437_CMP0 ($eq).
Removed top 29 bits (of 32) from port B of cell fixed_ingress_machine.$techmap\baseline.transition.$procmux$1395_CMP0 ($eq).
Removed top 28 bits (of 32) from port B of cell fixed_ingress_machine.$techmap\baseline.transition.$procmux$1357_CMP0 ($eq).
Removed top 28 bits (of 32) from port B of cell fixed_ingress_machine.$techmap\baseline.transition.$procmux$1323_CMP0 ($eq).
Removed top 27 bits (of 32) from port B of cell fixed_ingress_machine.$techmap\baseline.transition.$procmux$1293_CMP0 ($eq).
Removed top 30 bits (of 32) from port B of cell fixed_ingress_machine.$techmap\baseline.transition.$procmux$1223_CMP0 ($eq).
Removed top 29 bits (of 32) from port B of cell fixed_ingress_machine.$techmap\baseline.transition.$procmux$1180_CMP0 ($eq).
Removed top 29 bits (of 32) from port B of cell fixed_ingress_machine.$techmap\baseline.transition.$procmux$1139_CMP0 ($eq).
Removed top 28 bits (of 32) from port B of cell fixed_ingress_machine.$techmap\baseline.transition.$procmux$1100_CMP0 ($eq).
Removed top 28 bits (of 32) from port B of cell fixed_ingress_machine.$techmap\baseline.transition.$procmux$1063_CMP0 ($eq).
Removed top 28 bits (of 32) from port B of cell fixed_ingress_machine.$techmap\baseline.transition.$procmux$1028_CMP0 ($eq).
Removed top 1 bits (of 4) from port B of cell fixed_ingress_machine.$techmap\baseline.transition.$procmux$1001_CMP2 ($eq).
Removed top 1 bits (of 4) from port B of cell fixed_ingress_machine.$techmap\baseline.transition.$procmux$1001_CMP1 ($eq).
Removed top 1 bits (of 4) from port B of cell fixed_ingress_machine.$techmap\baseline.transition.$procmux$1001_CMP0 ($eq).
Removed top 1 bits (of 2) from port B of cell fixed_ingress_machine.$techmap\baseline.transition.$procmux$798_CMP0 ($eq).
Removed top 29 bits (of 32) from port A of cell fixed_ingress_machine.$techmap\baseline.transition.$not$/tmp/ases-kernel0-ingress-reduction/docs/research/kernel-0/direct-rtl/kernel0.v:47$699 ($not).
Removed top 31 bits (of 32) from port A of cell fixed_ingress_machine.$techmap\baseline.transition.$add$/tmp/ases-kernel0-ingress-reduction/docs/research/kernel-0/direct-rtl/kernel0.v:128$582 ($add).
Removed top 29 bits (of 32) from port Y of cell fixed_ingress_machine.$techmap\baseline.transition.$add$/tmp/ases-kernel0-ingress-reduction/docs/research/kernel-0/direct-rtl/kernel0.v:128$582 ($add).
Removed top 2 bits (of 3) from port A of cell fixed_ingress_machine.$techmap\baseline.transition.$shl$/tmp/ases-kernel0-ingress-reduction/docs/research/kernel-0/direct-rtl/kernel0.v:120$577 ($shl).
Removed top 1 bits (of 2) from port B of cell fixed_ingress_machine.$techmap\baseline.transition.$add$/tmp/ases-kernel0-ingress-reduction/docs/research/kernel-0/direct-rtl/kernel0.v:114$576 ($add).
Removed top 29 bits (of 32) from port A of cell fixed_ingress_machine.$techmap\baseline.transition.$not$/tmp/ases-kernel0-ingress-reduction/docs/research/kernel-0/direct-rtl/kernel0.v:112$572 ($not).
Removed top 1 bits (of 3) from port A of cell fixed_ingress_machine.$techmap\baseline.transition.$add$/tmp/ases-kernel0-ingress-reduction/docs/research/kernel-0/direct-rtl/kernel0.v:103$560 ($add).
Removed top 2 bits (of 3) from port B of cell fixed_ingress_machine.$techmap\baseline.transition.$add$/tmp/ases-kernel0-ingress-reduction/docs/research/kernel-0/direct-rtl/kernel0.v:103$560 ($add).
Removed top 30 bits (of 32) from port A of cell fixed_ingress_machine.$techmap\baseline.transition.$mul$/tmp/ases-kernel0-ingress-reduction/docs/research/kernel-0/direct-rtl/kernel0.v:102$557 ($mul).
Removed top 28 bits (of 32) from port Y of cell fixed_ingress_machine.$techmap\baseline.transition.$mul$/tmp/ases-kernel0-ingress-reduction/docs/research/kernel-0/direct-rtl/kernel0.v:102$557 ($mul).
Removed top 28 bits (of 32) from port A of cell fixed_ingress_machine.$techmap\baseline.transition.$add$/tmp/ases-kernel0-ingress-reduction/docs/research/kernel-0/direct-rtl/kernel0.v:101$552 ($add).
Removed top 30 bits (of 32) from port A of cell fixed_ingress_machine.$techmap\baseline.transition.$mul$/tmp/ases-kernel0-ingress-reduction/docs/research/kernel-0/direct-rtl/kernel0.v:101$551 ($mul).
Removed top 28 bits (of 32) from port Y of cell fixed_ingress_machine.$techmap\baseline.transition.$mul$/tmp/ases-kernel0-ingress-reduction/docs/research/kernel-0/direct-rtl/kernel0.v:101$551 ($mul).
Removed top 29 bits (of 32) from port A of cell fixed_ingress_machine.$techmap\baseline.transition.$add$/tmp/ases-kernel0-ingress-reduction/docs/research/kernel-0/direct-rtl/kernel0.v:100$547 ($add).
Removed top 28 bits (of 32) from port Y of cell fixed_ingress_machine.$techmap\baseline.transition.$add$/tmp/ases-kernel0-ingress-reduction/docs/research/kernel-0/direct-rtl/kernel0.v:100$547 ($add).
Removed top 28 bits (of 32) from port A of cell fixed_ingress_machine.$techmap\baseline.transition.$add$/tmp/ases-kernel0-ingress-reduction/docs/research/kernel-0/direct-rtl/kernel0.v:92$535 ($add).
Removed top 28 bits (of 32) from port B of cell fixed_ingress_machine.$techmap\baseline.transition.$add$/tmp/ases-kernel0-ingress-reduction/docs/research/kernel-0/direct-rtl/kernel0.v:92$535 ($add).
Removed top 27 bits (of 32) from port Y of cell fixed_ingress_machine.$techmap\baseline.transition.$add$/tmp/ases-kernel0-ingress-reduction/docs/research/kernel-0/direct-rtl/kernel0.v:92$535 ($add).
Removed top 29 bits (of 32) from port A of cell fixed_ingress_machine.$techmap\baseline.transition.$not$/tmp/ases-kernel0-ingress-reduction/docs/research/kernel-0/direct-rtl/kernel0.v:91$530 ($not).
Removed top 29 bits (of 32) from port A of cell fixed_ingress_machine.$techmap\baseline.transition.$add$/tmp/ases-kernel0-ingress-reduction/docs/research/kernel-0/direct-rtl/kernel0.v:85$519 ($add).
Removed top 28 bits (of 32) from port Y of cell fixed_ingress_machine.$techmap\baseline.transition.$add$/tmp/ases-kernel0-ingress-reduction/docs/research/kernel-0/direct-rtl/kernel0.v:85$519 ($add).
Removed top 29 bits (of 32) from port A of cell fixed_ingress_machine.$techmap\baseline.transition.$not$/tmp/ases-kernel0-ingress-reduction/docs/research/kernel-0/direct-rtl/kernel0.v:47$508 ($not).
Removed top 29 bits (of 32) from port B of cell fixed_ingress_machine.$techmap\baseline.transition.$lt$/tmp/ases-kernel0-ingress-reduction/docs/research/kernel-0/direct-rtl/kernel0.v:72$449 ($lt).
Removed top 30 bits (of 32) from port B of cell fixed_ingress_machine.$techmap\baseline.transition.$lt$/tmp/ases-kernel0-ingress-reduction/docs/research/kernel-0/direct-rtl/kernel0.v:69$428 ($lt).
Removed top 30 bits (of 32) from port B of cell fixed_ingress_machine.$techmap\baseline.transition.$lt$/tmp/ases-kernel0-ingress-reduction/docs/research/kernel-0/direct-rtl/kernel0.v:69$426 ($lt).
Removed top 30 bits (of 32) from port B of cell fixed_ingress_machine.$techmap\baseline.transition.$lt$/tmp/ases-kernel0-ingress-reduction/docs/research/kernel-0/direct-rtl/kernel0.v:68$418 ($lt).
Removed top 30 bits (of 32) from port B of cell fixed_ingress_machine.$techmap\baseline.transition.$lt$/tmp/ases-kernel0-ingress-reduction/docs/research/kernel-0/direct-rtl/kernel0.v:66$412 ($lt).
Removed top 30 bits (of 32) from port B of cell fixed_ingress_machine.$techmap\baseline.transition.$lt$/tmp/ases-kernel0-ingress-reduction/docs/research/kernel-0/direct-rtl/kernel0.v:66$410 ($lt).
Removed top 28 bits (of 32) from port A of cell fixed_ingress_machine.$techmap\baseline.transition.$add$/tmp/ases-kernel0-ingress-reduction/docs/research/kernel-0/direct-rtl/kernel0.v:60$391 ($add).
Removed top 30 bits (of 32) from port A of cell fixed_ingress_machine.$techmap\baseline.transition.$mul$/tmp/ases-kernel0-ingress-reduction/docs/research/kernel-0/direct-rtl/kernel0.v:60$390 ($mul).
Removed top 27 bits (of 32) from port Y of cell fixed_ingress_machine.$techmap\baseline.transition.$mul$/tmp/ases-kernel0-ingress-reduction/docs/research/kernel-0/direct-rtl/kernel0.v:60$390 ($mul).
Removed top 29 bits (of 32) from port B of cell fixed_ingress_machine.$techmap\baseline.transition.$lt$/tmp/ases-kernel0-ingress-reduction/docs/research/kernel-0/direct-rtl/kernel0.v:60$389 ($lt).
Removed top 26 bits (of 32) from port B of cell fixed_ingress_machine.$techmap\baseline.transition.$shiftx$/tmp/ases-kernel0-ingress-reduction/docs/research/kernel-0/direct-rtl/kernel0.v:58$388 ($shiftx).
Removed top 28 bits (of 32) from wire fixed_ingress_machine.$techmap\baseline.transition.$add$/tmp/ases-kernel0-ingress-reduction/docs/research/kernel-0/direct-rtl/kernel0.v:100$547_Y.
Removed top 27 bits (of 32) from wire fixed_ingress_machine.$techmap\baseline.transition.$add$/tmp/ases-kernel0-ingress-reduction/docs/research/kernel-0/direct-rtl/kernel0.v:102$558_Y.
Removed top 29 bits (of 32) from wire fixed_ingress_machine.$techmap\baseline.transition.$add$/tmp/ases-kernel0-ingress-reduction/docs/research/kernel-0/direct-rtl/kernel0.v:128$582_Y.
Removed top 28 bits (of 32) from wire fixed_ingress_machine.$techmap\baseline.transition.$add$/tmp/ases-kernel0-ingress-reduction/docs/research/kernel-0/direct-rtl/kernel0.v:85$519_Y.
Removed top 28 bits (of 32) from wire fixed_ingress_machine.$techmap\baseline.transition.$mul$/tmp/ases-kernel0-ingress-reduction/docs/research/kernel-0/direct-rtl/kernel0.v:101$551_Y.
Removed top 28 bits (of 32) from wire fixed_ingress_machine.$techmap\baseline.transition.$mul$/tmp/ases-kernel0-ingress-reduction/docs/research/kernel-0/direct-rtl/kernel0.v:102$557_Y.
Removed top 27 bits (of 32) from wire fixed_ingress_machine.$techmap\baseline.transition.$mul$/tmp/ases-kernel0-ingress-reduction/docs/research/kernel-0/direct-rtl/kernel0.v:60$390_Y.

9.9. Executing PEEPOPT pass (run peephole optimizers).

9.10. Executing OPT_CLEAN pass (remove unused cells and wires).
Finding unused cells or wires in module \fixed_ingress_machine..
Removed 0 unused cells and 11 unused wires.
<suppressed ~1 debug messages>

9.11. Executing TECHMAP pass (map to technology primitives).

9.11.1. Executing Verilog-2005 frontend: /tmp/kernel0-rtl-tools/root/usr/bin/../share/yosys/cmp2lut.v
Parsing Verilog input from `/tmp/kernel0-rtl-tools/root/usr/bin/../share/yosys/cmp2lut.v' to AST representation.
Generating RTLIL representation for module `\_90_lut_cmp_'.
Successfully finished Verilog frontend.

9.11.2. Continuing TECHMAP pass.
No more expansions possible.
<suppressed ~1716 debug messages>

9.12. Executing ALUMACC pass (create $alu and $macc cells).
Extracting $alu and $macc cells in module fixed_ingress_machine:
  creating $macc model for $techmap\baseline.transition.$add$/tmp/ases-kernel0-ingress-reduction/docs/research/kernel-0/direct-rtl/kernel0.v:100$547 ($add).
  creating $macc model for $techmap\baseline.transition.$add$/tmp/ases-kernel0-ingress-reduction/docs/research/kernel-0/direct-rtl/kernel0.v:101$552 ($add).
  creating $macc model for $techmap\baseline.transition.$add$/tmp/ases-kernel0-ingress-reduction/docs/research/kernel-0/direct-rtl/kernel0.v:103$560 ($add).
  creating $macc model for $techmap\baseline.transition.$add$/tmp/ases-kernel0-ingress-reduction/docs/research/kernel-0/direct-rtl/kernel0.v:114$576 ($add).
  creating $macc model for $techmap\baseline.transition.$add$/tmp/ases-kernel0-ingress-reduction/docs/research/kernel-0/direct-rtl/kernel0.v:128$582 ($add).
  creating $macc model for $techmap\baseline.transition.$add$/tmp/ases-kernel0-ingress-reduction/docs/research/kernel-0/direct-rtl/kernel0.v:60$391 ($add).
  creating $macc model for $techmap\baseline.transition.$add$/tmp/ases-kernel0-ingress-reduction/docs/research/kernel-0/direct-rtl/kernel0.v:85$519 ($add).
  creating $macc model for $techmap\baseline.transition.$add$/tmp/ases-kernel0-ingress-reduction/docs/research/kernel-0/direct-rtl/kernel0.v:92$535 ($add).
  creating $macc model for $techmap\baseline.transition.$mul$/tmp/ases-kernel0-ingress-reduction/docs/research/kernel-0/direct-rtl/kernel0.v:101$551 ($mul).
  creating $macc model for $techmap\baseline.transition.$mul$/tmp/ases-kernel0-ingress-reduction/docs/research/kernel-0/direct-rtl/kernel0.v:102$557 ($mul).
  creating $macc model for $techmap\baseline.transition.$mul$/tmp/ases-kernel0-ingress-reduction/docs/research/kernel-0/direct-rtl/kernel0.v:60$390 ($mul).
  merging $macc model for $techmap\baseline.transition.$mul$/tmp/ases-kernel0-ingress-reduction/docs/research/kernel-0/direct-rtl/kernel0.v:102$557 into $techmap\baseline.transition.$add$/tmp/ases-kernel0-ingress-reduction/docs/research/kernel-0/direct-rtl/kernel0.v:92$535.
  creating $alu model for $macc $techmap\baseline.transition.$add$/tmp/ases-kernel0-ingress-reduction/docs/research/kernel-0/direct-rtl/kernel0.v:85$519.
  creating $alu model for $macc $techmap\baseline.transition.$add$/tmp/ases-kernel0-ingress-reduction/docs/research/kernel-0/direct-rtl/kernel0.v:60$391.
  creating $alu model for $macc $techmap\baseline.transition.$add$/tmp/ases-kernel0-ingress-reduction/docs/research/kernel-0/direct-rtl/kernel0.v:128$582.
  creating $alu model for $macc $techmap\baseline.transition.$add$/tmp/ases-kernel0-ingress-reduction/docs/research/kernel-0/direct-rtl/kernel0.v:114$576.
  creating $alu model for $macc $techmap\baseline.transition.$add$/tmp/ases-kernel0-ingress-reduction/docs/research/kernel-0/direct-rtl/kernel0.v:103$560.
  creating $alu model for $macc $techmap\baseline.transition.$add$/tmp/ases-kernel0-ingress-reduction/docs/research/kernel-0/direct-rtl/kernel0.v:101$552.
  creating $alu model for $macc $techmap\baseline.transition.$add$/tmp/ases-kernel0-ingress-reduction/docs/research/kernel-0/direct-rtl/kernel0.v:100$547.
  creating $macc cell for $techmap\baseline.transition.$add$/tmp/ases-kernel0-ingress-reduction/docs/research/kernel-0/direct-rtl/kernel0.v:92$535: $auto$alumacc.cc:354:replace_macc$7334
  creating $macc cell for $techmap\baseline.transition.$mul$/tmp/ases-kernel0-ingress-reduction/docs/research/kernel-0/direct-rtl/kernel0.v:101$551: $auto$alumacc.cc:354:replace_macc$7335
  creating $macc cell for $techmap\baseline.transition.$mul$/tmp/ases-kernel0-ingress-reduction/docs/research/kernel-0/direct-rtl/kernel0.v:60$390: $auto$alumacc.cc:354:replace_macc$7336
  creating $alu model for $techmap\baseline.transition.$lt$/tmp/ases-kernel0-ingress-reduction/docs/research/kernel-0/direct-rtl/kernel0.v:60$389 ($lt): new $alu
  creating $alu model for $techmap\baseline.transition.$lt$/tmp/ases-kernel0-ingress-reduction/docs/research/kernel-0/direct-rtl/kernel0.v:66$410 ($lt): new $alu
  creating $alu model for $techmap\baseline.transition.$lt$/tmp/ases-kernel0-ingress-reduction/docs/research/kernel-0/direct-rtl/kernel0.v:66$412 ($lt): new $alu
  creating $alu model for $techmap\baseline.transition.$lt$/tmp/ases-kernel0-ingress-reduction/docs/research/kernel-0/direct-rtl/kernel0.v:68$418 ($lt): new $alu
  creating $alu model for $techmap\baseline.transition.$lt$/tmp/ases-kernel0-ingress-reduction/docs/research/kernel-0/direct-rtl/kernel0.v:69$426 ($lt): new $alu
  creating $alu model for $techmap\baseline.transition.$lt$/tmp/ases-kernel0-ingress-reduction/docs/research/kernel-0/direct-rtl/kernel0.v:69$428 ($lt): new $alu
  creating $alu model for $techmap\baseline.transition.$lt$/tmp/ases-kernel0-ingress-reduction/docs/research/kernel-0/direct-rtl/kernel0.v:72$449 ($lt): new $alu
  creating $alu model for $techmap\baseline.transition.$eq$/tmp/ases-kernel0-ingress-reduction/docs/research/kernel-0/direct-rtl/kernel0.v:63$394 ($eq): merged with $techmap\baseline.transition.$lt$/tmp/ases-kernel0-ingress-reduction/docs/research/kernel-0/direct-rtl/kernel0.v:60$389.
  creating $alu model for $techmap\baseline.transition.$eq$/tmp/ases-kernel0-ingress-reduction/docs/research/kernel-0/direct-rtl/kernel0.v:68$419 ($eq): merged with $techmap\baseline.transition.$lt$/tmp/ases-kernel0-ingress-reduction/docs/research/kernel-0/direct-rtl/kernel0.v:66$410.
  creating $alu cell for $techmap\baseline.transition.$lt$/tmp/ases-kernel0-ingress-reduction/docs/research/kernel-0/direct-rtl/kernel0.v:72$449: $auto$alumacc.cc:474:replace_alu$7344
  creating $alu cell for $techmap\baseline.transition.$lt$/tmp/ases-kernel0-ingress-reduction/docs/research/kernel-0/direct-rtl/kernel0.v:69$428: $auto$alumacc.cc:474:replace_alu$7349
  creating $alu cell for $techmap\baseline.transition.$lt$/tmp/ases-kernel0-ingress-reduction/docs/research/kernel-0/direct-rtl/kernel0.v:69$426: $auto$alumacc.cc:474:replace_alu$7360
  creating $alu cell for $techmap\baseline.transition.$lt$/tmp/ases-kernel0-ingress-reduction/docs/research/kernel-0/direct-rtl/kernel0.v:68$418: $auto$alumacc.cc:474:replace_alu$7371
  creating $alu cell for $techmap\baseline.transition.$lt$/tmp/ases-kernel0-ingress-reduction/docs/research/kernel-0/direct-rtl/kernel0.v:66$412: $auto$alumacc.cc:474:replace_alu$7382
  creating $alu cell for $techmap\baseline.transition.$lt$/tmp/ases-kernel0-ingress-reduction/docs/research/kernel-0/direct-rtl/kernel0.v:66$410, $techmap\baseline.transition.$eq$/tmp/ases-kernel0-ingress-reduction/docs/research/kernel-0/direct-rtl/kernel0.v:68$419: $auto$alumacc.cc:474:replace_alu$7393
  creating $alu cell for $techmap\baseline.transition.$lt$/tmp/ases-kernel0-ingress-reduction/docs/research/kernel-0/direct-rtl/kernel0.v:60$389, $techmap\baseline.transition.$eq$/tmp/ases-kernel0-ingress-reduction/docs/research/kernel-0/direct-rtl/kernel0.v:63$394: $auto$alumacc.cc:474:replace_alu$7404
  creating $alu cell for $techmap\baseline.transition.$add$/tmp/ases-kernel0-ingress-reduction/docs/research/kernel-0/direct-rtl/kernel0.v:100$547: $auto$alumacc.cc:474:replace_alu$7411
  creating $alu cell for $techmap\baseline.transition.$add$/tmp/ases-kernel0-ingress-reduction/docs/research/kernel-0/direct-rtl/kernel0.v:101$552: $auto$alumacc.cc:474:replace_alu$7414
  creating $alu cell for $techmap\baseline.transition.$add$/tmp/ases-kernel0-ingress-reduction/docs/research/kernel-0/direct-rtl/kernel0.v:114$576: $auto$alumacc.cc:474:replace_alu$7417
  creating $alu cell for $techmap\baseline.transition.$add$/tmp/ases-kernel0-ingress-reduction/docs/research/kernel-0/direct-rtl/kernel0.v:103$560: $auto$alumacc.cc:474:replace_alu$7420
  creating $alu cell for $techmap\baseline.transition.$add$/tmp/ases-kernel0-ingress-reduction/docs/research/kernel-0/direct-rtl/kernel0.v:128$582: $auto$alumacc.cc:474:replace_alu$7423
  creating $alu cell for $techmap\baseline.transition.$add$/tmp/ases-kernel0-ingress-reduction/docs/research/kernel-0/direct-rtl/kernel0.v:60$391: $auto$alumacc.cc:474:replace_alu$7426
  creating $alu cell for $techmap\baseline.transition.$add$/tmp/ases-kernel0-ingress-reduction/docs/research/kernel-0/direct-rtl/kernel0.v:85$519: $auto$alumacc.cc:474:replace_alu$7429
  created 14 $alu and 3 $macc cells.

9.13. Executing SHARE pass (SAT-based resource sharing).

9.14. Executing OPT pass (performing simple optimizations).

9.14.1. Executing OPT_EXPR pass (perform const folding).
Optimizing module fixed_ingress_machine.
<suppressed ~67 debug messages>

9.14.2. Executing OPT_MERGE pass (detect identical cells).
Finding identical cells in module `\fixed_ingress_machine'.
<suppressed ~5 debug messages>
Removed a total of 1 cells.

9.14.3. Executing OPT_MUXTREE pass (detect dead branches in mux trees).
Running muxtree optimizer on module \fixed_ingress_machine..
  Creating internal representation of mux trees.
  Evaluating internal representation of mux trees.
  Analyzing evaluation results.
Removed 0 multiplexer ports.
<suppressed ~44 debug messages>

9.14.4. Executing OPT_REDUCE pass (consolidate $*mux and $reduce_* inputs).
  Optimizing cells in module \fixed_ingress_machine.
    New input vector for $reduce_and cell $auto$alumacc.cc:64:get_eq$7396: { $auto$alumacc.cc:490:replace_alu$7394 [0] $auto$alumacc.cc:490:replace_alu$7394 [1] }
    New input vector for $reduce_and cell $auto$alumacc.cc:64:get_eq$7385: { $auto$alumacc.cc:490:replace_alu$7383 [0] $auto$alumacc.cc:490:replace_alu$7383 [1] }
    New input vector for $reduce_and cell $auto$alumacc.cc:64:get_eq$7374: { $auto$alumacc.cc:490:replace_alu$7372 [0] $auto$alumacc.cc:490:replace_alu$7372 [1] $auto$alumacc.cc:490:replace_alu$7372 [2] }
    New input vector for $reduce_and cell $auto$alumacc.cc:64:get_eq$7363: { $auto$alumacc.cc:490:replace_alu$7361 [0] $auto$alumacc.cc:490:replace_alu$7361 [1] }
    New input vector for $reduce_and cell $auto$alumacc.cc:64:get_eq$7352: { $auto$alumacc.cc:490:replace_alu$7350 [0] $auto$alumacc.cc:490:replace_alu$7350 [1] $auto$alumacc.cc:490:replace_alu$7350 [2] }
    New input vector for $reduce_and cell $auto$alumacc.cc:64:get_eq$7409: { $auto$alumacc.cc:490:replace_alu$7405 [0] $auto$alumacc.cc:490:replace_alu$7405 [1] $auto$alumacc.cc:490:replace_alu$7405 [2] }
  Optimizing cells in module \fixed_ingress_machine.
Performed a total of 6 changes.

9.14.5. Executing OPT_MERGE pass (detect identical cells).
Finding identical cells in module `\fixed_ingress_machine'.
Removed a total of 0 cells.

9.14.6. Executing OPT_RMDFF pass (remove dff with constant values).

9.14.7. Executing OPT_CLEAN pass (remove unused cells and wires).
Finding unused cells or wires in module \fixed_ingress_machine..
Removed 1 unused cells and 39 unused wires.
<suppressed ~2 debug messages>

9.14.8. Executing OPT_EXPR pass (perform const folding).
Optimizing module fixed_ingress_machine.

9.14.9. Rerunning OPT passes. (Maybe there is more to do..)

9.14.10. Executing OPT_MUXTREE pass (detect dead branches in mux trees).
Running muxtree optimizer on module \fixed_ingress_machine..
  Creating internal representation of mux trees.
  Evaluating internal representation of mux trees.
  Analyzing evaluation results.
Removed 0 multiplexer ports.
<suppressed ~44 debug messages>

9.14.11. Executing OPT_REDUCE pass (consolidate $*mux and $reduce_* inputs).
  Optimizing cells in module \fixed_ingress_machine.
Performed a total of 0 changes.

9.14.12. Executing OPT_MERGE pass (detect identical cells).
Finding identical cells in module `\fixed_ingress_machine'.
Removed a total of 0 cells.

9.14.13. Executing OPT_RMDFF pass (remove dff with constant values).

9.14.14. Executing OPT_CLEAN pass (remove unused cells and wires).
Finding unused cells or wires in module \fixed_ingress_machine..

9.14.15. Executing OPT_EXPR pass (perform const folding).
Optimizing module fixed_ingress_machine.

9.14.16. Finished OPT passes. (There is nothing left to do.)

9.15. Executing FSM pass (extract and optimize FSM).

9.15.1. Executing FSM_DETECT pass (finding FSMs in design).

9.15.2. Executing FSM_EXTRACT pass (extracting FSM from design).

9.15.3. Executing FSM_OPT pass (simple optimizations of FSMs).

9.15.4. Executing OPT_CLEAN pass (remove unused cells and wires).
Finding unused cells or wires in module \fixed_ingress_machine..

9.15.5. Executing FSM_OPT pass (simple optimizations of FSMs).

9.15.6. Executing FSM_RECODE pass (re-assigning FSM state encoding).

9.15.7. Executing FSM_INFO pass (dumping all available information on FSM cells).

9.15.8. Executing FSM_MAP pass (mapping FSMs to basic logic).

9.16. Executing OPT pass (performing simple optimizations).

9.16.1. Executing OPT_EXPR pass (perform const folding).
Optimizing module fixed_ingress_machine.

9.16.2. Executing OPT_MERGE pass (detect identical cells).
Finding identical cells in module `\fixed_ingress_machine'.
Removed a total of 0 cells.

9.16.3. Executing OPT_RMDFF pass (remove dff with constant values).

9.16.4. Executing OPT_CLEAN pass (remove unused cells and wires).
Finding unused cells or wires in module \fixed_ingress_machine..

9.16.5. Finished fast OPT passes.

9.17. Executing MEMORY pass.

9.17.1. Executing MEMORY_DFF pass (merging $dff cells to $memrd and $memwr).

9.17.2. Executing OPT_CLEAN pass (remove unused cells and wires).
Finding unused cells or wires in module \fixed_ingress_machine..

9.17.3. Executing MEMORY_SHARE pass (consolidating $memrd/$memwr cells).

9.17.4. Executing OPT_CLEAN pass (remove unused cells and wires).
Finding unused cells or wires in module \fixed_ingress_machine..

9.17.5. Executing MEMORY_COLLECT pass (generating $mem cells).

9.18. Executing OPT_CLEAN pass (remove unused cells and wires).
Finding unused cells or wires in module \fixed_ingress_machine..

9.19. Executing OPT pass (performing simple optimizations).

9.19.1. Executing OPT_EXPR pass (perform const folding).
Optimizing module fixed_ingress_machine.
<suppressed ~125 debug messages>

9.19.2. Executing OPT_MERGE pass (detect identical cells).
Finding identical cells in module `\fixed_ingress_machine'.
Removed a total of 0 cells.

9.19.3. Executing OPT_RMDFF pass (remove dff with constant values).

9.19.4. Executing OPT_CLEAN pass (remove unused cells and wires).
Finding unused cells or wires in module \fixed_ingress_machine..
Removed 0 unused cells and 23 unused wires.
<suppressed ~1 debug messages>

9.19.5. Finished fast OPT passes.

9.20. Executing MEMORY_MAP pass (converting $mem cells to logic and flip-flops).

9.21. Executing OPT pass (performing simple optimizations).

9.21.1. Executing OPT_EXPR pass (perform const folding).
Optimizing module fixed_ingress_machine.

9.21.2. Executing OPT_MERGE pass (detect identical cells).
Finding identical cells in module `\fixed_ingress_machine'.
Removed a total of 0 cells.

9.21.3. Executing OPT_MUXTREE pass (detect dead branches in mux trees).
Running muxtree optimizer on module \fixed_ingress_machine..
  Creating internal representation of mux trees.
  Evaluating internal representation of mux trees.
  Analyzing evaluation results.
Removed 0 multiplexer ports.
<suppressed ~61 debug messages>

9.21.4. Executing OPT_REDUCE pass (consolidate $*mux and $reduce_* inputs).
  Optimizing cells in module \fixed_ingress_machine.
    Consolidated identical input bits for $pmux cell $techmap\baseline.transition.$procmux$2631:
      Old ports: A=\baseline.state [21:4], B={ \baseline.state [21:8] $techmap\baseline.transition.$25\proposed[21:0] [7:4] \baseline.state [21:8] $techmap\baseline.transition.$26\proposed[21:0] [7:4] }, Y=$techmap\baseline.transition.$24\proposed[21:0] [21:4]
      New ports: A=\baseline.state [7:4], B={ $techmap\baseline.transition.$25\proposed[21:0] [7:4] $techmap\baseline.transition.$26\proposed[21:0] [7:4] }, Y=$techmap\baseline.transition.$24\proposed[21:0] [7:4]
      New connections: $techmap\baseline.transition.$24\proposed[21:0] [21:8] = \baseline.state [21:8]
  Optimizing cells in module \fixed_ingress_machine.
    Consolidated identical input bits for $mux cell $techmap\baseline.transition.$procmux$2500:
      Old ports: A={ \baseline.state [21:1] 1'1 }, B=$techmap\baseline.transition.$24\proposed[21:0], Y=$techmap\baseline.transition.$23\proposed[21:0]
      New ports: A={ \baseline.state [7:1] 1'1 }, B=$techmap\baseline.transition.$24\proposed[21:0] [7:0], Y=$techmap\baseline.transition.$23\proposed[21:0] [7:0]
      New connections: $techmap\baseline.transition.$23\proposed[21:0] [21:8] = \baseline.state [21:8]
  Optimizing cells in module \fixed_ingress_machine.
    New ctrl vector for $pmux cell $techmap\baseline.transition.$procmux$2532: { $techmap\baseline.transition.$procmux$2536_CMP $techmap\baseline.transition.$procmux$2535_CMP $techmap\baseline.transition.$procmux$2534_CMP }
    New ctrl vector for $pmux cell $techmap\baseline.transition.$procmux$802: { $techmap\baseline.transition.$procmux$2536_CMP $techmap\baseline.transition.$procmux$2535_CMP $techmap\baseline.transition.$procmux$2534_CMP $techmap\baseline.transition.$procmux$2552_CMP }
  Optimizing cells in module \fixed_ingress_machine.
Performed a total of 4 changes.

9.21.5. Executing OPT_MERGE pass (detect identical cells).
Finding identical cells in module `\fixed_ingress_machine'.
Removed a total of 0 cells.

9.21.6. Executing OPT_RMDFF pass (remove dff with constant values).

9.21.7. Executing OPT_CLEAN pass (remove unused cells and wires).
Finding unused cells or wires in module \fixed_ingress_machine..

9.21.8. Executing OPT_EXPR pass (perform const folding).
Optimizing module fixed_ingress_machine.

9.21.9. Rerunning OPT passes. (Maybe there is more to do..)

9.21.10. Executing OPT_MUXTREE pass (detect dead branches in mux trees).
Running muxtree optimizer on module \fixed_ingress_machine..
  Creating internal representation of mux trees.
  Evaluating internal representation of mux trees.
  Analyzing evaluation results.
Removed 0 multiplexer ports.
<suppressed ~61 debug messages>

9.21.11. Executing OPT_REDUCE pass (consolidate $*mux and $reduce_* inputs).
  Optimizing cells in module \fixed_ingress_machine.
Performed a total of 0 changes.

9.21.12. Executing OPT_MERGE pass (detect identical cells).
Finding identical cells in module `\fixed_ingress_machine'.
Removed a total of 0 cells.

9.21.13. Executing OPT_RMDFF pass (remove dff with constant values).

9.21.14. Executing OPT_CLEAN pass (remove unused cells and wires).
Finding unused cells or wires in module \fixed_ingress_machine..

9.21.15. Executing OPT_EXPR pass (perform const folding).
Optimizing module fixed_ingress_machine.

9.21.16. Finished OPT passes. (There is nothing left to do.)

9.22. Executing TECHMAP pass (map to technology primitives).

9.22.1. Executing Verilog-2005 frontend: <techmap.v>
Parsing Verilog input from `<techmap.v>' to AST representation.
Generating RTLIL representation for module `\_90_simplemap_bool_ops'.
Generating RTLIL representation for module `\_90_simplemap_reduce_ops'.
Generating RTLIL representation for module `\_90_simplemap_logic_ops'.
Generating RTLIL representation for module `\_90_simplemap_compare_ops'.
Generating RTLIL representation for module `\_90_simplemap_various'.
Generating RTLIL representation for module `\_90_simplemap_registers'.
Generating RTLIL representation for module `\_90_shift_ops_shr_shl_sshl_sshr'.
Generating RTLIL representation for module `\_90_shift_shiftx'.
Generating RTLIL representation for module `\_90_fa'.
Generating RTLIL representation for module `\_90_lcu'.
Generating RTLIL representation for module `\_90_alu'.
Generating RTLIL representation for module `\_90_macc'.
Generating RTLIL representation for module `\_90_alumacc'.
Generating RTLIL representation for module `\$__div_mod_u'.
Generating RTLIL representation for module `\$__div_mod'.
Generating RTLIL representation for module `\_90_div'.
Generating RTLIL representation for module `\_90_mod'.
Generating RTLIL representation for module `\_90_pow'.
Generating RTLIL representation for module `\_90_pmux'.
Generating RTLIL representation for module `\_90_lut'.
Successfully finished Verilog frontend.

9.22.2. Continuing TECHMAP pass.
Using extmapper simplemap for cells of type $eq.
Using template $paramod\_90_pmux\WIDTH=11\S_WIDTH=5 for cells of type $pmux.
Using template $paramod\_90_pmux\WIDTH=3\S_WIDTH=4 for cells of type $pmux.
Using extmapper simplemap for cells of type $mux.
Using extmapper simplemap for cells of type $dff.
Using extmapper simplemap for cells of type $logic_and.
Using extmapper simplemap for cells of type $and.
Using template $paramod\_90_alu\A_SIGNED=0\B_SIGNED=0\A_WIDTH=2\B_WIDTH=3\Y_WIDTH=3 for cells of type $alu.
Using extmapper simplemap for cells of type $reduce_and.
Using extmapper simplemap for cells of type $not.
Using template $paramod\_90_alu\A_SIGNED=0\B_SIGNED=0\A_WIDTH=2\B_WIDTH=2\Y_WIDTH=2 for cells of type $alu.
Using extmapper simplemap for cells of type $or.
Using extmapper maccmap for cells of type $macc.
  add 2'11 * \baseline.proposal [8:7] (2x2 bits, unsigned)
  add 5'01000 (5 bits, unsigned)
  add \baseline.proposal [6:4] * 2'11 (3x2 bits, unsigned)
Using template $paramod\_90_alu\A_SIGNED=0\B_SIGNED=0\A_WIDTH=1\B_WIDTH=2\Y_WIDTH=3 for cells of type $alu.
Using template $paramod\_90_alu\A_SIGNED=0\B_SIGNED=0\A_WIDTH=3\B_WIDTH=3\Y_WIDTH=3 for cells of type $alu.
Using template $paramod\_90_alu\A_SIGNED=0\B_SIGNED=0\A_WIDTH=4\B_WIDTH=32\Y_WIDTH=32 for cells of type $alu.
Using template $paramod\_90_alu\A_SIGNED=0\B_SIGNED=0\A_WIDTH=1\B_WIDTH=2\Y_WIDTH=2 for cells of type $alu.
Using template $paramod\_90_alu\A_SIGNED=0\B_SIGNED=0\A_WIDTH=2\B_WIDTH=3\Y_WIDTH=4 for cells of type $alu.
Using extmapper simplemap for cells of type $reduce_or.
Using template $paramod\_90_pmux\WIDTH=1\S_WIDTH=10 for cells of type $pmux.
Using template $paramod\_90_pmux\WIDTH=3\S_WIDTH=3 for cells of type $pmux.
Using template $paramod\_90_pmux\WIDTH=1\S_WIDTH=5 for cells of type $pmux.
Using template $paramod\_90_pmux\WIDTH=1\S_WIDTH=3 for cells of type $pmux.
Using extmapper simplemap for cells of type $logic_not.
Using template $paramod\_90_pmux\WIDTH=1\S_WIDTH=2 for cells of type $pmux.
Using template $paramod$constmap:802be82b69ebb2f3a6f6e26dde81c660bab67b60$paramod$66fef645a5762d9c1c598bb868493adfe9f5b9bc\_90_shift_shiftx for cells of type $shiftx.
Using template $paramod\_90_pmux\WIDTH=4\S_WIDTH=2 for cells of type $pmux.
Using template $paramod\_90_pmux\WIDTH=7\S_WIDTH=4 for cells of type $pmux.
Using template $paramod\_90_pmux\WIDTH=9\S_WIDTH=3 for cells of type $pmux.
Using template $paramod$constmap:172fcd64e62af134fdfec0561b7a67c814cb35e9$paramod$4d8c31a57f918e2cd1d0bc24d8284efd6d83f4a8\_90_shift_ops_shr_shl_sshl_sshr for cells of type $shl.
  add 2'11 * \baseline.proposal [13:12] (2x2 bits, unsigned)
Using template $paramod\_90_pmux\WIDTH=5\S_WIDTH=4 for cells of type $pmux.
Using extmapper simplemap for cells of type $logic_or.
Using extmapper simplemap for cells of type $reduce_bool.
Using extmapper simplemap for cells of type $ne.
Using template $paramod$constmap:bd86bf61c3a42fabc98a6a22628717fad6e793ad$paramod$800f1cdc7ab6b63b412b9bc97ff1bc92ec1173c9\_90_shift_shiftx for cells of type $shiftx.
Using template $paramod$constmap:fe48de2c4ae8a3126e5cd9b5f25abc5b66f02632$paramod$3ae3550b0b325b30e2c5c19aa7d60179d8989fdc\_90_shift_shiftx for cells of type $shiftx.
Analyzing pattern of constant bits for this cell:
  Constant input on bit 4 of port B: 1'0
  Constant input on bit 5 of port B: 1'0
  Constant input on bit 6 of port B: 1'0
  Constant input on bit 7 of port B: 1'0
  Constant input on bit 8 of port B: 1'0
  Constant input on bit 9 of port B: 1'0
  Constant input on bit 10 of port B: 1'0
  Constant input on bit 11 of port B: 1'0
  Constant input on bit 12 of port B: 1'0
  Constant input on bit 13 of port B: 1'0
  Constant input on bit 14 of port B: 1'0
  Constant input on bit 15 of port B: 1'0
  Constant input on bit 16 of port B: 1'0
  Constant input on bit 17 of port B: 1'0
  Constant input on bit 18 of port B: 1'0
  Constant input on bit 19 of port B: 1'0
  Constant input on bit 20 of port B: 1'0
  Constant input on bit 21 of port B: 1'0
  Constant input on bit 22 of port B: 1'0
  Constant input on bit 23 of port B: 1'0
  Constant input on bit 24 of port B: 1'0
  Constant input on bit 25 of port B: 1'0
  Constant input on bit 26 of port B: 1'0
  Constant input on bit 27 of port B: 1'0
  Constant input on bit 28 of port B: 1'0
  Constant input on bit 29 of port B: 1'0
  Constant input on bit 30 of port B: 1'0
  Constant input on bit 31 of port B: 1'0
Creating constmapped module `$paramod$constmap:631af0a70fd657aa05b99bbe94c3907861d808a0$paramod$800f1cdc7ab6b63b412b9bc97ff1bc92ec1173c9\_90_shift_shiftx'.

9.22.59. Executing OPT_MUXTREE pass (detect dead branches in mux trees).
Running muxtree optimizer on module $paramod$constmap:631af0a70fd657aa05b99bbe94c3907861d808a0$paramod$800f1cdc7ab6b63b412b9bc97ff1bc92ec1173c9\_90_shift_shiftx..
  Creating internal representation of mux trees.
  Evaluating internal representation of mux trees.
  Analyzing evaluation results.
    dead port 1/2 on $mux $procmux$11264.
    dead port 1/2 on $mux $procmux$11261.
    dead port 2/2 on $mux $procmux$11261.
    dead port 1/2 on $mux $procmux$11258.
    dead port 1/2 on $mux $procmux$11255.
    dead port 2/2 on $mux $procmux$11255.
    dead port 1/2 on $mux $procmux$11252.
    dead port 2/2 on $mux $procmux$11252.
    dead port 1/2 on $mux $procmux$11249.
    dead port 1/2 on $mux $procmux$11246.
    dead port 2/2 on $mux $procmux$11246.
    dead port 1/2 on $mux $procmux$11243.
    dead port 2/2 on $mux $procmux$11243.
    dead port 2/2 on $mux $procmux$11237.
    dead port 2/2 on $mux $procmux$11234.
    dead port 2/2 on $mux $procmux$11228.
    dead port 2/2 on $mux $procmux$11225.
    dead port 2/2 on $mux $procmux$11219.
    dead port 2/2 on $mux $procmux$11216.
    dead port 2/2 on $mux $procmux$11210.
    dead port 2/2 on $mux $procmux$11207.
Removed 21 multiplexer ports.
<suppressed ~1317 debug messages>

9.22.60. Executing OPT_EXPR pass (perform const folding).
Optimizing module $paramod$constmap:631af0a70fd657aa05b99bbe94c3907861d808a0$paramod$800f1cdc7ab6b63b412b9bc97ff1bc92ec1173c9\_90_shift_shiftx.
<suppressed ~51 debug messages>
Removed 0 unused cells and 70 unused wires.
Using template $paramod$constmap:631af0a70fd657aa05b99bbe94c3907861d808a0$paramod$800f1cdc7ab6b63b412b9bc97ff1bc92ec1173c9\_90_shift_shiftx for cells of type $shiftx.
Using template $paramod\_90_alu\A_SIGNED=0\B_SIGNED=0\A_WIDTH=4\B_WIDTH=4\Y_WIDTH=4 for cells of type $alu.
Using extmapper simplemap for cells of type $pos.
Using template $paramod\_90_lcu\WIDTH=4 for cells of type $lcu.
Using extmapper simplemap for cells of type $xor.
Using template $paramod\_90_lcu\WIDTH=3 for cells of type $lcu.
Using template $paramod\_90_lcu\WIDTH=32 for cells of type $lcu.
Using template $paramod\_90_lcu\WIDTH=2 for cells of type $lcu.
Using template $paramod\_90_alu\A_SIGNED=0\B_SIGNED=0\A_WIDTH=5\B_WIDTH=5\Y_WIDTH=5 for cells of type $alu.
Using template $paramod\_90_fa\WIDTH=5 for cells of type $fa.
Using template $paramod\_90_lcu\WIDTH=5 for cells of type $lcu.
No more expansions possible.
<suppressed ~1627 debug messages>

9.23. Executing OPT pass (performing simple optimizations).

9.23.1. Executing OPT_EXPR pass (perform const folding).
Optimizing module fixed_ingress_machine.
<suppressed ~4342 debug messages>

9.23.2. Executing OPT_MERGE pass (detect identical cells).
Finding identical cells in module `\fixed_ingress_machine'.
<suppressed ~1044 debug messages>
Removed a total of 348 cells.

9.23.3. Executing OPT_RMDFF pass (remove dff with constant values).

9.23.4. Executing OPT_CLEAN pass (remove unused cells and wires).
Finding unused cells or wires in module \fixed_ingress_machine..
Removed 372 unused cells and 1828 unused wires.
<suppressed ~373 debug messages>

9.23.5. Finished fast OPT passes.

9.24. Executing HIERARCHY pass (managing design hierarchy).

9.24.1. Analyzing design hierarchy..
Top module:  \fixed_ingress_machine

9.24.2. Analyzing design hierarchy..
Top module:  \fixed_ingress_machine
Removed 0 unused modules.

9.25. Printing statistics.

=== fixed_ingress_machine ===

   Number of wires:               1084
   Number of wire bits:           4846
   Number of public wires:          39
   Number of public wire bits:     362
   Number of memories:               0
   Number of memory bits:            0
   Number of processes:              0
   Number of cells:               1768
     $_AND_                        412
     $_DFF_P_                       24
     $_MUX_                        556
     $_NOT_                        130
     $_OR_                         593
     $_XOR_                         53

9.26. Executing CHECK pass (checking for obvious problems).
checking module fixed_ingress_machine..
found and reported 0 problems.

10. Executing ABC pass (technology mapping using ABC).

10.1. Extracting gate netlist of module `\fixed_ingress_machine' to `<abc-temp-dir>/input.blif'..
Extracted 1744 gates and 1830 wires to a netlist network with 83 inputs and 24 outputs.

10.1.1. Executing ABC.
Running ABC command: <yosys-exe-dir>/berkeley-abc -s -f <abc-temp-dir>/abc.script 2>&1
ABC: ABC command line: "source <abc-temp-dir>/abc.script".
ABC: 
ABC: + read_blif <abc-temp-dir>/input.blif 
ABC: + read_library <abc-temp-dir>/stdcells.genlib 
ABC: Entered genlib library with 8 gates from file "<abc-temp-dir>/stdcells.genlib".
ABC: + strash 
ABC: + ifraig 
ABC: + scorr 
ABC: Warning: The network is combinational (run "fraig" or "fraig_sweep").
ABC: + dc2 
ABC: + dretime 
ABC: + retime 
ABC: + strash 
ABC: + &get -n 
ABC: + &dch -f 
ABC: + &nf 
ABC: + &put 
ABC: + write_blif <abc-temp-dir>/output.blif 

10.1.2. Re-integrating ABC results.
ABC RESULTS:               AND cells:      448
ABC RESULTS:               MUX cells:       58
ABC RESULTS:               NOT cells:      130
ABC RESULTS:                OR cells:      383
ABC RESULTS:               XOR cells:        7
ABC RESULTS:        internal signals:     1723
ABC RESULTS:           input signals:       83
ABC RESULTS:          output signals:       24
Removing temp directory.
Removed 0 unused cells and 1152 unused wires.
Renaming module \fixed_ingress_machine to \gate.

11. Executing EQUIV_MAKE pass (creating equiv checking module).
Presumably equivalent wires: baseline.clk_gold (\clk_gold), baseline.clk_gate (\clk_gate) -> baseline.clk
Presumably equivalent wires: baseline.committed_gold (\baseline.committed_gold), baseline.committed_gate (\baseline.committed_gate) -> baseline.committed
Presumably equivalent wires: baseline.reset_gold (\reset_gold), baseline.reset_gate (\reset_gate) -> baseline.reset
Presumably equivalent wires: baseline.resolved_gold (\baseline.resolved_gold), baseline.resolved_gate (\baseline.resolved_gate) -> baseline.resolved
Presumably equivalent wires: baseline.state_gold (\baseline.state_gold), baseline.state_gate (\baseline.state_gate) -> baseline.state
Presumably equivalent wires: baseline.transition.state_in_gold (\baseline.state_gold), baseline.transition.state_in_gate (\baseline.state_gate) -> baseline.transition.state_in
Presumably equivalent wires: clk_gold (\clk_gold), clk_gate (\clk_gate) -> clk
Presumably equivalent wires: committed_gold (\baseline.committed_gold), committed_gate (\baseline.committed_gate) -> committed
Presumably equivalent wires: ingress.lane_valid_gold (\lane_valid_gold), ingress.lane_valid_gate (\lane_valid_gate) -> ingress.lane_valid
Presumably equivalent wires: ingress.payloads_gold (\payloads_gold), ingress.payloads_gate (\payloads_gate) -> ingress.payloads
Presumably equivalent wires: lane_valid_gold (\lane_valid_gold), lane_valid_gate (\lane_valid_gate) -> lane_valid
Presumably equivalent wires: payloads_gold (\payloads_gold), payloads_gate (\payloads_gate) -> payloads
Presumably equivalent wires: reset_gold (\reset_gold), reset_gate (\reset_gate) -> reset
Presumably equivalent wires: resolved_gold (\baseline.resolved_gold), resolved_gate (\baseline.resolved_gate) -> resolved
Presumably equivalent wires: state_gold (\baseline.state_gold), state_gate (\baseline.state_gate) -> state

12. Executing HIERARCHY pass (managing design hierarchy).

12.1. Analyzing design hierarchy..
Top module:  \equiv

12.2. Analyzing design hierarchy..
Top module:  \equiv
Removing unused module `\gate'.
Removing unused module `\gold'.
Removed 2 unused modules.

13. Executing EQUIV_SIMPLE pass.
Found 132 unproven $equiv cells (11 groups) in equiv:
  Trying to prove $equiv for \resolved: failed.
  Trying to prove $equiv for \committed: failed.
 Grouping SAT models for \state:
  Trying to prove $equiv for \state [0]: failed.
  Trying to prove $equiv for \state [1]: failed.
  Trying to prove $equiv for \state [2]: failed.
  Trying to prove $equiv for \state [3]: failed.
  Trying to prove $equiv for \state [4]: failed.
  Trying to prove $equiv for \state [5]: failed.
  Trying to prove $equiv for \state [6]: failed.
  Trying to prove $equiv for \state [7]: failed.
  Trying to prove $equiv for \state [8]: failed.
  Trying to prove $equiv for \state [9]: failed.
  Trying to prove $equiv for \state [10]: failed.
  Trying to prove $equiv for \state [11]: failed.
  Trying to prove $equiv for \state [12]: failed.
  Trying to prove $equiv for \state [13]: failed.
  Trying to prove $equiv for \state [14]: failed.
  Trying to prove $equiv for \state [15]: failed.
  Trying to prove $equiv for \state [16]: failed.
  Trying to prove $equiv for \state [17]: failed.
  Trying to prove $equiv for \state [18]: failed.
  Trying to prove $equiv for \state [19]: failed.
  Trying to prove $equiv for \state [20]: failed.
  Trying to prove $equiv for \state [21]: failed.
 Grouping SAT models for \ingress.payloads:
  Trying to prove $equiv for \ingress.payloads [0]: success!
  Trying to prove $equiv for \ingress.payloads [1]: success!
  Trying to prove $equiv for \ingress.payloads [2]: success!
  Trying to prove $equiv for \ingress.payloads [3]: success!
  Trying to prove $equiv for \ingress.payloads [4]: success!
  Trying to prove $equiv for \ingress.payloads [5]: success!
  Trying to prove $equiv for \ingress.payloads [6]: success!
  Trying to prove $equiv for \ingress.payloads [7]: success!
  Trying to prove $equiv for \ingress.payloads [8]: success!
  Trying to prove $equiv for \ingress.payloads [9]: success!
  Trying to prove $equiv for \ingress.payloads [10]: success!
  Trying to prove $equiv for \ingress.payloads [11]: success!
  Trying to prove $equiv for \ingress.payloads [12]: success!
  Trying to prove $equiv for \ingress.payloads [13]: success!
  Trying to prove $equiv for \ingress.payloads [14]: success!
  Trying to prove $equiv for \ingress.payloads [15]: success!
  Trying to prove $equiv for \ingress.payloads [16]: success!
  Trying to prove $equiv for \ingress.payloads [17]: success!
  Trying to prove $equiv for \ingress.payloads [18]: success!
  Trying to prove $equiv for \ingress.payloads [19]: success!
  Trying to prove $equiv for \ingress.payloads [20]: success!
  Trying to prove $equiv for \ingress.payloads [21]: success!
  Trying to prove $equiv for \ingress.payloads [22]: success!
  Trying to prove $equiv for \ingress.payloads [23]: success!
  Trying to prove $equiv for \ingress.payloads [24]: success!
  Trying to prove $equiv for \ingress.payloads [25]: success!
  Trying to prove $equiv for \ingress.payloads [26]: success!
  Trying to prove $equiv for \ingress.payloads [27]: success!
  Trying to prove $equiv for \ingress.payloads [28]: success!
  Trying to prove $equiv for \ingress.payloads [29]: success!
  Trying to prove $equiv for \ingress.payloads [30]: success!
  Trying to prove $equiv for \ingress.payloads [31]: success!
  Trying to prove $equiv for \ingress.payloads [32]: success!
  Trying to prove $equiv for \ingress.payloads [33]: success!
  Trying to prove $equiv for \ingress.payloads [34]: success!
  Trying to prove $equiv for \ingress.payloads [35]: success!
  Trying to prove $equiv for \ingress.payloads [36]: success!
  Trying to prove $equiv for \ingress.payloads [37]: success!
  Trying to prove $equiv for \ingress.payloads [38]: success!
  Trying to prove $equiv for \ingress.payloads [39]: success!
  Trying to prove $equiv for \ingress.payloads [40]: success!
  Trying to prove $equiv for \ingress.payloads [41]: success!
  Trying to prove $equiv for \ingress.payloads [42]: success!
  Trying to prove $equiv for \ingress.payloads [43]: success!
  Trying to prove $equiv for \ingress.payloads [44]: success!
  Trying to prove $equiv for \ingress.payloads [45]: success!
  Trying to prove $equiv for \ingress.payloads [46]: success!
  Trying to prove $equiv for \ingress.payloads [47]: success!
  Trying to prove $equiv for \ingress.payloads [48]: success!
  Trying to prove $equiv for \ingress.payloads [49]: success!
  Trying to prove $equiv for \ingress.payloads [50]: success!
  Trying to prove $equiv for \ingress.payloads [51]: success!
  Trying to prove $equiv for \ingress.payloads [52]: success!
  Trying to prove $equiv for \ingress.payloads [53]: success!
  Trying to prove $equiv for \ingress.payloads [54]: success!
  Trying to prove $equiv for \baseline.resolved: failed.
 Grouping SAT models for \ingress.lane_valid:
  Trying to prove $equiv for \ingress.lane_valid [0]: success!
  Trying to prove $equiv for \ingress.lane_valid [1]: success!
  Trying to prove $equiv for \ingress.lane_valid [2]: success!
  Trying to prove $equiv for \ingress.lane_valid [3]: success!
  Trying to prove $equiv for \ingress.lane_valid [4]: success!
  Trying to prove $equiv for \baseline.committed: failed.
 Grouping SAT models for \baseline.state:
  Trying to prove $equiv for \baseline.state [0]: failed.
  Trying to prove $equiv for \baseline.state [1]: failed.
  Trying to prove $equiv for \baseline.state [2]: failed.
  Trying to prove $equiv for \baseline.state [3]: failed.
  Trying to prove $equiv for \baseline.state [4]: failed.
  Trying to prove $equiv for \baseline.state [5]: failed.
  Trying to prove $equiv for \baseline.state [6]: failed.
  Trying to prove $equiv for \baseline.state [7]: failed.
  Trying to prove $equiv for \baseline.state [8]: failed.
  Trying to prove $equiv for \baseline.state [9]: failed.
  Trying to prove $equiv for \baseline.state [10]: failed.
  Trying to prove $equiv for \baseline.state [11]: failed.
  Trying to prove $equiv for \baseline.state [12]: failed.
  Trying to prove $equiv for \baseline.state [13]: failed.
  Trying to prove $equiv for \baseline.state [14]: failed.
  Trying to prove $equiv for \baseline.state [15]: failed.
  Trying to prove $equiv for \baseline.state [16]: failed.
  Trying to prove $equiv for \baseline.state [17]: failed.
  Trying to prove $equiv for \baseline.state [18]: failed.
  Trying to prove $equiv for \baseline.state [19]: failed.
  Trying to prove $equiv for \baseline.state [20]: failed.
  Trying to prove $equiv for \baseline.state [21]: failed.
  Trying to prove $equiv for \baseline.reset: success!
  Trying to prove $equiv for \baseline.clk: success!
 Grouping SAT models for \baseline.transition.state_in:
  Trying to prove $equiv for \baseline.transition.state_in [0]: failed.
  Trying to prove $equiv for \baseline.transition.state_in [1]: failed.
  Trying to prove $equiv for \baseline.transition.state_in [2]: failed.
  Trying to prove $equiv for \baseline.transition.state_in [3]: failed.
  Trying to prove $equiv for \baseline.transition.state_in [4]: failed.
  Trying to prove $equiv for \baseline.transition.state_in [5]: failed.
  Trying to prove $equiv for \baseline.transition.state_in [6]: failed.
  Trying to prove $equiv for \baseline.transition.state_in [7]: failed.
  Trying to prove $equiv for \baseline.transition.state_in [8]: failed.
  Trying to prove $equiv for \baseline.transition.state_in [9]: failed.
  Trying to prove $equiv for \baseline.transition.state_in [10]: failed.
  Trying to prove $equiv for \baseline.transition.state_in [11]: failed.
  Trying to prove $equiv for \baseline.transition.state_in [12]: failed.
  Trying to prove $equiv for \baseline.transition.state_in [13]: failed.
  Trying to prove $equiv for \baseline.transition.state_in [14]: failed.
  Trying to prove $equiv for \baseline.transition.state_in [15]: failed.
  Trying to prove $equiv for \baseline.transition.state_in [16]: failed.
  Trying to prove $equiv for \baseline.transition.state_in [17]: failed.
  Trying to prove $equiv for \baseline.transition.state_in [18]: failed.
  Trying to prove $equiv for \baseline.transition.state_in [19]: failed.
  Trying to prove $equiv for \baseline.transition.state_in [20]: failed.
  Trying to prove $equiv for \baseline.transition.state_in [21]: failed.
Proved 62 previously unproven $equiv cells.

14. Executing EQUIV_STATUS pass.
Found 132 $equiv cells in equiv:
  Of those cells 62 are proven and 70 are unproven.
  Unproven $equiv $auto$equiv_make.cc:251:find_same_wires$17687: \state_gold [21] \state_gate [21]
  Unproven $equiv $auto$equiv_make.cc:251:find_same_wires$17686: \state_gold [20] \state_gate [20]
  Unproven $equiv $auto$equiv_make.cc:251:find_same_wires$17685: \state_gold [19] \state_gate [19]
  Unproven $equiv $auto$equiv_make.cc:251:find_same_wires$17684: \state_gold [18] \state_gate [18]
  Unproven $equiv $auto$equiv_make.cc:251:find_same_wires$17683: \state_gold [17] \state_gate [17]
  Unproven $equiv $auto$equiv_make.cc:251:find_same_wires$17682: \state_gold [16] \state_gate [16]
  Unproven $equiv $auto$equiv_make.cc:251:find_same_wires$17681: \state_gold [15] \state_gate [15]
  Unproven $equiv $auto$equiv_make.cc:251:find_same_wires$17680: \state_gold [14] \state_gate [14]
  Unproven $equiv $auto$equiv_make.cc:251:find_same_wires$17679: \state_gold [13] \state_gate [13]
  Unproven $equiv $auto$equiv_make.cc:251:find_same_wires$17678: \state_gold [12] \state_gate [12]
  Unproven $equiv $auto$equiv_make.cc:251:find_same_wires$17677: \state_gold [11] \state_gate [11]
  Unproven $equiv $auto$equiv_make.cc:251:find_same_wires$17676: \state_gold [10] \state_gate [10]
  Unproven $equiv $auto$equiv_make.cc:251:find_same_wires$17675: \state_gold [9] \state_gate [9]
  Unproven $equiv $auto$equiv_make.cc:251:find_same_wires$17674: \state_gold [8] \state_gate [8]
  Unproven $equiv $auto$equiv_make.cc:251:find_same_wires$17673: \state_gold [7] \state_gate [7]
  Unproven $equiv $auto$equiv_make.cc:251:find_same_wires$17672: \state_gold [6] \state_gate [6]
  Unproven $equiv $auto$equiv_make.cc:251:find_same_wires$17671: \state_gold [5] \state_gate [5]
  Unproven $equiv $auto$equiv_make.cc:251:find_same_wires$17670: \state_gold [4] \state_gate [4]
  Unproven $equiv $auto$equiv_make.cc:251:find_same_wires$17669: \state_gold [3] \state_gate [3]
  Unproven $equiv $auto$equiv_make.cc:251:find_same_wires$17668: \state_gold [2] \state_gate [2]
  Unproven $equiv $auto$equiv_make.cc:251:find_same_wires$17667: \state_gold [1] \state_gate [1]
  Unproven $equiv $auto$equiv_make.cc:251:find_same_wires$17666: \state_gold [0] \state_gate [0]
  Unproven $equiv $auto$equiv_make.cc:251:find_same_wires$17665: \resolved_gold \resolved_gate
  Unproven $equiv $auto$equiv_make.cc:251:find_same_wires$17604: \committed_gold \committed_gate
  Unproven $equiv $auto$equiv_make.cc:280:find_same_wires$17603: \baseline.transition.state_in_gold [21] \baseline.transition.state_in_gate [21]
  Unproven $equiv $auto$equiv_make.cc:280:find_same_wires$17602: \baseline.transition.state_in_gold [20] \baseline.transition.state_in_gate [20]
  Unproven $equiv $auto$equiv_make.cc:280:find_same_wires$17601: \baseline.transition.state_in_gold [19] \baseline.transition.state_in_gate [19]
  Unproven $equiv $auto$equiv_make.cc:280:find_same_wires$17600: \baseline.transition.state_in_gold [18] \baseline.transition.state_in_gate [18]
  Unproven $equiv $auto$equiv_make.cc:280:find_same_wires$17599: \baseline.transition.state_in_gold [17] \baseline.transition.state_in_gate [17]
  Unproven $equiv $auto$equiv_make.cc:280:find_same_wires$17598: \baseline.transition.state_in_gold [16] \baseline.transition.state_in_gate [16]
  Unproven $equiv $auto$equiv_make.cc:280:find_same_wires$17597: \baseline.transition.state_in_gold [15] \baseline.transition.state_in_gate [15]
  Unproven $equiv $auto$equiv_make.cc:280:find_same_wires$17596: \baseline.transition.state_in_gold [14] \baseline.transition.state_in_gate [14]
  Unproven $equiv $auto$equiv_make.cc:280:find_same_wires$17595: \baseline.transition.state_in_gold [13] \baseline.transition.state_in_gate [13]
  Unproven $equiv $auto$equiv_make.cc:280:find_same_wires$17594: \baseline.transition.state_in_gold [12] \baseline.transition.state_in_gate [12]
  Unproven $equiv $auto$equiv_make.cc:280:find_same_wires$17593: \baseline.transition.state_in_gold [11] \baseline.transition.state_in_gate [11]
  Unproven $equiv $auto$equiv_make.cc:280:find_same_wires$17592: \baseline.transition.state_in_gold [10] \baseline.transition.state_in_gate [10]
  Unproven $equiv $auto$equiv_make.cc:280:find_same_wires$17591: \baseline.transition.state_in_gold [9] \baseline.transition.state_in_gate [9]
  Unproven $equiv $auto$equiv_make.cc:280:find_same_wires$17590: \baseline.transition.state_in_gold [8] \baseline.transition.state_in_gate [8]
  Unproven $equiv $auto$equiv_make.cc:280:find_same_wires$17589: \baseline.transition.state_in_gold [7] \baseline.transition.state_in_gate [7]
  Unproven $equiv $auto$equiv_make.cc:280:find_same_wires$17588: \baseline.transition.state_in_gold [6] \baseline.transition.state_in_gate [6]
  Unproven $equiv $auto$equiv_make.cc:280:find_same_wires$17587: \baseline.transition.state_in_gold [5] \baseline.transition.state_in_gate [5]
  Unproven $equiv $auto$equiv_make.cc:280:find_same_wires$17586: \baseline.transition.state_in_gold [4] \baseline.transition.state_in_gate [4]
  Unproven $equiv $auto$equiv_make.cc:280:find_same_wires$17585: \baseline.transition.state_in_gold [3] \baseline.transition.state_in_gate [3]
  Unproven $equiv $auto$equiv_make.cc:280:find_same_wires$17584: \baseline.transition.state_in_gold [2] \baseline.transition.state_in_gate [2]
  Unproven $equiv $auto$equiv_make.cc:280:find_same_wires$17583: \baseline.transition.state_in_gold [1] \baseline.transition.state_in_gate [1]
  Unproven $equiv $auto$equiv_make.cc:280:find_same_wires$17582: \baseline.transition.state_in_gold [0] \baseline.transition.state_in_gate [0]
  Unproven $equiv $auto$equiv_make.cc:280:find_same_wires$17581: \baseline.state_gold [21] \baseline.state_gate [21]
  Unproven $equiv $auto$equiv_make.cc:280:find_same_wires$17580: \baseline.state_gold [20] \baseline.state_gate [20]
  Unproven $equiv $auto$equiv_make.cc:280:find_same_wires$17579: \baseline.state_gold [19] \baseline.state_gate [19]
  Unproven $equiv $auto$equiv_make.cc:280:find_same_wires$17578: \baseline.state_gold [18] \baseline.state_gate [18]
  Unproven $equiv $auto$equiv_make.cc:280:find_same_wires$17577: \baseline.state_gold [17] \baseline.state_gate [17]
  Unproven $equiv $auto$equiv_make.cc:280:find_same_wires$17576: \baseline.state_gold [16] \baseline.state_gate [16]
  Unproven $equiv $auto$equiv_make.cc:280:find_same_wires$17575: \baseline.state_gold [15] \baseline.state_gate [15]
  Unproven $equiv $auto$equiv_make.cc:280:find_same_wires$17574: \baseline.state_gold [14] \baseline.state_gate [14]
  Unproven $equiv $auto$equiv_make.cc:280:find_same_wires$17573: \baseline.state_gold [13] \baseline.state_gate [13]
  Unproven $equiv $auto$equiv_make.cc:280:find_same_wires$17572: \baseline.state_gold [12] \baseline.state_gate [12]
  Unproven $equiv $auto$equiv_make.cc:280:find_same_wires$17571: \baseline.state_gold [11] \baseline.state_gate [11]
  Unproven $equiv $auto$equiv_make.cc:280:find_same_wires$17570: \baseline.state_gold [10] \baseline.state_gate [10]
  Unproven $equiv $auto$equiv_make.cc:280:find_same_wires$17569: \baseline.state_gold [9] \baseline.state_gate [9]
  Unproven $equiv $auto$equiv_make.cc:280:find_same_wires$17568: \baseline.state_gold [8] \baseline.state_gate [8]
  Unproven $equiv $auto$equiv_make.cc:280:find_same_wires$17567: \baseline.state_gold [7] \baseline.state_gate [7]
  Unproven $equiv $auto$equiv_make.cc:280:find_same_wires$17566: \baseline.state_gold [6] \baseline.state_gate [6]
  Unproven $equiv $auto$equiv_make.cc:280:find_same_wires$17565: \baseline.state_gold [5] \baseline.state_gate [5]
  Unproven $equiv $auto$equiv_make.cc:280:find_same_wires$17564: \baseline.state_gold [4] \baseline.state_gate [4]
  Unproven $equiv $auto$equiv_make.cc:280:find_same_wires$17563: \baseline.state_gold [3] \baseline.state_gate [3]
  Unproven $equiv $auto$equiv_make.cc:280:find_same_wires$17562: \baseline.state_gold [2] \baseline.state_gate [2]
  Unproven $equiv $auto$equiv_make.cc:280:find_same_wires$17561: \baseline.state_gold [1] \baseline.state_gate [1]
  Unproven $equiv $auto$equiv_make.cc:280:find_same_wires$17560: \baseline.state_gold [0] \baseline.state_gate [0]
  Unproven $equiv $auto$equiv_makERROR: Found 70 unproven $equiv cells in 'equiv_status -assert'.
