
-- Executing script file `/tmp/ases-kernel0-ingress-reduction/docs/research/kernel-0/ingress-reduction/evidence/exclusive-synthesis-equivalence.ys' --

1. Executing Verilog-2005 frontend: /tmp/ases-kernel0-ingress-reduction/docs/research/kernel-0/direct-rtl/kernel0.v
Parsing Verilog input from `/tmp/ases-kernel0-ingress-reduction/docs/research/kernel-0/direct-rtl/kernel0.v' to AST representation.
Generating RTLIL representation for module `\kernel0_step'.
Generating RTLIL representation for module `\kernel0_machine'.
Successfully finished Verilog frontend.

2. Executing Verilog-2005 frontend: /tmp/ases-kernel0-ingress-reduction/docs/research/kernel-0/ingress-reduction/fixed_ingress.v
Parsing Verilog input from `/tmp/ases-kernel0-ingress-reduction/docs/research/kernel-0/ingress-reduction/fixed_ingress.v' to AST representation.
Generating RTLIL representation for module `\fixed_ingress'.
Generating RTLIL representation for module `\fixed_ingress_machine'.
Successfully finished Verilog frontend.

3. Executing AST frontend in derive mode using pre-parsed AST for module `\fixed_ingress_machine'.
Parameter \COUPLED = 0
Parameter \EXCLUSIVE = 1
Generating RTLIL representation for module `$paramod\fixed_ingress_machine\COUPLED=0\EXCLUSIVE=1'.

4. Executing HIERARCHY pass (managing design hierarchy).

4.1. Analyzing design hierarchy..
Top module:  \fixed_ingress_machine
Used module:     \fixed_ingress
Used module:     \kernel0_machine
Used module:         \kernel0_step

4.2. Executing AST frontend in derive mode using pre-parsed AST for module `\kernel0_step'.
Parameter \COUPLED = 0
Parameter \EXCLUSIVE = 0
Generating RTLIL representation for module `$paramod\kernel0_step\COUPLED=0\EXCLUSIVE=0'.

4.3. Executing AST frontend in derive mode using pre-parsed AST for module `\kernel0_machine'.
Parameter \COUPLED = 0
Parameter \EXCLUSIVE = 1
Generating RTLIL representation for module `$paramod\kernel0_machine\COUPLED=0\EXCLUSIVE=1'.

4.4. Analyzing design hierarchy..
Top module:  \fixed_ingress_machine
Used module:     \fixed_ingress
Used module:     $paramod\kernel0_machine\COUPLED=0\EXCLUSIVE=1
Used module:         \kernel0_step

4.5. Executing AST frontend in derive mode using pre-parsed AST for module `\kernel0_step'.
Parameter \COUPLED = 0
Parameter \EXCLUSIVE = 1
Generating RTLIL representation for module `$paramod\kernel0_step\COUPLED=0\EXCLUSIVE=1'.

4.6. Analyzing design hierarchy..
Top module:  \fixed_ingress_machine
Used module:     \fixed_ingress
Used module:     $paramod\kernel0_machine\COUPLED=0\EXCLUSIVE=1
Used module:         $paramod\kernel0_step\COUPLED=0\EXCLUSIVE=1

4.7. Analyzing design hierarchy..
Top module:  \fixed_ingress_machine
Used module:     \fixed_ingress
Used module:     $paramod\kernel0_machine\COUPLED=0\EXCLUSIVE=1
Used module:         $paramod\kernel0_step\COUPLED=0\EXCLUSIVE=1
Removing unused module `$paramod\kernel0_step\COUPLED=0\EXCLUSIVE=0'.
Removing unused module `\kernel0_machine'.
Removing unused module `\kernel0_step'.
Removed 3 unused modules.

5. Executing PROC pass (convert processes to netlists).

5.1. Executing PROC_CLEAN pass (remove empty switches from decision trees).
Cleaned up 0 empty switches.

5.2. Executing PROC_RMDEAD pass (remove dead branches from decision trees).
Marked 1 switch rules as full_case in process $proc$/tmp/ases-kernel0-ingress-reduction/docs/research/kernel-0/ingress-reduction/fixed_ingress.v:13$354 in module fixed_ingress.
Marked 1 switch rules as full_case in process $proc$/tmp/ases-kernel0-ingress-reduction/docs/research/kernel-0/direct-rtl/kernel0.v:163$707 in module $paramod\kernel0_machine\COUPLED=0\EXCLUSIVE=1.
Marked 48 switch rules as full_case in process $proc$/tmp/ases-kernel0-ingress-reduction/docs/research/kernel-0/direct-rtl/kernel0.v:53$719 in module $paramod\kernel0_step\COUPLED=0\EXCLUSIVE=1.
Removed a total of 0 dead cases.

5.3. Executing PROC_INIT pass (extract init attributes).

5.4. Executing PROC_ARST pass (detect async resets in processes).

5.5. Executing PROC_MUX pass (convert decision trees to multiplexers).
Creating decoders for process `\fixed_ingress.$proc$/tmp/ases-kernel0-ingress-reduction/docs/research/kernel-0/ingress-reduction/fixed_ingress.v:13$354'.
     1/7: $1\actor[2:0]
     2/7: $1\payload[10:0]
     3/7: $1\valid[0:0]
     4/7: $0\proposal[14:0]
     5/7: $0\payload[10:0]
     6/7: $0\valid[0:0]
     7/7: $0\actor[2:0]
Creating decoders for process `$paramod\kernel0_machine\COUPLED=0\EXCLUSIVE=1.$proc$/tmp/ases-kernel0-ingress-reduction/docs/research/kernel-0/direct-rtl/kernel0.v:163$707'.
     1/3: $0\state[21:0]
     2/3: $0\committed[0:0]
     3/3: $0\resolved[0:0]
Creating decoders for process `$paramod\kernel0_step\COUPLED=0\EXCLUSIVE=1.$proc$/tmp/ases-kernel0-ingress-reduction/docs/research/kernel-0/direct-rtl/kernel0.v:53$719'.
     1/276: $9$func$\valid_state$/tmp/ases-kernel0-ingress-reduction/docs/research/kernel-0/direct-rtl/kernel0.v:143$714$\valid_state[0:0]$1057
     2/276: $8$func$\valid_state$/tmp/ases-kernel0-ingress-reduction/docs/research/kernel-0/direct-rtl/kernel0.v:143$714$\valid_state[0:0]$1048
     3/276: $7$func$\valid_state$/tmp/ases-kernel0-ingress-reduction/docs/research/kernel-0/direct-rtl/kernel0.v:143$714$\valid_state[0:0]$1044
     4/276: $6$func$\valid_state$/tmp/ases-kernel0-ingress-reduction/docs/research/kernel-0/direct-rtl/kernel0.v:143$714$\valid_state[0:0]$1040
     5/276: $5$func$\valid_state$/tmp/ases-kernel0-ingress-reduction/docs/research/kernel-0/direct-rtl/kernel0.v:143$714$\valid_state[0:0]$1036
     6/276: $4$func$\valid_state$/tmp/ases-kernel0-ingress-reduction/docs/research/kernel-0/direct-rtl/kernel0.v:143$714$\valid_state[0:0]$1032
     7/276: $3$func$\valid_state$/tmp/ases-kernel0-ingress-reduction/docs/research/kernel-0/direct-rtl/kernel0.v:143$714$\valid_state[0:0]$1023
     8/276: $2$func$\valid_state$/tmp/ases-kernel0-ingress-reduction/docs/research/kernel-0/direct-rtl/kernel0.v:143$714$\valid_state[0:0]$1011
     9/276: $1$func$\valid_state$/tmp/ases-kernel0-ingress-reduction/docs/research/kernel-0/direct-rtl/kernel0.v:143$714$\valid_state[0:0]$1006
    10/276: $1$func$\valid_state$/tmp/ases-kernel0-ingress-reduction/docs/research/kernel-0/direct-rtl/kernel0.v:143$714$\i[31:0]$1007
    11/276: $1$func$\valid_state$/tmp/ases-kernel0-ingress-reduction/docs/research/kernel-0/direct-rtl/kernel0.v:143$714$\parent_rights[2:0]$1004
    12/276: $6\proposed[21:0] [21:17]
    13/276: $24\proposed[21:0] [2]
    14/276: $24\proposed[21:0] [3]
    15/276: $12\admitted[0:0]
    16/276: $24\proposed[21:0] [0]
    17/276: $24\proposed[21:0] [1]
    18/276: $26\proposed[21:0] [18]
    19/276: $26\proposed[21:0] [16]
    20/276: $26\proposed[21:0] [14]
    21/276: $26\proposed[21:0] [12]
    22/276: $26\proposed[21:0] [10]
    23/276: $26\proposed[21:0] [8]
    24/276: $26\proposed[21:0] [6]
    25/276: $26\proposed[21:0] [4]
    26/276: $26\proposed[21:0] [2]
    27/276: $26\proposed[21:0] [0]
    28/276: $26\proposed[21:0] [20]
    29/276: $26\proposed[21:0] [15]
    30/276: $26\proposed[21:0] [11]
    31/276: $26\proposed[21:0] [7]
    32/276: $26\proposed[21:0] [3]
    33/276: $26\proposed[21:0] [19]
    34/276: $26\proposed[21:0] [13]
    35/276: $26\proposed[21:0] [5]
    36/276: $26\proposed[21:0] [17]
    37/276: $26\proposed[21:0] [1]
    38/276: $26\proposed[21:0] [9]
    39/276: $25\proposed[21:0] [21]
    40/276: $25\proposed[21:0] [18]
    41/276: $25\proposed[21:0] [16]
    42/276: $25\proposed[21:0] [14]
    43/276: $25\proposed[21:0] [12]
    44/276: $25\proposed[21:0] [10]
    45/276: $25\proposed[21:0] [8]
    46/276: $25\proposed[21:0] [6]
    47/276: $25\proposed[21:0] [4]
    48/276: $25\proposed[21:0] [2]
    49/276: $25\proposed[21:0] [0]
    50/276: $25\proposed[21:0] [20]
    51/276: $25\proposed[21:0] [15]
    52/276: $25\proposed[21:0] [11]
    53/276: $25\proposed[21:0] [7]
    54/276: $25\proposed[21:0] [3]
    55/276: $25\proposed[21:0] [19]
    56/276: $25\proposed[21:0] [13]
    57/276: $25\proposed[21:0] [5]
    58/276: $25\proposed[21:0] [17]
    59/276: $25\proposed[21:0] [1]
    60/276: $25\proposed[21:0] [9]
    61/276: $26\proposed[21:0] [21]
    62/276: $11\admitted[0:0]
    63/276: $10\admitted[0:0]
    64/276: $23\proposed[21:0]
    65/276: $5\needed[2:0]
    66/276: $6\proposed[21:0] [16:8]
    67/276: $21\proposed[7:7]
    68/276: $22\proposed[21:17] [2:0]
    69/276: $9\admitted[0:0]
    70/276: $6\proposed[21:0] [7]
    71/276: $6\proposed[21:0] [6:0]
    72/276: $24\proposed[21:0] [21:4]
    73/276: $22\proposed[21:17] [4:3]
    74/276: $20\proposed[21:0] [18]
    75/276: $20\proposed[21:0] [16]
    76/276: $20\proposed[21:0] [14]
    77/276: $20\proposed[21:0] [12]
    78/276: $20\proposed[21:0] [10]
    79/276: $20\proposed[21:0] [8]
    80/276: $20\proposed[21:0] [6]
    81/276: $20\proposed[21:0] [4]
    82/276: $20\proposed[21:0] [2]
    83/276: $20\proposed[21:0] [0]
    84/276: $20\proposed[21:0] [20]
    85/276: $20\proposed[21:0] [15]
    86/276: $20\proposed[21:0] [11]
    87/276: $20\proposed[21:0] [7]
    88/276: $20\proposed[21:0] [3]
    89/276: $20\proposed[21:0] [19]
    90/276: $20\proposed[21:0] [13]
    91/276: $20\proposed[21:0] [5]
    92/276: $20\proposed[21:0] [17]
    93/276: $20\proposed[21:0] [1]
    94/276: $20\proposed[21:0] [9]
    95/276: $19\proposed[21:0] [21]
    96/276: $19\proposed[21:0] [17]
    97/276: $19\proposed[21:0] [19]
    98/276: $19\proposed[21:0] [15]
    99/276: $19\proposed[21:0] [13]
   100/276: $19\proposed[21:0] [11]
   101/276: $19\proposed[21:0] [9]
   102/276: $19\proposed[21:0] [7]
   103/276: $19\proposed[21:0] [5]
   104/276: $19\proposed[21:0] [3]
   105/276: $19\proposed[21:0] [1]
   106/276: $19\proposed[21:0] [20]
   107/276: $19\proposed[21:0] [16]
   108/276: $19\proposed[21:0] [12]
   109/276: $19\proposed[21:0] [8]
   110/276: $19\proposed[21:0] [4]
   111/276: $19\proposed[21:0] [0]
   112/276: $19\proposed[21:0] [14]
   113/276: $19\proposed[21:0] [18]
   114/276: $19\proposed[21:0] [10]
   115/276: $19\proposed[21:0] [2]
   116/276: $19\proposed[21:0] [6]
   117/276: $18\proposed[21:17] [4:3]
   118/276: $18\proposed[21:17] [2:0]
   119/276: $17\proposed[21:0] [21]
   120/276: $17\proposed[21:0] [17]
   121/276: $17\proposed[21:0] [19]
   122/276: $17\proposed[21:0] [15]
   123/276: $17\proposed[21:0] [13]
   124/276: $17\proposed[21:0] [11]
   125/276: $17\proposed[21:0] [9]
   126/276: $17\proposed[21:0] [7]
   127/276: $17\proposed[21:0] [5]
   128/276: $17\proposed[21:0] [3]
   129/276: $17\proposed[21:0] [1]
   130/276: $17\proposed[21:0] [20]
   131/276: $17\proposed[21:0] [16]
   132/276: $17\proposed[21:0] [12]
   133/276: $17\proposed[21:0] [8]
   134/276: $17\proposed[21:0] [4]
   135/276: $17\proposed[21:0] [0]
   136/276: $17\proposed[21:0] [14]
   137/276: $17\proposed[21:0] [18]
   138/276: $17\proposed[21:0] [10]
   139/276: $17\proposed[21:0] [2]
   140/276: $17\proposed[21:0] [6]
   141/276: $8\admitted[0:0]
   142/276: $16\proposed[21:0]
   143/276: $11\proposed[21:0] [21:17]
   144/276: $14\proposed[21:17] [2:0]
   145/276: $15\proposed[21:20]
   146/276: $13\proposed[21:20]
   147/276: $12\proposed[21:0] [21]
   148/276: $12\proposed[21:0] [17]
   149/276: $12\proposed[21:0] [19]
   150/276: $12\proposed[21:0] [15]
   151/276: $12\proposed[21:0] [13]
   152/276: $12\proposed[21:0] [11]
   153/276: $12\proposed[21:0] [9]
   154/276: $12\proposed[21:0] [7]
   155/276: $12\proposed[21:0] [5]
   156/276: $12\proposed[21:0] [3]
   157/276: $12\proposed[21:0] [1]
   158/276: $12\proposed[21:0] [20]
   159/276: $12\proposed[21:0] [16]
   160/276: $12\proposed[21:0] [12]
   161/276: $12\proposed[21:0] [8]
   162/276: $12\proposed[21:0] [4]
   163/276: $12\proposed[21:0] [0]
   164/276: $12\proposed[21:0] [14]
   165/276: $12\proposed[21:0] [18]
   166/276: $12\proposed[21:0] [10]
   167/276: $12\proposed[21:0] [2]
   168/276: $12\proposed[21:0] [6]
   169/276: $7\admitted[0:0]
   170/276: $11\proposed[21:0] [16:0]
   171/276: $14\proposed[21:17] [4:3]
   172/276: $7\proposed[21:0] [21:20]
   173/276: $9\proposed[21:0] [21]
   174/276: $9\proposed[21:0] [18]
   175/276: $9\proposed[21:0] [16]
   176/276: $9\proposed[21:0] [14]
   177/276: $9\proposed[21:0] [12]
   178/276: $9\proposed[21:0] [10]
   179/276: $9\proposed[21:0] [8]
   180/276: $9\proposed[21:0] [6]
   181/276: $9\proposed[21:0] [4]
   182/276: $9\proposed[21:0] [2]
   183/276: $9\proposed[21:0] [0]
   184/276: $9\proposed[21:0] [20]
   185/276: $9\proposed[21:0] [15]
   186/276: $9\proposed[21:0] [11]
   187/276: $9\proposed[21:0] [7]
   188/276: $9\proposed[21:0] [3]
   189/276: $9\proposed[21:0] [19]
   190/276: $9\proposed[21:0] [13]
   191/276: $9\proposed[21:0] [5]
   192/276: $9\proposed[21:0] [17]
   193/276: $9\proposed[21:0] [1]
   194/276: $9\proposed[21:0] [9]
   195/276: $8\proposed[21:0] [21]
   196/276: $8\proposed[21:0] [17]
   197/276: $8\proposed[21:0] [19]
   198/276: $8\proposed[21:0] [15]
   199/276: $8\proposed[21:0] [13]
   200/276: $8\proposed[21:0] [11]
   201/276: $8\proposed[21:0] [9]
   202/276: $8\proposed[21:0] [7]
   203/276: $8\proposed[21:0] [5]
   204/276: $8\proposed[21:0] [3]
   205/276: $8\proposed[21:0] [1]
   206/276: $8\proposed[21:0] [20]
   207/276: $8\proposed[21:0] [16]
   208/276: $8\proposed[21:0] [12]
   209/276: $8\proposed[21:0] [8]
   210/276: $8\proposed[21:0] [4]
   211/276: $8\proposed[21:0] [0]
   212/276: $8\proposed[21:0] [14]
   213/276: $8\proposed[21:0] [18]
   214/276: $8\proposed[21:0] [10]
   215/276: $8\proposed[21:0] [2]
   216/276: $8\proposed[21:0] [6]
   217/276: $6\admitted[0:0]
   218/276: $7\proposed[21:0] [19:0]
   219/276: $10\proposed[21:20]
   220/276: $5\admitted[0:0]
   221/276: $20\proposed[21:0] [21]
   222/276: $4\needed[2:0]
   223/276: $3\needed[2:0]
   224/276: $4\admitted[0:0]
   225/276: $5\proposed[21:0]
   226/276: $2\proposed[21:0] [21:4]
   227/276: $2\proposed[21:0] [2:1]
   228/276: $4\proposed[3:3]
   229/276: $3\proposed[0:0]
   230/276: $2\admitted[0:0]
   231/276: $2\proposed[21:0] [3]
   232/276: $3\admitted[0:0]
   233/276: $2\needed[2:0]
   234/276: $2\proposed[21:0] [0]
   235/276: $1\needed[2:0]
   236/276: $1\admitted[0:0]
   237/276: $1\proposed[21:0]
   238/276: $9$func$\valid_state$/tmp/ases-kernel0-ingress-reduction/docs/research/kernel-0/direct-rtl/kernel0.v:76$709$\valid_state[0:0]$866
   239/276: $8$func$\valid_state$/tmp/ases-kernel0-ingress-reduction/docs/research/kernel-0/direct-rtl/kernel0.v:76$709$\valid_state[0:0]$857
   240/276: $7$func$\valid_state$/tmp/ases-kernel0-ingress-reduction/docs/research/kernel-0/direct-rtl/kernel0.v:76$709$\valid_state[0:0]$853
   241/276: $6$func$\valid_state$/tmp/ases-kernel0-ingress-reduction/docs/research/kernel-0/direct-rtl/kernel0.v:76$709$\valid_state[0:0]$849
   242/276: $5$func$\valid_state$/tmp/ases-kernel0-ingress-reduction/docs/research/kernel-0/direct-rtl/kernel0.v:76$709$\valid_state[0:0]$845
   243/276: $4$func$\valid_state$/tmp/ases-kernel0-ingress-reduction/docs/research/kernel-0/direct-rtl/kernel0.v:76$709$\valid_state[0:0]$841
   244/276: $3$func$\valid_state$/tmp/ases-kernel0-ingress-reduction/docs/research/kernel-0/direct-rtl/kernel0.v:76$709$\valid_state[0:0]$832
   245/276: $2$func$\valid_state$/tmp/ases-kernel0-ingress-reduction/docs/research/kernel-0/direct-rtl/kernel0.v:76$709$\valid_state[0:0]$820
   246/276: $1$func$\valid_state$/tmp/ases-kernel0-ingress-reduction/docs/research/kernel-0/direct-rtl/kernel0.v:76$709$\valid_state[0:0]$815
   247/276: $1$func$\valid_state$/tmp/ases-kernel0-ingress-reduction/docs/research/kernel-0/direct-rtl/kernel0.v:76$709$\i[31:0]$816
   248/276: $1$func$\valid_state$/tmp/ases-kernel0-ingress-reduction/docs/research/kernel-0/direct-rtl/kernel0.v:76$709$\parent_rights[2:0]$813
   249/276: $1\wellformed[0:0]
   250/276: $1\actor_rights[2:0]
   251/276: $0\state_out[21:0]
   252/276: $0\commit[0:0]
   253/276: $0$func$\valid_state$/tmp/ases-kernel0-ingress-reduction/docs/research/kernel-0/direct-rtl/kernel0.v:143$714$\i[31:0]$737
   254/276: $0$func$\valid_state$/tmp/ases-kernel0-ingress-reduction/docs/research/kernel-0/direct-rtl/kernel0.v:143$714$\valid_state[0:0]$729
   255/276: $0$func$\valid_state$/tmp/ases-kernel0-ingress-reduction/docs/research/kernel-0/direct-rtl/kernel0.v:143$714$\parent_rights[2:0]$735
   256/276: $0$func$\valid_state$/tmp/ases-kernel0-ingress-reduction/docs/research/kernel-0/direct-rtl/kernel0.v:143$714$\parent[1:0]$736
   257/276: $0$func$\valid_state$/tmp/ases-kernel0-ingress-reduction/docs/research/kernel-0/direct-rtl/kernel0.v:143$714$\r3[2:0]$734
   258/276: $0$func$\valid_state$/tmp/ases-kernel0-ingress-reduction/docs/research/kernel-0/direct-rtl/kernel0.v:143$714$\r2[2:0]$733
   259/276: $0$func$\valid_state$/tmp/ases-kernel0-ingress-reduction/docs/research/kernel-0/direct-rtl/kernel0.v:143$714$\r1[2:0]$732
   260/276: $0$func$\valid_state$/tmp/ases-kernel0-ingress-reduction/docs/research/kernel-0/direct-rtl/kernel0.v:143$714$\r0[2:0]$731
   261/276: $0$func$\valid_state$/tmp/ases-kernel0-ingress-reduction/docs/research/kernel-0/direct-rtl/kernel0.v:143$714$\s[21:0]$730
   262/276: $0\needed[2:0]
   263/276: $0\admitted[0:0]
   264/276: $0\proposed[21:0]
   265/276: $0$func$\valid_state$/tmp/ases-kernel0-ingress-reduction/docs/research/kernel-0/direct-rtl/kernel0.v:76$709$\i[31:0]$724
   266/276: $0$func$\valid_state$/tmp/ases-kernel0-ingress-reduction/docs/research/kernel-0/direct-rtl/kernel0.v:76$709$\valid_state[0:0]$722
   267/276: $0$func$\valid_state$/tmp/ases-kernel0-ingress-reduction/docs/research/kernel-0/direct-rtl/kernel0.v:76$709$\parent_rights[2:0]$727
   268/276: $0$func$\valid_state$/tmp/ases-kernel0-ingress-reduction/docs/research/kernel-0/direct-rtl/kernel0.v:76$709$\parent[1:0]$723
   269/276: $0$func$\valid_state$/tmp/ases-kernel0-ingress-reduction/docs/research/kernel-0/direct-rtl/kernel0.v:76$709$\r3[2:0]$726
   270/276: $0$func$\valid_state$/tmp/ases-kernel0-ingress-reduction/docs/research/kernel-0/direct-rtl/kernel0.v:76$709$\r2[2:0]$721
   271/276: $0$func$\valid_state$/tmp/ases-kernel0-ingress-reduction/docs/research/kernel-0/direct-rtl/kernel0.v:76$709$\r1[2:0]$728
   272/276: $0$func$\valid_state$/tmp/ases-kernel0-ingress-reduction/docs/research/kernel-0/direct-rtl/kernel0.v:76$709$\r0[2:0]$720
   273/276: $0$func$\valid_state$/tmp/ases-kernel0-ingress-reduction/docs/research/kernel-0/direct-rtl/kernel0.v:76$709$\s[21:0]$725
   274/276: $0\wellformed[0:0]
   275/276: $0\actor_rights[2:0]
   276/276: $0\current_rights[2:0]

5.6. Executing PROC_DLATCH pass (convert process syncs to latches).
No latch inferred for signal `\fixed_ingress.\actor' from process `\fixed_ingress.$proc$/tmp/ases-kernel0-ingress-reduction/docs/research/kernel-0/ingress-reduction/fixed_ingress.v:13$354'.
No latch inferred for signal `\fixed_ingress.\proposal' from process `\fixed_ingress.$proc$/tmp/ases-kernel0-ingress-reduction/docs/research/kernel-0/ingress-reduction/fixed_ingress.v:13$354'.
No latch inferred for signal `\fixed_ingress.\valid' from process `\fixed_ingress.$proc$/tmp/ases-kernel0-ingress-reduction/docs/research/kernel-0/ingress-reduction/fixed_ingress.v:13$354'.
No latch inferred for signal `\fixed_ingress.\payload' from process `\fixed_ingress.$proc$/tmp/ases-kernel0-ingress-reduction/docs/research/kernel-0/ingress-reduction/fixed_ingress.v:13$354'.
No latch inferred for signal `$paramod\kernel0_step\COUPLED=0\EXCLUSIVE=1.\state_out' from process `$paramod\kernel0_step\COUPLED=0\EXCLUSIVE=1.$proc$/tmp/ases-kernel0-ingress-reduction/docs/research/kernel-0/direct-rtl/kernel0.v:53$719'.
No latch inferred for signal `$paramod\kernel0_step\COUPLED=0\EXCLUSIVE=1.\commit' from process `$paramod\kernel0_step\COUPLED=0\EXCLUSIVE=1.$proc$/tmp/ases-kernel0-ingress-reduction/docs/research/kernel-0/direct-rtl/kernel0.v:53$719'.
No latch inferred for signal `$paramod\kernel0_step\COUPLED=0\EXCLUSIVE=1.\proposed' from process `$paramod\kernel0_step\COUPLED=0\EXCLUSIVE=1.$proc$/tmp/ases-kernel0-ingress-reduction/docs/research/kernel-0/direct-rtl/kernel0.v:53$719'.
No latch inferred for signal `$paramod\kernel0_step\COUPLED=0\EXCLUSIVE=1.\admitted' from process `$paramod\kernel0_step\COUPLED=0\EXCLUSIVE=1.$proc$/tmp/ases-kernel0-ingress-reduction/docs/research/kernel-0/direct-rtl/kernel0.v:53$719'.
No latch inferred for signal `$paramod\kernel0_step\COUPLED=0\EXCLUSIVE=1.\wellformed' from process `$paramod\kernel0_step\COUPLED=0\EXCLUSIVE=1.$proc$/tmp/ases-kernel0-ingress-reduction/docs/research/kernel-0/direct-rtl/kernel0.v:53$719'.
No latch inferred for signal `$paramod\kernel0_step\COUPLED=0\EXCLUSIVE=1.\current_rights' from process `$paramod\kernel0_step\COUPLED=0\EXCLUSIVE=1.$proc$/tmp/ases-kernel0-ingress-reduction/docs/research/kernel-0/direct-rtl/kernel0.v:53$719'.
No latch inferred for signal `$paramod\kernel0_step\COUPLED=0\EXCLUSIVE=1.\actor_rights' from process `$paramod\kernel0_step\COUPLED=0\EXCLUSIVE=1.$proc$/tmp/ases-kernel0-ingress-reduction/docs/research/kernel-0/direct-rtl/kernel0.v:53$719'.
No latch inferred for signal `$paramod\kernel0_step\COUPLED=0\EXCLUSIVE=1.\needed' from process `$paramod\kernel0_step\COUPLED=0\EXCLUSIVE=1.$proc$/tmp/ases-kernel0-ingress-reduction/docs/research/kernel-0/direct-rtl/kernel0.v:53$719'.
No latch inferred for signal `$paramod\kernel0_step\COUPLED=0\EXCLUSIVE=1.$func$\valid_state$/tmp/ases-kernel0-ingress-reduction/docs/research/kernel-0/direct-rtl/kernel0.v:76$709$\r0' from process `$paramod\kernel0_step\COUPLED=0\EXCLUSIVE=1.$proc$/tmp/ases-kernel0-ingress-reduction/docs/research/kernel-0/direct-rtl/kernel0.v:53$719'.
No latch inferred for signal `$paramod\kernel0_step\COUPLED=0\EXCLUSIVE=1.$func$\valid_state$/tmp/ases-kernel0-ingress-reduction/docs/research/kernel-0/direct-rtl/kernel0.v:76$709$\r2' from process `$paramod\kernel0_step\COUPLED=0\EXCLUSIVE=1.$proc$/tmp/ases-kernel0-ingress-reduction/docs/research/kernel-0/direct-rtl/kernel0.v:53$719'.
No latch inferred for signal `$paramod\kernel0_step\COUPLED=0\EXCLUSIVE=1.$func$\valid_state$/tmp/ases-kernel0-ingress-reduction/docs/research/kernel-0/direct-rtl/kernel0.v:76$709$\valid_state' from process `$paramod\kernel0_step\COUPLED=0\EXCLUSIVE=1.$proc$/tmp/ases-kernel0-ingress-reduction/docs/research/kernel-0/direct-rtl/kernel0.v:53$719'.
No latch inferred for signal `$paramod\kernel0_step\COUPLED=0\EXCLUSIVE=1.$func$\valid_state$/tmp/ases-kernel0-ingress-reduction/docs/research/kernel-0/direct-rtl/kernel0.v:76$709$\parent' from process `$paramod\kernel0_step\COUPLED=0\EXCLUSIVE=1.$proc$/tmp/ases-kernel0-ingress-reduction/docs/research/kernel-0/direct-rtl/kernel0.v:53$719'.
No latch inferred for signal `$paramod\kernel0_step\COUPLED=0\EXCLUSIVE=1.$func$\valid_state$/tmp/ases-kernel0-ingress-reduction/docs/research/kernel-0/direct-rtl/kernel0.v:76$709$\i' from process `$paramod\kernel0_step\COUPLED=0\EXCLUSIVE=1.$proc$/tmp/ases-kernel0-ingress-reduction/docs/research/kernel-0/direct-rtl/kernel0.v:53$719'.
No latch inferred for signal `$paramod\kernel0_step\COUPLED=0\EXCLUSIVE=1.$func$\valid_state$/tmp/ases-kernel0-ingress-reduction/docs/research/kernel-0/direct-rtl/kernel0.v:76$709$\s' from process `$paramod\kernel0_step\COUPLED=0\EXCLUSIVE=1.$proc$/tmp/ases-kernel0-ingress-reduction/docs/research/kernel-0/direct-rtl/kernel0.v:53$719'.
No latch inferred for signal `$paramod\kernel0_step\COUPLED=0\EXCLUSIVE=1.$func$\valid_state$/tmp/ases-kernel0-ingress-reduction/docs/research/kernel-0/direct-rtl/kernel0.v:76$709$\r3' from process `$paramod\kernel0_step\COUPLED=0\EXCLUSIVE=1.$proc$/tmp/ases-kernel0-ingress-reduction/docs/research/kernel-0/direct-rtl/kernel0.v:53$719'.
No latch inferred for signal `$paramod\kernel0_step\COUPLED=0\EXCLUSIVE=1.$func$\valid_state$/tmp/ases-kernel0-ingress-reduction/docs/research/kernel-0/direct-rtl/kernel0.v:76$709$\parent_rights' from process `$paramod\kernel0_step\COUPLED=0\EXCLUSIVE=1.$proc$/tmp/ases-kernel0-ingress-reduction/docs/research/kernel-0/direct-rtl/kernel0.v:53$719'.
No latch inferred for signal `$paramod\kernel0_step\COUPLED=0\EXCLUSIVE=1.$func$\valid_state$/tmp/ases-kernel0-ingress-reduction/docs/research/kernel-0/direct-rtl/kernel0.v:76$709$\r1' from process `$paramod\kernel0_step\COUPLED=0\EXCLUSIVE=1.$proc$/tmp/ases-kernel0-ingress-reduction/docs/research/kernel-0/direct-rtl/kernel0.v:53$719'.
No latch inferred for signal `$paramod\kernel0_step\COUPLED=0\EXCLUSIVE=1.$func$\valid_state$/tmp/ases-kernel0-ingress-reduction/docs/research/kernel-0/direct-rtl/kernel0.v:143$714$\valid_state' from process `$paramod\kernel0_step\COUPLED=0\EXCLUSIVE=1.$proc$/tmp/ases-kernel0-ingress-reduction/docs/research/kernel-0/direct-rtl/kernel0.v:53$719'.
No latch inferred for signal `$paramod\kernel0_step\COUPLED=0\EXCLUSIVE=1.$func$\valid_state$/tmp/ases-kernel0-ingress-reduction/docs/research/kernel-0/direct-rtl/kernel0.v:143$714$\s' from process `$paramod\kernel0_step\COUPLED=0\EXCLUSIVE=1.$proc$/tmp/ases-kernel0-ingress-reduction/docs/research/kernel-0/direct-rtl/kernel0.v:53$719'.
No latch inferred for signal `$paramod\kernel0_step\COUPLED=0\EXCLUSIVE=1.$func$\valid_state$/tmp/ases-kernel0-ingress-reduction/docs/research/kernel-0/direct-rtl/kernel0.v:143$714$\r0' from process `$paramod\kernel0_step\COUPLED=0\EXCLUSIVE=1.$proc$/tmp/ases-kernel0-ingress-reduction/docs/research/kernel-0/direct-rtl/kernel0.v:53$719'.
No latch inferred for signal `$paramod\kernel0_step\COUPLED=0\EXCLUSIVE=1.$func$\valid_state$/tmp/ases-kernel0-ingress-reduction/docs/research/kernel-0/direct-rtl/kernel0.v:143$714$\r1' from process `$paramod\kernel0_step\COUPLED=0\EXCLUSIVE=1.$proc$/tmp/ases-kernel0-ingress-reduction/docs/research/kernel-0/direct-rtl/kernel0.v:53$719'.
No latch inferred for signal `$paramod\kernel0_step\COUPLED=0\EXCLUSIVE=1.$func$\valid_state$/tmp/ases-kernel0-ingress-reduction/docs/research/kernel-0/direct-rtl/kernel0.v:143$714$\r2' from process `$paramod\kernel0_step\COUPLED=0\EXCLUSIVE=1.$proc$/tmp/ases-kernel0-ingress-reduction/docs/research/kernel-0/direct-rtl/kernel0.v:53$719'.
No latch inferred for signal `$paramod\kernel0_step\COUPLED=0\EXCLUSIVE=1.$func$\valid_state$/tmp/ases-kernel0-ingress-reduction/docs/research/kernel-0/direct-rtl/kernel0.v:143$714$\r3' from process `$paramod\kernel0_step\COUPLED=0\EXCLUSIVE=1.$proc$/tmp/ases-kernel0-ingress-reduction/docs/research/kernel-0/direct-rtl/kernel0.v:53$719'.
No latch inferred for signal `$paramod\kernel0_step\COUPLED=0\EXCLUSIVE=1.$func$\valid_state$/tmp/ases-kernel0-ingress-reduction/docs/research/kernel-0/direct-rtl/kernel0.v:143$714$\parent_rights' from process `$paramod\kernel0_step\COUPLED=0\EXCLUSIVE=1.$proc$/tmp/ases-kernel0-ingress-reduction/docs/research/kernel-0/direct-rtl/kernel0.v:53$719'.
No latch inferred for signal `$paramod\kernel0_step\COUPLED=0\EXCLUSIVE=1.$func$\valid_state$/tmp/ases-kernel0-ingress-reduction/docs/research/kernel-0/direct-rtl/kernel0.v:143$714$\parent' from process `$paramod\kernel0_step\COUPLED=0\EXCLUSIVE=1.$proc$/tmp/ases-kernel0-ingress-reduction/docs/research/kernel-0/direct-rtl/kernel0.v:53$719'.
No latch inferred for signal `$paramod\kernel0_step\COUPLED=0\EXCLUSIVE=1.$func$\valid_state$/tmp/ases-kernel0-ingress-reduction/docs/research/kernel-0/direct-rtl/kernel0.v:143$714$\i' from process `$paramod\kernel0_step\COUPLED=0\EXCLUSIVE=1.$proc$/tmp/ases-kernel0-ingress-reduction/docs/research/kernel-0/direct-rtl/kernel0.v:53$719'.

5.7. Executing PROC_DFF pass (convert process syncs to FFs).
Creating register for signal `$paramod\kernel0_machine\COUPLED=0\EXCLUSIVE=1.\resolved' using process `$paramod\kernel0_machine\COUPLED=0\EXCLUSIVE=1.$proc$/tmp/ases-kernel0-ingress-reduction/docs/research/kernel-0/direct-rtl/kernel0.v:163$707'.
  created $dff cell `$procdff$7631' with positive edge clock.
Creating register for signal `$paramod\kernel0_machine\COUPLED=0\EXCLUSIVE=1.\committed' using process `$paramod\kernel0_machine\COUPLED=0\EXCLUSIVE=1.$proc$/tmp/ases-kernel0-ingress-reduction/docs/research/kernel-0/direct-rtl/kernel0.v:163$707'.
  created $dff cell `$procdff$7632' with positive edge clock.
Creating register for signal `$paramod\kernel0_machine\COUPLED=0\EXCLUSIVE=1.\state' using process `$paramod\kernel0_machine\COUPLED=0\EXCLUSIVE=1.$proc$/tmp/ases-kernel0-ingress-reduction/docs/research/kernel-0/direct-rtl/kernel0.v:163$707'.
  created $dff cell `$procdff$7633' with positive edge clock.

5.8. Executing PROC_CLEAN pass (remove empty switches from decision trees).
Found and cleaned up 1 empty switch in `\fixed_ingress.$proc$/tmp/ases-kernel0-ingress-reduction/docs/research/kernel-0/ingress-reduction/fixed_ingress.v:13$354'.
Removing empty process `fixed_ingress.$proc$/tmp/ases-kernel0-ingress-reduction/docs/research/kernel-0/ingress-reduction/fixed_ingress.v:13$354'.
Found and cleaned up 2 empty switches in `$paramod\kernel0_machine\COUPLED=0\EXCLUSIVE=1.$proc$/tmp/ases-kernel0-ingress-reduction/docs/research/kernel-0/direct-rtl/kernel0.v:163$707'.
Removing empty process `$paramod\kernel0_machine\COUPLED=0\EXCLUSIVE=1.$proc$/tmp/ases-kernel0-ingress-reduction/docs/research/kernel-0/direct-rtl/kernel0.v:163$707'.
Found and cleaned up 48 empty switches in `$paramod\kernel0_step\COUPLED=0\EXCLUSIVE=1.$proc$/tmp/ases-kernel0-ingress-reduction/docs/research/kernel-0/direct-rtl/kernel0.v:53$719'.
Removing empty process `$paramod\kernel0_step\COUPLED=0\EXCLUSIVE=1.$proc$/tmp/ases-kernel0-ingress-reduction/docs/research/kernel-0/direct-rtl/kernel0.v:53$719'.
Cleaned up 51 empty switches.

6. Executing FLATTEN pass (flatten design).
Using template fixed_ingress for cells of type fixed_ingress.
Using template $paramod\kernel0_machine\COUPLED=0\EXCLUSIVE=1 for cells of type $paramod\kernel0_machine\COUPLED=0\EXCLUSIVE=1.
Using template $paramod\kernel0_step\COUPLED=0\EXCLUSIVE=1 for cells of type $paramod\kernel0_step\COUPLED=0\EXCLUSIVE=1.
<suppressed ~3 debug messages>
No more expansions possible.
Deleting now unused module fixed_ingress.
Deleting now unused module $paramod\kernel0_machine\COUPLED=0\EXCLUSIVE=1.
Deleting now unused module $paramod\kernel0_step\COUPLED=0\EXCLUSIVE=1.

7. Executing MEMORY pass.

7.1. Executing MEMORY_DFF pass (merging $dff cells to $memrd and $memwr).

7.2. Executing OPT_CLEAN pass (remove unused cells and wires).
Finding unused cells or wires in module \fixed_ingress_machine..
Removed 18 unused cells and 1255 unused wires.
<suppressed ~25 debug messages>

7.3. Executing MEMORY_SHARE pass (consolidating $memrd/$memwr cells).

7.4. Executing OPT_CLEAN pass (remove unused cells and wires).
Finding unused cells or wires in module \fixed_ingress_machine..

7.5. Executing MEMORY_COLLECT pass (generating $mem cells).

7.6. Executing MEMORY_MAP pass (converting $mem cells to logic and flip-flops).

8. Executing OPT pass (performing simple optimizations).

8.1. Executing OPT_EXPR pass (perform const folding).
Optimizing module fixed_ingress_machine.
<suppressed ~112 debug messages>

8.2. Executing OPT_MERGE pass (detect identical cells).
Finding identical cells in module `\fixed_ingress_machine'.
<suppressed ~2871 debug messages>
Removed a total of 957 cells.

8.3. Executing OPT_MUXTREE pass (detect dead branches in mux trees).
Running muxtree optimizer on module \fixed_ingress_machine..
  Creating internal representation of mux trees.
  Evaluating internal representation of mux trees.
      Replacing known input bits on port A of cell $techmap\baseline.transition.$procmux$2851: \baseline.state -> { \baseline.state [21:1] 1'1 }
      Replacing known input bits on port A of cell $techmap\baseline.transition.$procmux$1238: \baseline.state [0] -> 1'1
      Replacing known input bits on port A of cell $techmap\baseline.transition.$procmux$1618: \baseline.state [0] -> 1'1
      Replacing known input bits on port A of cell $techmap\baseline.transition.$procmux$2388: \baseline.state [0] -> 1'1
      Replacing known input bits on port A of cell $techmap\baseline.transition.$procmux$5062: \baseline.state -> { \baseline.state [21:1] 1'1 }
      Replacing known input bits on port A of cell $techmap\baseline.transition.$procmux$4871: \baseline.state [0] -> 1'1
      Replacing known input bits on port A of cell $techmap\baseline.transition.$procmux$5872: \baseline.state [16:0] -> { \baseline.state [16:1] 1'1 }
      Replacing known input bits on port A of cell $techmap\baseline.transition.$procmux$5674: \baseline.state [0] -> 1'1
      Replacing known input bits on port A of cell $techmap\baseline.transition.$procmux$7377: \baseline.state [19:0] -> { \baseline.state [19:1] 1'1 }
      Replacing known input bits on port A of cell $techmap\baseline.transition.$procmux$7172: \baseline.state [0] -> 1'1
      Replacing known input bits on port A of cell $techmap\baseline.transition.$procmux$7478: \baseline.state -> { \baseline.state [21:1] 1'0 }
      Replacing known input bits on port A of cell $techmap\baseline.transition.$procmux$2962: \baseline.state [6:0] -> { \baseline.state [6:1] 1'1 }
      Replacing known input bits on port B of cell $techmap\baseline.transition.$procmux$7509: \baseline.state [0] -> 1'1
  Analyzing evaluation results.
    dead port 2/2 on $mux $techmap\baseline.transition.$procmux$2626.
    dead port 2/2 on $mux $techmap\baseline.transition.$procmux$2628.
    dead port 2/2 on $mux $techmap\baseline.transition.$procmux$1262.
    dead port 2/2 on $mux $techmap\baseline.transition.$procmux$1264.
    dead port 2/2 on $mux $techmap\baseline.transition.$procmux$2630.
    dead port 1/2 on $mux $techmap\baseline.transition.$procmux$2633.
    dead port 2/2 on $mux $techmap\baseline.transition.$procmux$2635.
    dead port 2/2 on $mux $techmap\baseline.transition.$procmux$1175.
    dead port 2/2 on $mux $techmap\baseline.transition.$procmux$2665.
    dead port 2/2 on $mux $techmap\baseline.transition.$procmux$2667.
    dead port 2/2 on $mux $techmap\baseline.transition.$procmux$2669.
    dead port 2/2 on $mux $techmap\baseline.transition.$procmux$1177.
    dead port 2/2 on $mux $techmap\baseline.transition.$procmux$1266.
    dead port 2/2 on $mux $techmap\baseline.transition.$procmux$2671.
    dead port 1/2 on $mux $techmap\baseline.transition.$procmux$2674.
    dead port 2/2 on $mux $techmap\baseline.transition.$procmux$2676.
    dead port 1/2 on $mux $techmap\baseline.transition.$procmux$1269.
    dead port 2/2 on $mux $techmap\baseline.transition.$procmux$2694.
    dead port 2/2 on $mux $techmap\baseline.transition.$procmux$1271.
    dead port 2/2 on $mux $techmap\baseline.transition.$procmux$2696.
    dead port 2/2 on $mux $techmap\baseline.transition.$procmux$2698.
    dead port 2/2 on $mux $techmap\baseline.transition.$procmux$1164.
    dead port 2/2 on $mux $techmap\baseline.transition.$procmux$1287.
    dead port 2/2 on $mux $techmap\baseline.transition.$procmux$1289.
    dead port 2/2 on $mux $techmap\baseline.transition.$procmux$2700.
    dead port 1/2 on $mux $techmap\baseline.transition.$procmux$2703.
    dead port 2/2 on $mux $techmap\baseline.transition.$procmux$2705.
    dead port 2/2 on $mux $techmap\baseline.transition.$procmux$1291.
    dead port 2/2 on $mux $techmap\baseline.transition.$procmux$2739.
    dead port 2/2 on $mux $techmap\baseline.transition.$procmux$2741.
    dead port 2/2 on $mux $techmap\baseline.transition.$procmux$2743.
    dead port 2/2 on $mux $techmap\baseline.transition.$procmux$2745.
    dead port 1/2 on $mux $techmap\baseline.transition.$procmux$2748.
    dead port 2/2 on $mux $techmap\baseline.transition.$procmux$2750.
    dead port 2/2 on $mux $techmap\baseline.transition.$procmux$1293.
    dead port 2/2 on $mux $techmap\baseline.transition.$procmux$2776.
    dead port 1/2 on $mux $techmap\baseline.transition.$procmux$1296.
    dead port 2/2 on $mux $techmap\baseline.transition.$procmux$2778.
    dead port 2/2 on $mux $techmap\baseline.transition.$procmux$2780.
    dead port 2/2 on $mux $techmap\baseline.transition.$procmux$2350.
    dead port 2/2 on $mux $techmap\baseline.transition.$procmux$1298.
    dead port 2/2 on $mux $techmap\baseline.transition.$procmux$1316.
    dead port 2/2 on $mux $techmap\baseline.transition.$procmux$2782.
    dead port 1/2 on $mux $techmap\baseline.transition.$procmux$2785.
    dead port 2/2 on $mux $techmap\baseline.transition.$procmux$2787.
    dead port 2/2 on $mux $techmap\baseline.transition.$procmux$1318.
    dead port 2/2 on $mux $techmap\baseline.transition.$procmux$2800.
    dead port 2/2 on $mux $techmap\baseline.transition.$procmux$1320.
    dead port 2/2 on $mux $techmap\baseline.transition.$procmux$2802.
    dead port 2/2 on $mux $techmap\baseline.transition.$procmux$2804.
    dead port 1/2 on $mux $techmap\baseline.transition.$procmux$2353.
    dead port 2/2 on $mux $techmap\baseline.transition.$procmux$2355.
    dead port 2/2 on $mux $techmap\baseline.transition.$procmux$2806.
    dead port 1/2 on $mux $techmap\baseline.transition.$procmux$2809.
    dead port 2/2 on $mux $techmap\baseline.transition.$procmux$2811.
    dead port 2/2 on $mux $techmap\baseline.transition.$procmux$2821.
    dead port 2/2 on $mux $techmap\baseline.transition.$procmux$2823.
    dead port 2/2 on $mux $techmap\baseline.transition.$procmux$1322.
    dead port 1/2 on $mux $techmap\baseline.transition.$procmux$1325.
    dead port 2/2 on $mux $techmap\baseline.transition.$procmux$1327.
    dead port 2/2 on $mux $techmap\baseline.transition.$procmux$2825.
    dead port 1/2 on $mux $techmap\baseline.transition.$procmux$2828.
    dead port 2/2 on $mux $techmap\baseline.transition.$procmux$2830.
    dead port 2/2 on $mux $techmap\baseline.transition.$procmux$2838.
    dead port 2/2 on $mux $techmap\baseline.transition.$procmux$1347.
    dead port 2/2 on $mux $techmap\baseline.transition.$procmux$1349.
    dead port 2/2 on $mux $techmap\baseline.transition.$procmux$1351.
    dead port 2/2 on $mux $techmap\baseline.transition.$procmux$2390.
    dead port 2/2 on $mux $techmap\baseline.transition.$procmux$2840.
    dead port 1/2 on $mux $techmap\baseline.transition.$procmux$2843.
    dead port 2/2 on $mux $techmap\baseline.transition.$procmux$2845.
    dead port 2/2 on $mux $techmap\baseline.transition.$procmux$2853.
    dead port 2/2 on $mux $techmap\baseline.transition.$procmux$2855.
    dead port 1/2 on $mux $techmap\baseline.transition.$procmux$2858.
    dead port 2/2 on $mux $techmap\baseline.transition.$procmux$2860.
    dead port 2/2 on $mux $techmap\baseline.transition.$procmux$1353.
    dead port 1/2 on $mux $techmap\baseline.transition.$procmux$1356.
    dead port 2/2 on $mux $techmap\baseline.transition.$procmux$1358.
    dead port 2/2 on $mux $techmap\baseline.transition.$procmux$2392.
    dead port 2/2 on $mux $techmap\baseline.transition.$procmux$1380.
    dead port 2/2 on $mux $techmap\baseline.transition.$procmux$1382.
    dead port 2/2 on $mux $techmap\baseline.transition.$procmux$1384.
    dead port 2/2 on $mux $techmap\baseline.transition.$procmux$2394.
    dead port 2/2 on $mux $techmap\baseline.transition.$procmux$1386.
    dead port 1/2 on $mux $techmap\baseline.transition.$procmux$1389.
    dead port 2/2 on $mux $techmap\baseline.transition.$procmux$1391.
    dead port 2/2 on $mux $techmap\baseline.transition.$procmux$2888.
    dead port 1/2 on $mux $techmap\baseline.transition.$procmux$2891.
    dead port 2/2 on $mux $techmap\baseline.transition.$procmux$2893.
    dead port 2/2 on $mux $techmap\baseline.transition.$procmux$2902.
    dead port 2/2 on $mux $techmap\baseline.transition.$procmux$2904.
    dead port 1/2 on $mux $techmap\baseline.transition.$procmux$2907.
    dead port 2/2 on $mux $techmap\baseline.transition.$procmux$2909.
    dead port 2/2 on $mux $techmap\baseline.transition.$procmux$2918.
    dead port 2/2 on $mux $techmap\baseline.transition.$procmux$2920.
    dead port 1/2 on $mux $techmap\baseline.transition.$procmux$2923.
    dead port 2/2 on $mux $techmap\baseline.transition.$procmux$2925.
    dead port 2/2 on $mux $techmap\baseline.transition.$procmux$2934.
    dead port 2/2 on $mux $techmap\baseline.transition.$procmux$1415.
    dead port 2/2 on $mux $techmap\baseline.transition.$procmux$2936.
    dead port 1/2 on $mux $techmap\baseline.transition.$procmux$2939.
    dead port 2/2 on $mux $techmap\baseline.transition.$procmux$2941.
    dead port 2/2 on $mux $techmap\baseline.transition.$procmux$1179.
    dead port 2/2 on $mux $techmap\baseline.transition.$procmux$1417.
    dead port 2/2 on $mux $techmap\baseline.transition.$procmux$1419.
    dead port 1/2 on $mux $techmap\baseline.transition.$procmux$1182.
    dead port 2/2 on $mux $techmap\baseline.transition.$procmux$1184.
    dead port 2/2 on $mux $techmap\baseline.transition.$procmux$2952.
    dead port 1/2 on $mux $techmap\baseline.transition.$procmux$2955.
    dead port 2/2 on $mux $techmap\baseline.transition.$procmux$2957.
    dead port 2/2 on $mux $techmap\baseline.transition.$procmux$1421.
    dead port 1/2 on $mux $techmap\baseline.transition.$procmux$1424.
    dead port 2/2 on $mux $techmap\baseline.transition.$procmux$1426.
    dead port 2/2 on $mux $techmap\baseline.transition.$procmux$1452.
    dead port 2/2 on $mux $techmap\baseline.transition.$procmux$2396.
    dead port 2/2 on $mux $techmap\baseline.transition.$procmux$1454.
    dead port 2/2 on $mux $techmap\baseline.transition.$procmux$2967.
    dead port 1/2 on $mux $techmap\baseline.transition.$procmux$2970.
    dead port 2/2 on $mux $techmap\baseline.transition.$procmux$2972.
    dead port 2/2 on $mux $techmap\baseline.transition.$procmux$1456.
    dead port 1/2 on $mux $techmap\baseline.transition.$procmux$2399.
    dead port 2/2 on $mux $techmap\baseline.transition.$procmux$2985.
    dead port 2/2 on $mux $techmap\baseline.transition.$procmux$2987.
    dead port 2/2 on $mux $techmap\baseline.transition.$procmux$2401.
    dead port 2/2 on $mux $techmap\baseline.transition.$procmux$2989.
    dead port 1/2 on $mux $techmap\baseline.transition.$procmux$2992.
    dead port 2/2 on $mux $techmap\baseline.transition.$procmux$2994.
    dead port 2/2 on $mux $techmap\baseline.transition.$procmux$3003.
    dead port 2/2 on $mux $techmap\baseline.transition.$procmux$1458.
    dead port 2/2 on $mux $techmap\baseline.transition.$procmux$3005.
    dead port 1/2 on $mux $techmap\baseline.transition.$procmux$3008.
    dead port 2/2 on $mux $techmap\baseline.transition.$procmux$3010.
    dead port 2/2 on $mux $techmap\baseline.transition.$procmux$3024.
    dead port 2/2 on $mux $techmap\baseline.transition.$procmux$3026.
    dead port 1/2 on $mux $techmap\baseline.transition.$procmux$1461.
    dead port 2/2 on $mux $techmap\baseline.transition.$procmux$3028.
    dead port 1/2 on $mux $techmap\baseline.transition.$procmux$3031.
    dead port 2/2 on $mux $techmap\baseline.transition.$procmux$3033.
    dead port 2/2 on $mux $techmap\baseline.transition.$procmux$3049.
    dead port 2/2 on $mux $techmap\baseline.transition.$procmux$3051.
    dead port 2/2 on $mux $techmap\baseline.transition.$procmux$1463.
    dead port 2/2 on $mux $techmap\baseline.transition.$procmux$3053.
    dead port 1/2 on $mux $techmap\baseline.transition.$procmux$3056.
    dead port 2/2 on $mux $techmap\baseline.transition.$procmux$3058.
    dead port 2/2 on $mux $techmap\baseline.transition.$procmux$3076.
    dead port 2/2 on $mux $techmap\baseline.transition.$procmux$3078.
    dead port 2/2 on $mux $techmap\baseline.transition.$procmux$3080.
    dead port 1/2 on $mux $techmap\baseline.transition.$procmux$3083.
    dead port 2/2 on $mux $techmap\baseline.transition.$procmux$3085.
    dead port 2/2 on $mux $techmap\baseline.transition.$procmux$3105.
    dead port 2/2 on $mux $techmap\baseline.transition.$procmux$3107.
    dead port 2/2 on $mux $techmap\baseline.transition.$procmux$3109.
    dead port 1/2 on $mux $techmap\baseline.transition.$procmux$3112.
    dead port 2/2 on $mux $techmap\baseline.transition.$procmux$3114.
    dead port 2/2 on $mux $techmap\baseline.transition.$procmux$3136.
    dead port 2/2 on $mux $techmap\baseline.transition.$procmux$3138.
    dead port 2/2 on $mux $techmap\baseline.transition.$procmux$1491.
    dead port 2/2 on $mux $techmap\baseline.transition.$procmux$3140.
    dead port 1/2 on $mux $techmap\baseline.transition.$procmux$3143.
    dead port 2/2 on $mux $techmap\baseline.transition.$procmux$3145.
    dead port 2/2 on $mux $techmap\baseline.transition.$procmux$3169.
    dead port 2/2 on $mux $techmap\baseline.transition.$procmux$3171.
    dead port 2/2 on $mux $techmap\baseline.transition.$procmux$3173.
    dead port 1/2 on $mux $techmap\baseline.transition.$procmux$3176.
    dead port 2/2 on $mux $techmap\baseline.transition.$procmux$3178.
    dead port 2/2 on $mux $techmap\baseline.transition.$procmux$3204.
    dead port 2/2 on $mux $techmap\baseline.transition.$procmux$3206.
    dead port 2/2 on $mux $techmap\baseline.transition.$procmux$1493.
    dead port 2/2 on $mux $techmap\baseline.transition.$procmux$3208.
    dead port 1/2 on $mux $techmap\baseline.transition.$procmux$3211.
    dead port 2/2 on $mux $techmap\baseline.transition.$procmux$3213.
    dead port 2/2 on $mux $techmap\baseline.transition.$procmux$3241.
    dead port 2/2 on $mux $techmap\baseline.transition.$procmux$3243.
    dead port 2/2 on $mux $techmap\baseline.transition.$procmux$1495.
    dead port 2/2 on $mux $techmap\baseline.transition.$procmux$3245.
    dead port 1/2 on $mux $techmap\baseline.transition.$procmux$3248.
    dead port 2/2 on $mux $techmap\baseline.transition.$procmux$3250.
    dead port 2/2 on $mux $techmap\baseline.transition.$procmux$3280.
    dead port 2/2 on $mux $techmap\baseline.transition.$procmux$3282.
    dead port 2/2 on $mux $techmap\baseline.transition.$procmux$3284.
    dead port 1/2 on $mux $techmap\baseline.transition.$procmux$3287.
    dead port 2/2 on $mux $techmap\baseline.transition.$procmux$3289.
    dead port 2/2 on $mux $techmap\baseline.transition.$procmux$3321.
    dead port 2/2 on $mux $techmap\baseline.transition.$procmux$3323.
    dead port 2/2 on $mux $techmap\baseline.transition.$procmux$3325.
    dead port 1/2 on $mux $techmap\baseline.transition.$procmux$3328.
    dead port 2/2 on $mux $techmap\baseline.transition.$procmux$3330.
    dead port 2/2 on $mux $techmap\baseline.transition.$procmux$3342.
    dead port 2/2 on $mux $techmap\baseline.transition.$procmux$3344.
    dead port 2/2 on $mux $techmap\baseline.transition.$procmux$3346.
    dead port 1/2 on $mux $techmap\baseline.transition.$procmux$3349.
    dead port 2/2 on $mux $techmap\baseline.transition.$procmux$3351.
    dead port 2/2 on $mux $techmap\baseline.transition.$procmux$3368.
    dead port 2/2 on $mux $techmap\baseline.transition.$procmux$3370.
    dead port 2/2 on $mux $techmap\baseline.transition.$procmux$3372.
    dead port 1/2 on $mux $techmap\baseline.transition.$procmux$3375.
    dead port 2/2 on $mux $techmap\baseline.transition.$procmux$3377.
    dead port 2/2 on $mux $techmap\baseline.transition.$procmux$3398.
    dead port 2/2 on $mux $techmap\baseline.transition.$procmux$3400.
    dead port 2/2 on $mux $techmap\baseline.transition.$procmux$3402.
    dead port 1/2 on $mux $techmap\baseline.transition.$procmux$3405.
    dead port 2/2 on $mux $techmap\baseline.transition.$procmux$3407.
    dead port 2/2 on $mux $techmap\baseline.transition.$procmux$3432.
    dead port 2/2 on $mux $techmap\baseline.transition.$procmux$3434.
    dead port 2/2 on $mux $techmap\baseline.transition.$procmux$3436.
    dead port 1/2 on $mux $techmap\baseline.transition.$procmux$3439.
    dead port 2/2 on $mux $techmap\baseline.transition.$procmux$3441.
    dead port 2/2 on $mux $techmap\baseline.transition.$procmux$3470.
    dead port 2/2 on $mux $techmap\baseline.transition.$procmux$3472.
    dead port 2/2 on $mux $techmap\baseline.transition.$procmux$1497.
    dead port 2/2 on $mux $techmap\baseline.transition.$procmux$3474.
    dead port 1/2 on $mux $techmap\baseline.transition.$procmux$3477.
    dead port 2/2 on $mux $techmap\baseline.transition.$procmux$3479.
    dead port 2/2 on $mux $techmap\baseline.transition.$procmux$3492.
    dead port 2/2 on $mux $techmap\baseline.transition.$procmux$3494.
    dead port 1/2 on $mux $techmap\baseline.transition.$procmux$1500.
    dead port 2/2 on $mux $techmap\baseline.transition.$procmux$3496.
    dead port 1/2 on $mux $techmap\baseline.transition.$procmux$3499.
    dead port 2/2 on $mux $techmap\baseline.transition.$procmux$3501.
    dead port 2/2 on $mux $techmap\baseline.transition.$procmux$3520.
    dead port 2/2 on $mux $techmap\baseline.transition.$procmux$3522.
    dead port 2/2 on $mux $techmap\baseline.transition.$procmux$1502.
    dead port 2/2 on $mux $techmap\baseline.transition.$procmux$3524.
    dead port 1/2 on $mux $techmap\baseline.transition.$procmux$3527.
    dead port 2/2 on $mux $techmap\baseline.transition.$procmux$3529.
    dead port 2/2 on $mux $techmap\baseline.transition.$procmux$3556.
    dead port 2/2 on $mux $techmap\baseline.transition.$procmux$3558.
    dead port 2/2 on $mux $techmap\baseline.transition.$procmux$3560.
    dead port 1/2 on $mux $techmap\baseline.transition.$procmux$3563.
    dead port 2/2 on $mux $techmap\baseline.transition.$procmux$3565.
    dead port 2/2 on $mux $techmap\baseline.transition.$procmux$3580.
    dead port 2/2 on $mux $techmap\baseline.transition.$procmux$3582.
    dead port 2/2 on $mux $techmap\baseline.transition.$procmux$3584.
    dead port 1/2 on $mux $techmap\baseline.transition.$procmux$3587.
    dead port 2/2 on $mux $techmap\baseline.transition.$procmux$3589.
    dead port 2/2 on $mux $techmap\baseline.transition.$procmux$3620.
    dead port 2/2 on $mux $techmap\baseline.transition.$procmux$3622.
    dead port 2/2 on $mux $techmap\baseline.transition.$procmux$1532.
    dead port 2/2 on $mux $techmap\baseline.transition.$procmux$3624.
    dead port 1/2 on $mux $techmap\baseline.transition.$procmux$3627.
    dead port 2/2 on $mux $techmap\baseline.transition.$procmux$3629.
    dead port 2/2 on $mux $techmap\baseline.transition.$procmux$3652.
    dead port 2/2 on $mux $techmap\baseline.transition.$procmux$3654.
    dead port 2/2 on $mux $techmap\baseline.transition.$procmux$3656.
    dead port 1/2 on $mux $techmap\baseline.transition.$procmux$3659.
    dead port 2/2 on $mux $techmap\baseline.transition.$procmux$3661.
    dead port 2/2 on $mux $techmap\baseline.transition.$procmux$3672.
    dead port 2/2 on $mux $techmap\baseline.transition.$procmux$3674.
    dead port 2/2 on $mux $techmap\baseline.transition.$procmux$1534.
    dead port 2/2 on $mux $techmap\baseline.transition.$procmux$3676.
    dead port 1/2 on $mux $techmap\baseline.transition.$procmux$3679.
    dead port 2/2 on $mux $techmap\baseline.transition.$procmux$3681.
    dead port 2/2 on $mux $techmap\baseline.transition.$procmux$3696.
    dead port 2/2 on $mux $techmap\baseline.transition.$procmux$3698.
    dead port 2/2 on $mux $techmap\baseline.transition.$procmux$1536.
    dead port 2/2 on $mux $techmap\baseline.transition.$procmux$3700.
    dead port 1/2 on $mux $techmap\baseline.transition.$procmux$3703.
    dead port 2/2 on $mux $techmap\baseline.transition.$procmux$3705.
    dead port 2/2 on $mux $techmap\baseline.transition.$procmux$3718.
    dead port 2/2 on $mux $techmap\baseline.transition.$procmux$3720.
    dead port 2/2 on $mux $techmap\baseline.transition.$procmux$3722.
    dead port 1/2 on $mux $techmap\baseline.transition.$procmux$3725.
    dead port 2/2 on $mux $techmap\baseline.transition.$procmux$3727.
    dead port 2/2 on $mux $techmap\baseline.transition.$procmux$3744.
    dead port 2/2 on $mux $techmap\baseline.transition.$procmux$3746.
    dead port 2/2 on $mux $techmap\baseline.transition.$procmux$3748.
    dead port 1/2 on $mux $techmap\baseline.transition.$procmux$3751.
    dead port 2/2 on $mux $techmap\baseline.transition.$procmux$3753.
    dead port 2/2 on $mux $techmap\baseline.transition.$procmux$3772.
    dead port 2/2 on $mux $techmap\baseline.transition.$procmux$3774.
    dead port 2/2 on $mux $techmap\baseline.transition.$procmux$1538.
    dead port 2/2 on $mux $techmap\baseline.transition.$procmux$3776.
    dead port 1/2 on $mux $techmap\baseline.transition.$procmux$3779.
    dead port 2/2 on $mux $techmap\baseline.transition.$procmux$3781.
    dead port 1/2 on $mux $techmap\baseline.transition.$procmux$1541.
    dead port 2/2 on $mux $techmap\baseline.transition.$procmux$3802.
    dead port 2/2 on $mux $techmap\baseline.transition.$procmux$3804.
    dead port 2/2 on $mux $techmap\baseline.transition.$procmux$1543.
    dead port 2/2 on $mux $techmap\baseline.transition.$procmux$3806.
    dead port 1/2 on $mux $techmap\baseline.transition.$procmux$3809.
    dead port 2/2 on $mux $techmap\baseline.transition.$procmux$3811.
    dead port 2/2 on $mux $techmap\baseline.transition.$procmux$3834.
    dead port 2/2 on $mux $techmap\baseline.transition.$procmux$3836.
    dead port 2/2 on $mux $techmap\baseline.transition.$procmux$3838.
    dead port 1/2 on $mux $techmap\baseline.transition.$procmux$3841.
    dead port 2/2 on $mux $techmap\baseline.transition.$procmux$3843.
    dead port 2/2 on $mux $techmap\baseline.transition.$procmux$1575.
    dead port 2/2 on $mux $techmap\baseline.transition.$procmux$3868.
    dead port 2/2 on $mux $techmap\baseline.transition.$procmux$3870.
    dead port 2/2 on $mux $techmap\baseline.transition.$procmux$3872.
    dead port 1/2 on $mux $techmap\baseline.transition.$procmux$3875.
    dead port 2/2 on $mux $techmap\baseline.transition.$procmux$3877.
    dead port 2/2 on $mux $techmap\baseline.transition.$procmux$1577.
    dead port 2/2 on $mux $techmap\baseline.transition.$procmux$3904.
    dead port 2/2 on $mux $techmap\baseline.transition.$procmux$3906.
    dead port 2/2 on $mux $techmap\baseline.transition.$procmux$1579.
    dead port 2/2 on $mux $techmap\baseline.transition.$procmux$3908.
    dead port 1/2 on $mux $techmap\baseline.transition.$procmux$3911.
    dead port 2/2 on $mux $techmap\baseline.transition.$procmux$3913.
    dead port 2/2 on $mux $techmap\baseline.transition.$procmux$2416.
    dead port 2/2 on $mux $techmap\baseline.transition.$procmux$3942.
    dead port 2/2 on $mux $techmap\baseline.transition.$procmux$3944.
    dead port 2/2 on $mux $techmap\baseline.transition.$procmux$3946.
    dead port 1/2 on $mux $techmap\baseline.transition.$procmux$3949.
    dead port 2/2 on $mux $techmap\baseline.transition.$procmux$3951.
    dead port 2/2 on $mux $techmap\baseline.transition.$procmux$3981.
    dead port 2/2 on $mux $techmap\baseline.transition.$procmux$3983.
    dead port 2/2 on $mux $techmap\baseline.transition.$procmux$3985.
    dead port 1/2 on $mux $techmap\baseline.transition.$procmux$3988.
    dead port 2/2 on $mux $techmap\baseline.transition.$procmux$3990.
    dead port 2/2 on $mux $techmap\baseline.transition.$procmux$4002.
    dead port 2/2 on $mux $techmap\baseline.transition.$procmux$4004.
    dead port 2/2 on $mux $techmap\baseline.transition.$procmux$1581.
    dead port 2/2 on $mux $techmap\baseline.transition.$procmux$4006.
    dead port 1/2 on $mux $techmap\baseline.transition.$procmux$4009.
    dead port 2/2 on $mux $techmap\baseline.transition.$procmux$4011.
    dead port 1/2 on $mux $techmap\baseline.transition.$procmux$1584.
    dead port 2/2 on $mux $techmap\baseline.transition.$procmux$1586.
    dead port 2/2 on $mux $techmap\baseline.transition.$procmux$4027.
    dead port 2/2 on $mux $techmap\baseline.transition.$procmux$4029.
    dead port 2/2 on $mux $techmap\baseline.transition.$procmux$4031.
    dead port 1/2 on $mux $techmap\baseline.transition.$procmux$4034.
    dead port 2/2 on $mux $techmap\baseline.transition.$procmux$4036.
    dead port 2/2 on $mux $techmap\baseline.transition.$procmux$1620.
    dead port 2/2 on $mux $techmap\baseline.transition.$procmux$1622.
    dead port 2/2 on $mux $techmap\baseline.transition.$procmux$4056.
    dead port 2/2 on $mux $techmap\baseline.transition.$procmux$4058.
    dead port 2/2 on $mux $techmap\baseline.transition.$procmux$1624.
    dead port 2/2 on $mux $techmap\baseline.transition.$procmux$4060.
    dead port 1/2 on $mux $techmap\baseline.transition.$procmux$4063.
    dead port 2/2 on $mux $techmap\baseline.transition.$procmux$4065.
    dead port 2/2 on $mux $techmap\baseline.transition.$procmux$2418.
    dead port 2/2 on $mux $techmap\baseline.transition.$procmux$4089.
    dead port 2/2 on $mux $techmap\baseline.transition.$procmux$4091.
    dead port 2/2 on $mux $techmap\baseline.transition.$procmux$4093.
    dead port 1/2 on $mux $techmap\baseline.transition.$procmux$4096.
    dead port 2/2 on $mux $techmap\baseline.transition.$procmux$4098.
    dead port 2/2 on $mux $techmap\baseline.transition.$procmux$1626.
    dead port 2/2 on $mux $techmap\baseline.transition.$procmux$4126.
    dead port 2/2 on $mux $techmap\baseline.transition.$procmux$4128.
    dead port 1/2 on $mux $techmap\baseline.transition.$procmux$1629.
    dead port 2/2 on $mux $techmap\baseline.transition.$procmux$4130.
    dead port 1/2 on $mux $techmap\baseline.transition.$procmux$4133.
    dead port 2/2 on $mux $techmap\baseline.transition.$procmux$4135.
    dead port 2/2 on $mux $techmap\baseline.transition.$procmux$1631.
    dead port 2/2 on $mux $techmap\baseline.transition.$procmux$4165.
    dead port 2/2 on $mux $techmap\baseline.transition.$procmux$4167.
    dead port 2/2 on $mux $techmap\baseline.transition.$procmux$4169.
    dead port 1/2 on $mux $techmap\baseline.transition.$procmux$4172.
    dead port 2/2 on $mux $techmap\baseline.transition.$procmux$4174.
    dead port 2/2 on $mux $techmap\baseline.transition.$procmux$1645.
    dead port 2/2 on $mux $techmap\baseline.transition.$procmux$4192.
    dead port 2/2 on $mux $techmap\baseline.transition.$procmux$4194.
    dead port 2/2 on $mux $techmap\baseline.transition.$procmux$1647.
    dead port 2/2 on $mux $techmap\baseline.transition.$procmux$4196.
    dead port 1/2 on $mux $techmap\baseline.transition.$procmux$4199.
    dead port 2/2 on $mux $techmap\baseline.transition.$procmux$4201.
    dead port 2/2 on $mux $techmap\baseline.transition.$procmux$1649.
    dead port 2/2 on $mux $techmap\baseline.transition.$procmux$2420.
    dead port 2/2 on $mux $techmap\baseline.transition.$procmux$4215.
    dead port 2/2 on $mux $techmap\baseline.transition.$procmux$4217.
    dead port 2/2 on $mux $techmap\baseline.transition.$procmux$4219.
    dead port 1/2 on $mux $techmap\baseline.transition.$procmux$4222.
    dead port 2/2 on $mux $techmap\baseline.transition.$procmux$4224.
    dead port 2/2 on $mux $techmap\baseline.transition.$procmux$4246.
    dead port 2/2 on $mux $techmap\baseline.transition.$procmux$4248.
    dead port 2/2 on $mux $techmap\baseline.transition.$procmux$1651.
    dead port 2/2 on $mux $techmap\baseline.transition.$procmux$4250.
    dead port 1/2 on $mux $techmap\baseline.transition.$procmux$4253.
    dead port 2/2 on $mux $techmap\baseline.transition.$procmux$4255.
    dead port 1/2 on $mux $techmap\baseline.transition.$procmux$1654.
    dead port 2/2 on $mux $techmap\baseline.transition.$procmux$1656.
    dead port 2/2 on $mux $techmap\baseline.transition.$procmux$4285.
    dead port 2/2 on $mux $techmap\baseline.transition.$procmux$4287.
    dead port 2/2 on $mux $techmap\baseline.transition.$procmux$4289.
    dead port 1/2 on $mux $techmap\baseline.transition.$procmux$4292.
    dead port 2/2 on $mux $techmap\baseline.transition.$procmux$4294.
    dead port 2/2 on $mux $techmap\baseline.transition.$procmux$1675.
    dead port 2/2 on $mux $techmap\baseline.transition.$procmux$1677.
    dead port 2/2 on $mux $techmap\baseline.transition.$procmux$4320.
    dead port 2/2 on $mux $techmap\baseline.transition.$procmux$4322.
    dead port 2/2 on $mux $techmap\baseline.transition.$procmux$1679.
    dead port 2/2 on $mux $techmap\baseline.transition.$procmux$4324.
    dead port 1/2 on $mux $techmap\baseline.transition.$procmux$4327.
    dead port 2/2 on $mux $techmap\baseline.transition.$procmux$4329.
    dead port 2/2 on $mux $techmap\baseline.transition.$procmux$4340.
    dead port 2/2 on $mux $techmap\baseline.transition.$procmux$4342.
    dead port 2/2 on $mux $techmap\baseline.transition.$procmux$4344.
    dead port 1/2 on $mux $techmap\baseline.transition.$procmux$4347.
    dead port 2/2 on $mux $techmap\baseline.transition.$procmux$4349.
    dead port 2/2 on $mux $techmap\baseline.transition.$procmux$4360.
    dead port 2/2 on $mux $techmap\baseline.transition.$procmux$4362.
    dead port 2/2 on $mux $techmap\baseline.transition.$procmux$4364.
    dead port 1/2 on $mux $techmap\baseline.transition.$procmux$4367.
    dead port 2/2 on $mux $techmap\baseline.transition.$procmux$4369.
    dead port 2/2 on $mux $techmap\baseline.transition.$procmux$4380.
    dead port 2/2 on $mux $techmap\baseline.transition.$procmux$4382.
    dead port 2/2 on $mux $techmap\baseline.transition.$procmux$4384.
    dead port 1/2 on $mux $techmap\baseline.transition.$procmux$4387.
    dead port 2/2 on $mux $techmap\baseline.transition.$procmux$4389.
    dead port 2/2 on $mux $techmap\baseline.transition.$procmux$4404.
    dead port 2/2 on $mux $techmap\baseline.transition.$procmux$4406.
    dead port 2/2 on $mux $techmap\baseline.transition.$procmux$4408.
    dead port 1/2 on $mux $techmap\baseline.transition.$procmux$4411.
    dead port 2/2 on $mux $techmap\baseline.transition.$procmux$4413.
    dead port 2/2 on $mux $techmap\baseline.transition.$procmux$1197.
    dead port 2/2 on $mux $techmap\baseline.transition.$procmux$4426.
    dead port 2/2 on $mux $techmap\baseline.transition.$procmux$4428.
    dead port 2/2 on $mux $techmap\baseline.transition.$procmux$1681.
    dead port 2/2 on $mux $techmap\baseline.transition.$procmux$4430.
    dead port 1/2 on $mux $techmap\baseline.transition.$procmux$4433.
    dead port 2/2 on $mux $techmap\baseline.transition.$procmux$4435.
    dead port 1/2 on $mux $techmap\baseline.transition.$procmux$1684.
    dead port 2/2 on $mux $techmap\baseline.transition.$procmux$4452.
    dead port 2/2 on $mux $techmap\baseline.transition.$procmux$4454.
    dead port 2/2 on $mux $techmap\baseline.transition.$procmux$1686.
    dead port 2/2 on $mux $techmap\baseline.transition.$procmux$4456.
    dead port 1/2 on $mux $techmap\baseline.transition.$procmux$4459.
    dead port 2/2 on $mux $techmap\baseline.transition.$procmux$4461.
    dead port 2/2 on $mux $techmap\baseline.transition.$procmux$4480.
    dead port 2/2 on $mux $techmap\baseline.transition.$procmux$4482.
    dead port 2/2 on $mux $techmap\baseline.transition.$procmux$4484.
    dead port 1/2 on $mux $techmap\baseline.transition.$procmux$4487.
    dead port 2/2 on $mux $techmap\baseline.transition.$procmux$4489.
    dead port 2/2 on $mux $techmap\baseline.transition.$procmux$1709.
    dead port 2/2 on $mux $techmap\baseline.transition.$procmux$4510.
    dead port 2/2 on $mux $techmap\baseline.transition.$procmux$4512.
    dead port 2/2 on $mux $techmap\baseline.transition.$procmux$4514.
    dead port 1/2 on $mux $techmap\baseline.transition.$procmux$4517.
    dead port 2/2 on $mux $techmap\baseline.transition.$procmux$4519.
    dead port 2/2 on $mux $techmap\baseline.transition.$procmux$1711.
    dead port 2/2 on $mux $techmap\baseline.transition.$procmux$4542.
    dead port 2/2 on $mux $techmap\baseline.transition.$procmux$4544.
    dead port 2/2 on $mux $techmap\baseline.transition.$procmux$1713.
    dead port 2/2 on $mux $techmap\baseline.transition.$procmux$4546.
    dead port 1/2 on $mux $techmap\baseline.transition.$procmux$4549.
    dead port 2/2 on $mux $techmap\baseline.transition.$procmux$4551.
    dead port 2/2 on $mux $techmap\baseline.transition.$procmux$1199.
    dead port 2/2 on $mux $techmap\baseline.transition.$procmux$4576.
    dead port 2/2 on $mux $techmap\baseline.transition.$procmux$4578.
    dead port 2/2 on $mux $techmap\baseline.transition.$procmux$4580.
    dead port 1/2 on $mux $techmap\baseline.transition.$procmux$4583.
    dead port 2/2 on $mux $techmap\baseline.transition.$procmux$4585.
    dead port 2/2 on $mux $techmap\baseline.transition.$procmux$4612.
    dead port 2/2 on $mux $techmap\baseline.transition.$procmux$4614.
    dead port 2/2 on $mux $techmap\baseline.transition.$procmux$4616.
    dead port 1/2 on $mux $techmap\baseline.transition.$procmux$4619.
    dead port 2/2 on $mux $techmap\baseline.transition.$procmux$4621.
    dead port 2/2 on $mux $techmap\baseline.transition.$procmux$4650.
    dead port 2/2 on $mux $techmap\baseline.transition.$procmux$4652.
    dead port 2/2 on $mux $techmap\baseline.transition.$procmux$4654.
    dead port 1/2 on $mux $techmap\baseline.transition.$procmux$4657.
    dead port 2/2 on $mux $techmap\baseline.transition.$procmux$4659.
    dead port 2/2 on $mux $techmap\baseline.transition.$procmux$1715.
    dead port 2/2 on $mux $techmap\baseline.transition.$procmux$4689.
    dead port 2/2 on $mux $techmap\baseline.transition.$procmux$4691.
    dead port 1/2 on $mux $techmap\baseline.transition.$procmux$1718.
    dead port 2/2 on $mux $techmap\baseline.transition.$procmux$4693.
    dead port 1/2 on $mux $techmap\baseline.transition.$procmux$4696.
    dead port 2/2 on $mux $techmap\baseline.transition.$procmux$4698.
    dead port 2/2 on $mux $techmap\baseline.transition.$procmux$1720.
    dead port 2/2 on $mux $techmap\baseline.transition.$procmux$4710.
    dead port 2/2 on $mux $techmap\baseline.transition.$procmux$4712.
    dead port 2/2 on $mux $techmap\baseline.transition.$procmux$4714.
    dead port 1/2 on $mux $techmap\baseline.transition.$procmux$4717.
    dead port 2/2 on $mux $techmap\baseline.transition.$procmux$4719.
    dead port 2/2 on $mux $techmap\baseline.transition.$procmux$1747.
    dead port 2/2 on $mux $techmap\baseline.transition.$procmux$1749.
    dead port 2/2 on $mux $techmap\baseline.transition.$procmux$4735.
    dead port 2/2 on $mux $techmap\baseline.transition.$procmux$4737.
    dead port 2/2 on $mux $techmap\baseline.transition.$procmux$1751.
    dead port 2/2 on $mux $techmap\baseline.transition.$procmux$4739.
    dead port 1/2 on $mux $techmap\baseline.transition.$procmux$4742.
    dead port 2/2 on $mux $techmap\baseline.transition.$procmux$4744.
    dead port 2/2 on $mux $techmap\baseline.transition.$procmux$2306.
    dead port 2/2 on $mux $techmap\baseline.transition.$procmux$4764.
    dead port 2/2 on $mux $techmap\baseline.transition.$procmux$4766.
    dead port 2/2 on $mux $techmap\baseline.transition.$procmux$4768.
    dead port 1/2 on $mux $techmap\baseline.transition.$procmux$4771.
    dead port 2/2 on $mux $techmap\baseline.transition.$procmux$4773.
    dead port 2/2 on $mux $techmap\baseline.transition.$procmux$1753.
    dead port 2/2 on $mux $techmap\baseline.transition.$procmux$4797.
    dead port 2/2 on $mux $techmap\baseline.transition.$procmux$4799.
    dead port 1/2 on $mux $techmap\baseline.transition.$procmux$1756.
    dead port 2/2 on $mux $techmap\baseline.transition.$procmux$4801.
    dead port 1/2 on $mux $techmap\baseline.transition.$procmux$4804.
    dead port 2/2 on $mux $techmap\baseline.transition.$procmux$4806.
    dead port 2/2 on $mux $techmap\baseline.transition.$procmux$1758.
    dead port 2/2 on $mux $techmap\baseline.transition.$procmux$4834.
    dead port 2/2 on $mux $techmap\baseline.transition.$procmux$4836.
    dead port 2/2 on $mux $techmap\baseline.transition.$procmux$1789.
    dead port 2/2 on $mux $techmap\baseline.transition.$procmux$4838.
    dead port 1/2 on $mux $techmap\baseline.transition.$procmux$4841.
    dead port 2/2 on $mux $techmap\baseline.transition.$procmux$4843.
    dead port 2/2 on $mux $techmap\baseline.transition.$procmux$4873.
    dead port 2/2 on $mux $techmap\baseline.transition.$procmux$4875.
    dead port 2/2 on $mux $techmap\baseline.transition.$procmux$1791.
    dead port 2/2 on $mux $techmap\baseline.transition.$procmux$4877.
    dead port 1/2 on $mux $techmap\baseline.transition.$procmux$4880.
    dead port 2/2 on $mux $techmap\baseline.transition.$procmux$4882.
    dead port 2/2 on $mux $techmap\baseline.transition.$procmux$1793.
    dead port 1/2 on $mux $techmap\baseline.transition.$procmux$2309.
    dead port 2/2 on $mux $techmap\baseline.transition.$procmux$4900.
    dead port 2/2 on $mux $techmap\baseline.transition.$procmux$4902.
    dead port 2/2 on $mux $techmap\baseline.transition.$procmux$4904.
    dead port 1/2 on $mux $techmap\baseline.transition.$procmux$4907.
    dead port 2/2 on $mux $techmap\baseline.transition.$procmux$4909.
    dead port 2/2 on $mux $techmap\baseline.transition.$procmux$4923.
    dead port 2/2 on $mux $techmap\baseline.transition.$procmux$4925.
    dead port 2/2 on $mux $techmap\baseline.transition.$procmux$1795.
    dead port 2/2 on $mux $techmap\baseline.transition.$procmux$4927.
    dead port 1/2 on $mux $techmap\baseline.transition.$procmux$4930.
    dead port 2/2 on $mux $techmap\baseline.transition.$procmux$4932.
    dead port 1/2 on $mux $techmap\baseline.transition.$procmux$1798.
    dead port 2/2 on $mux $techmap\baseline.transition.$procmux$1800.
    dead port 2/2 on $mux $techmap\baseline.transition.$procmux$4954.
    dead port 2/2 on $mux $techmap\baseline.transition.$procmux$4956.
    dead port 2/2 on $mux $techmap\baseline.transition.$procmux$4958.
    dead port 1/2 on $mux $techmap\baseline.transition.$procmux$4961.
    dead port 2/2 on $mux $techmap\baseline.transition.$procmux$4963.
    dead port 2/2 on $mux $techmap\baseline.transition.$procmux$1815.
    dead port 2/2 on $mux $techmap\baseline.transition.$procmux$1817.
    dead port 2/2 on $mux $techmap\baseline.transition.$procmux$4993.
    dead port 2/2 on $mux $techmap\baseline.transition.$procmux$4995.
    dead port 2/2 on $mux $techmap\baseline.transition.$procmux$1819.
    dead port 2/2 on $mux $techmap\baseline.transition.$procmux$4997.
    dead port 1/2 on $mux $techmap\baseline.transition.$procmux$5000.
    dead port 2/2 on $mux $techmap\baseline.transition.$procmux$5002.
    dead port 2/2 on $mux $techmap\baseline.transition.$procmux$2422.
    dead port 2/2 on $mux $techmap\baseline.transition.$procmux$5028.
    dead port 2/2 on $mux $techmap\baseline.transition.$procmux$5030.
    dead port 2/2 on $mux $techmap\baseline.transition.$procmux$5032.
    dead port 1/2 on $mux $techmap\baseline.transition.$procmux$5035.
    dead port 2/2 on $mux $techmap\baseline.transition.$procmux$5037.
    dead port 2/2 on $mux $techmap\baseline.transition.$procmux$5047.
    dead port 2/2 on $mux $techmap\baseline.transition.$procmux$5049.
    dead port 1/2 on $mux $techmap\baseline.transition.$procmux$5052.
    dead port 2/2 on $mux $techmap\baseline.transition.$procmux$5054.
    dead port 2/2 on $mux $techmap\baseline.transition.$procmux$5064.
    dead port 2/2 on $mux $techmap\baseline.transition.$procmux$5066.
    dead port 1/2 on $mux $techmap\baseline.transition.$procmux$5069.
    dead port 2/2 on $mux $techmap\baseline.transition.$procmux$5071.
    dead port 2/2 on $mux $techmap\baseline.transition.$procmux$5082.
    dead port 2/2 on $mux $techmap\baseline.transition.$procmux$1821.
    dead port 2/2 on $mux $techmap\baseline.transition.$procmux$5084.
    dead port 1/2 on $mux $techmap\baseline.transition.$procmux$5087.
    dead port 2/2 on $mux $techmap\baseline.transition.$procmux$5089.
    dead port 2/2 on $mux $techmap\baseline.transition.$procmux$5101.
    dead port 2/2 on $mux $techmap\baseline.transition.$procmux$5103.
    dead port 1/2 on $mux $techmap\baseline.transition.$procmux$1824.
    dead port 2/2 on $mux $techmap\baseline.transition.$procmux$5105.
    dead port 1/2 on $mux $techmap\baseline.transition.$procmux$5108.
    dead port 2/2 on $mux $techmap\baseline.transition.$procmux$5110.
    dead port 2/2 on $mux $techmap\baseline.transition.$procmux$5123.
    dead port 2/2 on $mux $techmap\baseline.transition.$procmux$5125.
    dead port 2/2 on $mux $techmap\baseline.transition.$procmux$5127.
    dead port 2/2 on $mux $techmap\baseline.transition.$procmux$1826.
    dead port 2/2 on $mux $techmap\baseline.transition.$procmux$5129.
    dead port 1/2 on $mux $techmap\baseline.transition.$procmux$5132.
    dead port 2/2 on $mux $techmap\baseline.transition.$procmux$5134.
    dead port 2/2 on $mux $techmap\baseline.transition.$procmux$5146.
    dead port 2/2 on $mux $techmap\baseline.transition.$procmux$5148.
    dead port 2/2 on $mux $techmap\baseline.transition.$procmux$5150.
    dead port 1/2 on $mux $techmap\baseline.transition.$procmux$5153.
    dead port 2/2 on $mux $techmap\baseline.transition.$procmux$5155.
    dead port 2/2 on $mux $techmap\baseline.transition.$procmux$2575.
    dead port 2/2 on $mux $techmap\baseline.transition.$procmux$5167.
    dead port 2/2 on $mux $techmap\baseline.transition.$procmux$5169.
    dead port 2/2 on $mux $techmap\baseline.transition.$procmux$5171.
    dead port 1/2 on $mux $techmap\baseline.transition.$procmux$5174.
    dead port 2/2 on $mux $techmap\baseline.transition.$procmux$5176.
    dead port 2/2 on $mux $techmap\baseline.transition.$procmux$2591.
    dead port 2/2 on $mux $techmap\baseline.transition.$procmux$5192.
    dead port 2/2 on $mux $techmap\baseline.transition.$procmux$5194.
    dead port 2/2 on $mux $techmap\baseline.transition.$procmux$1847.
    dead port 2/2 on $mux $techmap\baseline.transition.$procmux$5196.
    dead port 1/2 on $mux $techmap\baseline.transition.$procmux$5199.
    dead port 2/2 on $mux $techmap\baseline.transition.$procmux$5201.
    dead port 2/2 on $mux $techmap\baseline.transition.$procmux$1849.
    dead port 2/2 on $mux $techmap\baseline.transition.$procmux$5215.
    dead port 2/2 on $mux $techmap\baseline.transition.$procmux$5217.
    dead port 2/2 on $mux $techmap\baseline.transition.$procmux$1851.
    dead port 2/2 on $mux $techmap\baseline.transition.$procmux$5219.
    dead port 1/2 on $mux $techmap\baseline.transition.$procmux$5222.
    dead port 2/2 on $mux $techmap\baseline.transition.$procmux$5224.
    dead port 1/2 on $mux $techmap\baseline.transition.$procmux$2425.
    dead port 2/2 on $mux $techmap\baseline.transition.$procmux$2593.
    dead port 2/2 on $mux $techmap\baseline.transition.$procmux$2595.
    dead port 2/2 on $mux $techmap\baseline.transition.$procmux$5242.
    dead port 2/2 on $mux $techmap\baseline.transition.$procmux$5244.
    dead port 2/2 on $mux $techmap\baseline.transition.$procmux$5246.
    dead port 1/2 on $mux $techmap\baseline.transition.$procmux$5249.
    dead port 2/2 on $mux $techmap\baseline.transition.$procmux$5251.
    dead port 2/2 on $mux $techmap\baseline.transition.$procmux$2348.
    dead port 2/2 on $mux $techmap\baseline.transition.$procmux$5271.
    dead port 2/2 on $mux $techmap\baseline.transition.$procmux$5273.
    dead port 2/2 on $mux $techmap\baseline.transition.$procmux$5275.
    dead port 1/2 on $mux $techmap\baseline.transition.$procmux$5278.
    dead port 2/2 on $mux $techmap\baseline.transition.$procmux$5280.
    dead port 2/2 on $mux $techmap\baseline.transition.$procmux$1245.
    dead port 2/2 on $mux $techmap\baseline.transition.$procmux$5302.
    dead port 2/2 on $mux $techmap\baseline.transition.$procmux$5304.
    dead port 2/2 on $mux $techmap\baseline.transition.$procmux$5306.
    dead port 1/2 on $mux $techmap\baseline.transition.$procmux$5309.
    dead port 2/2 on $mux $techmap\baseline.transition.$procmux$5311.
    dead port 2/2 on $mux $techmap\baseline.transition.$procmux$1853.
    dead port 1/2 on $mux $techmap\baseline.transition.$procmux$1248.
    dead port 2/2 on $mux $techmap\baseline.transition.$procmux$1250.
    dead port 2/2 on $mux $techmap\baseline.transition.$procmux$5335.
    dead port 2/2 on $mux $techmap\baseline.transition.$procmux$5337.
    dead port 1/2 on $mux $techmap\baseline.transition.$procmux$1856.
    dead port 2/2 on $mux $techmap\baseline.transition.$procmux$5339.
    dead port 1/2 on $mux $techmap\baseline.transition.$procmux$5342.
    dead port 2/2 on $mux $techmap\baseline.transition.$procmux$5344.
    dead port 2/2 on $mux $techmap\baseline.transition.$procmux$1858.
    dead port 2/2 on $mux $techmap\baseline.transition.$procmux$2597.
    dead port 1/2 on $mux $techmap\baseline.transition.$procmux$2600.
    dead port 2/2 on $mux $techmap\baseline.transition.$procmux$5370.
    dead port 2/2 on $mux $techmap\baseline.transition.$procmux$5372.
    dead port 2/2 on $mux $techmap\baseline.transition.$procmux$5374.
    dead port 1/2 on $mux $techmap\baseline.transition.$procmux$5377.
    dead port 2/2 on $mux $techmap\baseline.transition.$procmux$5379.
    dead port 2/2 on $mux $techmap\baseline.transition.$procmux$2602.
    dead port 2/2 on $mux $techmap\baseline.transition.$procmux$5407.
    dead port 2/2 on $mux $techmap\baseline.transition.$procmux$5409.
    dead port 2/2 on $mux $techmap\baseline.transition.$procmux$1887.
    dead port 2/2 on $mux $techmap\baseline.transition.$procmux$5411.
    dead port 1/2 on $mux $techmap\baseline.transition.$procmux$5414.
    dead port 2/2 on $mux $techmap\baseline.transition.$procmux$5416.
    dead port 2/2 on $mux $techmap\baseline.transition.$procmux$2624.
    dead port 2/2 on $mux $techmap\baseline.transition.$procmux$5446.
    dead port 2/2 on $mux $techmap\baseline.transition.$procmux$5448.
    dead port 2/2 on $mux $techmap\baseline.transition.$procmux$1889.
    dead port 2/2 on $mux $techmap\baseline.transition.$procmux$5450.
    dead port 1/2 on $mux $techmap\baseline.transition.$procmux$5453.
    dead port 2/2 on $mux $techmap\baseline.transition.$procmux$5455.
    dead port 2/2 on $mux $techmap\baseline.transition.$procmux$1891.
    dead port 2/2 on $mux $techmap\baseline.transition.$procmux$5486.
    dead port 2/2 on $mux $techmap\baseline.transition.$procmux$5488.
    dead port 2/2 on $mux $techmap\baseline.transition.$procmux$2427.
    dead port 2/2 on $mux $techmap\baseline.transition.$procmux$5490.
    dead port 1/2 on $mux $techmap\baseline.transition.$procmux$5493.
    dead port 2/2 on $mux $techmap\baseline.transition.$procmux$5495.
    dead port 2/2 on $mux $techmap\baseline.transition.$procmux$5508.
    dead port 2/2 on $mux $techmap\baseline.transition.$procmux$5510.
    dead port 2/2 on $mux $techmap\baseline.transition.$procmux$5512.
    dead port 1/2 on $mux $techmap\baseline.transition.$procmux$5515.
    dead port 2/2 on $mux $techmap\baseline.transition.$procmux$5517.
    dead port 2/2 on $mux $techmap\baseline.transition.$procmux$1893.
    dead port 2/2 on $mux $techmap\baseline.transition.$procmux$5534.
    dead port 2/2 on $mux $techmap\baseline.transition.$procmux$5536.
    dead port 1/2 on $mux $techmap\baseline.transition.$procmux$1896.
    dead port 2/2 on $mux $techmap\baseline.transition.$procmux$5538.
    dead port 1/2 on $mux $techmap\baseline.transition.$procmux$5541.
    dead port 2/2 on $mux $techmap\baseline.transition.$procmux$5543.
    dead port 2/2 on $mux $techmap\baseline.transition.$procmux$1898.
    dead port 2/2 on $mux $techmap\baseline.transition.$procmux$5564.
    dead port 2/2 on $mux $techmap\baseline.transition.$procmux$5566.
    dead port 2/2 on $mux $techmap\baseline.transition.$procmux$1915.
    dead port 2/2 on $mux $techmap\baseline.transition.$procmux$5568.
    dead port 1/2 on $mux $techmap\baseline.transition.$procmux$5571.
    dead port 2/2 on $mux $techmap\baseline.transition.$procmux$5573.
    dead port 2/2 on $mux $techmap\baseline.transition.$procmux$1917.
    dead port 2/2 on $mux $techmap\baseline.transition.$procmux$1919.
    dead port 2/2 on $mux $techmap\baseline.transition.$procmux$5598.
    dead port 2/2 on $mux $techmap\baseline.transition.$procmux$5600.
    dead port 2/2 on $mux $techmap\baseline.transition.$procmux$5602.
    dead port 1/2 on $mux $techmap\baseline.transition.$procmux$5605.
    dead port 2/2 on $mux $techmap\baseline.transition.$procmux$5607.
    dead port 2/2 on $mux $techmap\baseline.transition.$procmux$2447.
    dead port 2/2 on $mux $techmap\baseline.transition.$procmux$5636.
    dead port 2/2 on $mux $techmap\baseline.transition.$procmux$5638.
    dead port 2/2 on $mux $techmap\baseline.transition.$procmux$5640.
    dead port 1/2 on $mux $techmap\baseline.transition.$procmux$5643.
    dead port 2/2 on $mux $techmap\baseline.transition.$procmux$5645.
    dead port 2/2 on $mux $techmap\baseline.transition.$procmux$5676.
    dead port 2/2 on $mux $techmap\baseline.transition.$procmux$5678.
    dead port 2/2 on $mux $techmap\baseline.transition.$procmux$1921.
    dead port 2/2 on $mux $techmap\baseline.transition.$procmux$5680.
    dead port 1/2 on $mux $techmap\baseline.transition.$procmux$5683.
    dead port 2/2 on $mux $techmap\baseline.transition.$procmux$5685.
    dead port 1/2 on $mux $techmap\baseline.transition.$procmux$1924.
    dead port 2/2 on $mux $techmap\baseline.transition.$procmux$1926.
    dead port 2/2 on $mux $techmap\baseline.transition.$procmux$5704.
    dead port 2/2 on $mux $techmap\baseline.transition.$procmux$5706.
    dead port 2/2 on $mux $techmap\baseline.transition.$procmux$5708.
    dead port 1/2 on $mux $techmap\baseline.transition.$procmux$5711.
    dead port 2/2 on $mux $techmap\baseline.transition.$procmux$5713.
    dead port 2/2 on $mux $techmap\baseline.transition.$procmux$1959.
    dead port 2/2 on $mux $techmap\baseline.transition.$procmux$2449.
    dead port 2/2 on $mux $techmap\baseline.transition.$procmux$1961.
    dead port 2/2 on $mux $techmap\baseline.transition.$procmux$5728.
    dead port 2/2 on $mux $techmap\baseline.transition.$procmux$5730.
    dead port 2/2 on $mux $techmap\baseline.transition.$procmux$1963.
    dead port 2/2 on $mux $techmap\baseline.transition.$procmux$5732.
    dead port 1/2 on $mux $techmap\baseline.transition.$procmux$5735.
    dead port 2/2 on $mux $techmap\baseline.transition.$procmux$5737.
    dead port 2/2 on $mux $techmap\baseline.transition.$procmux$2451.
    dead port 2/2 on $mux $techmap\baseline.transition.$procmux$5760.
    dead port 2/2 on $mux $techmap\baseline.transition.$procmux$5762.
    dead port 2/2 on $mux $techmap\baseline.transition.$procmux$5764.
    dead port 1/2 on $mux $techmap\baseline.transition.$procmux$5767.
    dead port 2/2 on $mux $techmap\baseline.transition.$procmux$5769.
    dead port 2/2 on $mux $techmap\baseline.transition.$procmux$1965.
    dead port 2/2 on $mux $techmap\baseline.transition.$procmux$5800.
    dead port 2/2 on $mux $techmap\baseline.transition.$procmux$5802.
    dead port 1/2 on $mux $techmap\baseline.transition.$procmux$1968.
    dead port 2/2 on $mux $techmap\baseline.transition.$procmux$5804.
    dead port 1/2 on $mux $techmap\baseline.transition.$procmux$5807.
    dead port 2/2 on $mux $techmap\baseline.transition.$procmux$5809.
    dead port 2/2 on $mux $techmap\baseline.transition.$procmux$1970.
    dead port 2/2 on $mux $techmap\baseline.transition.$procmux$5836.
    dead port 2/2 on $mux $techmap\baseline.transition.$procmux$5838.
    dead port 2/2 on $mux $techmap\baseline.transition.$procmux$1995.
    dead port 2/2 on $mux $techmap\baseline.transition.$procmux$5840.
    dead port 1/2 on $mux $techmap\baseline.transition.$procmux$5843.
    dead port 2/2 on $mux $techmap\baseline.transition.$procmux$5845.
    dead port 2/2 on $mux $techmap\baseline.transition.$procmux$5856.
    dead port 2/2 on $mux $techmap\baseline.transition.$procmux$5858.
    dead port 1/2 on $mux $techmap\baseline.transition.$procmux$5861.
    dead port 2/2 on $mux $techmap\baseline.transition.$procmux$5863.
    dead port 2/2 on $mux $techmap\baseline.transition.$procmux$5874.
    dead port 2/2 on $mux $techmap\baseline.transition.$procmux$1997.
    dead port 2/2 on $mux $techmap\baseline.transition.$procmux$5876.
    dead port 1/2 on $mux $techmap\baseline.transition.$procmux$5879.
    dead port 2/2 on $mux $techmap\baseline.transition.$procmux$5881.
    dead port 2/2 on $mux $techmap\baseline.transition.$procmux$5893.
    dead port 2/2 on $mux $techmap\baseline.transition.$procmux$5895.
    dead port 2/2 on $mux $techmap\baseline.transition.$procmux$1999.
    dead port 2/2 on $mux $techmap\baseline.transition.$procmux$5897.
    dead port 1/2 on $mux $techmap\baseline.transition.$procmux$5900.
    dead port 2/2 on $mux $techmap\baseline.transition.$procmux$5902.
    dead port 2/2 on $mux $techmap\baseline.transition.$procmux$5914.
    dead port 2/2 on $mux $techmap\baseline.transition.$procmux$2311.
    dead port 2/2 on $mux $techmap\baseline.transition.$procmux$5916.
    dead port 1/2 on $mux $techmap\baseline.transition.$procmux$5919.
    dead port 2/2 on $mux $techmap\baseline.transition.$procmux$5921.
    dead port 2/2 on $mux $techmap\baseline.transition.$procmux$5934.
    dead port 2/2 on $mux $techmap\baseline.transition.$procmux$5936.
    dead port 2/2 on $mux $techmap\baseline.transition.$procmux$5938.
    dead port 1/2 on $mux $techmap\baseline.transition.$procmux$5941.
    dead port 2/2 on $mux $techmap\baseline.transition.$procmux$5943.
    dead port 2/2 on $mux $techmap\baseline.transition.$procmux$5959.
    dead port 2/2 on $mux $techmap\baseline.transition.$procmux$5961.
    dead port 2/2 on $mux $techmap\baseline.transition.$procmux$5963.
    dead port 1/2 on $mux $techmap\baseline.transition.$procmux$5966.
    dead port 2/2 on $mux $techmap\baseline.transition.$procmux$5968.
    dead port 2/2 on $mux $techmap\baseline.transition.$procmux$5986.
    dead port 2/2 on $mux $techmap\baseline.transition.$procmux$5988.
    dead port 2/2 on $mux $techmap\baseline.transition.$procmux$5990.
    dead port 1/2 on $mux $techmap\baseline.transition.$procmux$5993.
    dead port 2/2 on $mux $techmap\baseline.transition.$procmux$5995.
    dead port 2/2 on $mux $techmap\baseline.transition.$procmux$6015.
    dead port 2/2 on $mux $techmap\baseline.transition.$procmux$6017.
    dead port 2/2 on $mux $techmap\baseline.transition.$procmux$6019.
    dead port 1/2 on $mux $techmap\baseline.transition.$procmux$6022.
    dead port 2/2 on $mux $techmap\baseline.transition.$procmux$6024.
    dead port 2/2 on $mux $techmap\baseline.transition.$procmux$6046.
    dead port 2/2 on $mux $techmap\baseline.transition.$procmux$6048.
    dead port 2/2 on $mux $techmap\baseline.transition.$procmux$6050.
    dead port 1/2 on $mux $techmap\baseline.transition.$procmux$6053.
    dead port 2/2 on $mux $techmap\baseline.transition.$procmux$6055.
    dead port 2/2 on $mux $techmap\baseline.transition.$procmux$6079.
    dead port 2/2 on $mux $techmap\baseline.transition.$procmux$6081.
    dead port 2/2 on $mux $techmap\baseline.transition.$procmux$2001.
    dead port 2/2 on $mux $techmap\baseline.transition.$procmux$6083.
    dead port 1/2 on $mux $techmap\baseline.transition.$procmux$6086.
    dead port 2/2 on $mux $techmap\baseline.transition.$procmux$6088.
    dead port 2/2 on $mux $techmap\baseline.transition.$procmux$6114.
    dead port 2/2 on $mux $techmap\baseline.transition.$procmux$6116.
    dead port 1/2 on $mux $techmap\baseline.transition.$procmux$2004.
    dead port 2/2 on $mux $techmap\baseline.transition.$procmux$6118.
    dead port 1/2 on $mux $techmap\baseline.transition.$procmux$6121.
    dead port 2/2 on $mux $techmap\baseline.transition.$procmux$6123.
    dead port 2/2 on $mux $techmap\baseline.transition.$procmux$6151.
    dead port 2/2 on $mux $techmap\baseline.transition.$procmux$6153.
    dead port 2/2 on $mux $techmap\baseline.transition.$procmux$2006.
    dead port 2/2 on $mux $techmap\baseline.transition.$procmux$6155.
    dead port 1/2 on $mux $techmap\baseline.transition.$procmux$6158.
    dead port 2/2 on $mux $techmap\baseline.transition.$procmux$6160.
    dead port 2/2 on $mux $techmap\baseline.transition.$procmux$6190.
    dead port 2/2 on $mux $techmap\baseline.transition.$procmux$6192.
    dead port 2/2 on $mux $techmap\baseline.transition.$procmux$6194.
    dead port 1/2 on $mux $techmap\baseline.transition.$procmux$6197.
    dead port 2/2 on $mux $techmap\baseline.transition.$procmux$6199.
    dead port 2/2 on $mux $techmap\baseline.transition.$procmux$6231.
    dead port 2/2 on $mux $techmap\baseline.transition.$procmux$6233.
    dead port 2/2 on $mux $techmap\baseline.transition.$procmux$6235.
    dead port 1/2 on $mux $techmap\baseline.transition.$procmux$6238.
    dead port 2/2 on $mux $techmap\baseline.transition.$procmux$6240.
    dead port 2/2 on $mux $techmap\baseline.transition.$procmux$6274.
    dead port 2/2 on $mux $techmap\baseline.transition.$procmux$6276.
    dead port 2/2 on $mux $techmap\baseline.transition.$procmux$2020.
    dead port 2/2 on $mux $techmap\baseline.transition.$procmux$6278.
    dead port 1/2 on $mux $techmap\baseline.transition.$procmux$6281.
    dead port 2/2 on $mux $techmap\baseline.transition.$procmux$6283.
    dead port 2/2 on $mux $techmap\baseline.transition.$procmux$6297.
    dead port 2/2 on $mux $techmap\baseline.transition.$procmux$6299.
    dead port 2/2 on $mux $techmap\baseline.transition.$procmux$6301.
    dead port 1/2 on $mux $techmap\baseline.transition.$procmux$6304.
    dead port 2/2 on $mux $techmap\baseline.transition.$procmux$6306.
    dead port 2/2 on $mux $techmap\baseline.transition.$procmux$6325.
    dead port 2/2 on $mux $techmap\baseline.transition.$procmux$6327.
    dead port 2/2 on $mux $techmap\baseline.transition.$procmux$2022.
    dead port 2/2 on $mux $techmap\baseline.transition.$procmux$6329.
    dead port 1/2 on $mux $techmap\baseline.transition.$procmux$6332.
    dead port 2/2 on $mux $techmap\baseline.transition.$procmux$6334.
    dead port 2/2 on $mux $techmap\baseline.transition.$procmux$6357.
    dead port 2/2 on $mux $techmap\baseline.transition.$procmux$6359.
    dead port 2/2 on $mux $techmap\baseline.transition.$procmux$2024.
    dead port 2/2 on $mux $techmap\baseline.transition.$procmux$6361.
    dead port 1/2 on $mux $techmap\baseline.transition.$procmux$6364.
    dead port 2/2 on $mux $techmap\baseline.transition.$procmux$6366.
    dead port 2/2 on $mux $techmap\baseline.transition.$procmux$6393.
    dead port 2/2 on $mux $techmap\baseline.transition.$procmux$6395.
    dead port 2/2 on $mux $techmap\baseline.transition.$procmux$6397.
    dead port 1/2 on $mux $techmap\baseline.transition.$procmux$6400.
    dead port 2/2 on $mux $techmap\baseline.transition.$procmux$6402.
    dead port 2/2 on $mux $techmap\baseline.transition.$procmux$6433.
    dead port 2/2 on $mux $techmap\baseline.transition.$procmux$6435.
    dead port 2/2 on $mux $techmap\baseline.transition.$procmux$6437.
    dead port 1/2 on $mux $techmap\baseline.transition.$procmux$6440.
    dead port 2/2 on $mux $techmap\baseline.transition.$procmux$6442.
    dead port 2/2 on $mux $techmap\baseline.transition.$procmux$6457.
    dead port 2/2 on $mux $techmap\baseline.transition.$procmux$6459.
    dead port 2/2 on $mux $techmap\baseline.transition.$procmux$1201.
    dead port 2/2 on $mux $techmap\baseline.transition.$procmux$6461.
    dead port 1/2 on $mux $techmap\baseline.transition.$procmux$6464.
    dead port 2/2 on $mux $techmap\baseline.transition.$procmux$6466.
    dead port 2/2 on $mux $techmap\baseline.transition.$procmux$6487.
    dead port 2/2 on $mux $techmap\baseline.transition.$procmux$6489.
    dead port 1/2 on $mux $techmap\baseline.transition.$procmux$1204.
    dead port 2/2 on $mux $techmap\baseline.transition.$procmux$6491.
    dead port 1/2 on $mux $techmap\baseline.transition.$procmux$6494.
    dead port 2/2 on $mux $techmap\baseline.transition.$procmux$6496.
    dead port 2/2 on $mux $techmap\baseline.transition.$procmux$6525.
    dead port 2/2 on $mux $techmap\baseline.transition.$procmux$6527.
    dead port 2/2 on $mux $techmap\baseline.transition.$procmux$1206.
    dead port 2/2 on $mux $techmap\baseline.transition.$procmux$6529.
    dead port 1/2 on $mux $techmap\baseline.transition.$procmux$6532.
    dead port 2/2 on $mux $techmap\baseline.transition.$procmux$6534.
    dead port 2/2 on $mux $techmap\baseline.transition.$procmux$6551.
    dead port 2/2 on $mux $techmap\baseline.transition.$procmux$6553.
    dead port 2/2 on $mux $techmap\baseline.transition.$procmux$2453.
    dead port 2/2 on $mux $techmap\baseline.transition.$procmux$6555.
    dead port 1/2 on $mux $techmap\baseline.transition.$procmux$6558.
    dead port 2/2 on $mux $techmap\baseline.transition.$procmux$6560.
    dead port 2/2 on $mux $techmap\baseline.transition.$procmux$6593.
    dead port 2/2 on $mux $techmap\baseline.transition.$procmux$6595.
    dead port 2/2 on $mux $techmap\baseline.transition.$procmux$2026.
    dead port 2/2 on $mux $techmap\baseline.transition.$procmux$6597.
    dead port 1/2 on $mux $techmap\baseline.transition.$procmux$6600.
    dead port 2/2 on $mux $techmap\baseline.transition.$procmux$6602.
    dead port 2/2 on $mux $techmap\baseline.transition.$procmux$6627.
    dead port 2/2 on $mux $techmap\baseline.transition.$procmux$6629.
    dead port 1/2 on $mux $techmap\baseline.transition.$procmux$2029.
    dead port 2/2 on $mux $techmap\baseline.transition.$procmux$6631.
    dead port 1/2 on $mux $techmap\baseline.transition.$procmux$6634.
    dead port 2/2 on $mux $techmap\baseline.transition.$procmux$6636.
    dead port 1/2 on $mux $techmap\baseline.transition.$procmux$2456.
    dead port 2/2 on $mux $techmap\baseline.transition.$procmux$6649.
    dead port 2/2 on $mux $techmap\baseline.transition.$procmux$6651.
    dead port 2/2 on $mux $techmap\baseline.transition.$procmux$2031.
    dead port 2/2 on $mux $techmap\baseline.transition.$procmux$6653.
    dead port 1/2 on $mux $techmap\baseline.transition.$procmux$6656.
    dead port 2/2 on $mux $techmap\baseline.transition.$procmux$6658.
    dead port 2/2 on $mux $techmap\baseline.transition.$procmux$2458.
    dead port 2/2 on $mux $techmap\baseline.transition.$procmux$6675.
    dead port 2/2 on $mux $techmap\baseline.transition.$procmux$6677.
    dead port 2/2 on $mux $techmap\baseline.transition.$procmux$6679.
    dead port 1/2 on $mux $techmap\baseline.transition.$procmux$6682.
    dead port 2/2 on $mux $techmap\baseline.transition.$procmux$6684.
    dead port 2/2 on $mux $techmap\baseline.transition.$procmux$2482.
    dead port 2/2 on $mux $techmap\baseline.transition.$procmux$1217.
    dead port 2/2 on $mux $techmap\baseline.transition.$procmux$2048.
    dead port 2/2 on $mux $techmap\baseline.transition.$procmux$6699.
    dead port 2/2 on $mux $techmap\baseline.transition.$procmux$6701.
    dead port 2/2 on $mux $techmap\baseline.transition.$procmux$2484.
    dead port 2/2 on $mux $techmap\baseline.transition.$procmux$6703.
    dead port 1/2 on $mux $techmap\baseline.transition.$procmux$6706.
    dead port 2/2 on $mux $techmap\baseline.transition.$procmux$6708.
    dead port 2/2 on $mux $techmap\baseline.transition.$procmux$2050.
    dead port 2/2 on $mux $techmap\baseline.transition.$procmux$2486.
    dead port 2/2 on $mux $techmap\baseline.transition.$procmux$6727.
    dead port 2/2 on $mux $techmap\baseline.transition.$procmux$6729.
    dead port 2/2 on $mux $techmap\baseline.transition.$procmux$2052.
    dead port 2/2 on $mux $techmap\baseline.transition.$procmux$6731.
    dead port 1/2 on $mux $techmap\baseline.transition.$procmux$6734.
    dead port 2/2 on $mux $techmap\baseline.transition.$procmux$6736.
    dead port 2/2 on $mux $techmap\baseline.transition.$procmux$1219.
    dead port 2/2 on $mux $techmap\baseline.transition.$procmux$1221.
    dead port 2/2 on $mux $techmap\baseline.transition.$procmux$6757.
    dead port 2/2 on $mux $techmap\baseline.transition.$procmux$6759.
    dead port 2/2 on $mux $techmap\baseline.transition.$procmux$6761.
    dead port 1/2 on $mux $techmap\baseline.transition.$procmux$6764.
    dead port 2/2 on $mux $techmap\baseline.transition.$procmux$6766.
    dead port 2/2 on $mux $techmap\baseline.transition.$procmux$2488.
    dead port 1/2 on $mux $techmap\baseline.transition.$procmux$2491.
    dead port 2/2 on $mux $techmap\baseline.transition.$procmux$6789.
    dead port 2/2 on $mux $techmap\baseline.transition.$procmux$6791.
    dead port 2/2 on $mux $techmap\baseline.transition.$procmux$2493.
    dead port 2/2 on $mux $techmap\baseline.transition.$procmux$6793.
    dead port 1/2 on $mux $techmap\baseline.transition.$procmux$6796.
    dead port 2/2 on $mux $techmap\baseline.transition.$procmux$6798.
    dead port 2/2 on $mux $techmap\baseline.transition.$procmux$2521.
    dead port 2/2 on $mux $techmap\baseline.transition.$procmux$6823.
    dead port 2/2 on $mux $techmap\baseline.transition.$procmux$6825.
    dead port 2/2 on $mux $techmap\baseline.transition.$procmux$6827.
    dead port 1/2 on $mux $techmap\baseline.transition.$procmux$6830.
    dead port 2/2 on $mux $techmap\baseline.transition.$procmux$6832.
    dead port 2/2 on $mux $techmap\baseline.transition.$procmux$2054.
    dead port 2/2 on $mux $techmap\baseline.transition.$procmux$2523.
    dead port 2/2 on $mux $techmap\baseline.transition.$procmux$2525.
    dead port 2/2 on $mux $techmap\baseline.transition.$procmux$6859.
    dead port 2/2 on $mux $techmap\baseline.transition.$procmux$6861.
    dead port 1/2 on $mux $techmap\baseline.transition.$procmux$2057.
    dead port 2/2 on $mux $techmap\baseline.transition.$procmux$6863.
    dead port 1/2 on $mux $techmap\baseline.transition.$procmux$6866.
    dead port 2/2 on $mux $techmap\baseline.transition.$procmux$6868.
    dead port 2/2 on $mux $techmap\baseline.transition.$procmux$2059.
    dead port 2/2 on $mux $techmap\baseline.transition.$procmux$2344.
    dead port 2/2 on $mux $techmap\baseline.transition.$procmux$6897.
    dead port 2/2 on $mux $techmap\baseline.transition.$procmux$6899.
    dead port 2/2 on $mux $techmap\baseline.transition.$procmux$6901.
    dead port 1/2 on $mux $techmap\baseline.transition.$procmux$6904.
    dead port 2/2 on $mux $techmap\baseline.transition.$procmux$6906.
    dead port 2/2 on $mux $techmap\baseline.transition.$procmux$1223.
    dead port 1/2 on $mux $techmap\baseline.transition.$procmux$1226.
    dead port 2/2 on $mux $techmap\baseline.transition.$procmux$6937.
    dead port 2/2 on $mux $techmap\baseline.transition.$procmux$6939.
    dead port 2/2 on $mux $techmap\baseline.transition.$procmux$2078.
    dead port 2/2 on $mux $techmap\baseline.transition.$procmux$6941.
    dead port 1/2 on $mux $techmap\baseline.transition.$procmux$6944.
    dead port 2/2 on $mux $techmap\baseline.transition.$procmux$6946.
    dead port 2/2 on $mux $techmap\baseline.transition.$procmux$1228.
    dead port 2/2 on $mux $techmap\baseline.transition.$procmux$2527.
    dead port 2/2 on $mux $techmap\baseline.transition.$procmux$6978.
    dead port 2/2 on $mux $techmap\baseline.transition.$procmux$6980.
    dead port 2/2 on $mux $techmap\baseline.transition.$procmux$2080.
    dead port 2/2 on $mux $techmap\baseline.transition.$procmux$6982.
    dead port 1/2 on $mux $techmap\baseline.transition.$procmux$6985.
    dead port 2/2 on $mux $techmap\baseline.transition.$procmux$6987.
    dead port 2/2 on $mux $techmap\baseline.transition.$procmux$2082.
    dead port 1/2 on $mux $techmap\baseline.transition.$procmux$2530.
    dead port 2/2 on $mux $techmap\baseline.transition.$procmux$7001.
    dead port 2/2 on $mux $techmap\baseline.transition.$procmux$7003.
    dead port 2/2 on $mux $techmap\baseline.transition.$procmux$2532.
    dead port 2/2 on $mux $techmap\baseline.transition.$procmux$7005.
    dead port 1/2 on $mux $techmap\baseline.transition.$procmux$7008.
    dead port 2/2 on $mux $techmap\baseline.transition.$procmux$7010.
    dead port 2/2 on $mux $techmap\baseline.transition.$procmux$2564.
    dead port 2/2 on $mux $techmap\baseline.transition.$procmux$7028.
    dead port 2/2 on $mux $techmap\baseline.transition.$procmux$7030.
    dead port 2/2 on $mux $techmap\baseline.transition.$procmux$7032.
    dead port 1/2 on $mux $techmap\baseline.transition.$procmux$7035.
    dead port 2/2 on $mux $techmap\baseline.transition.$procmux$7037.
    dead port 2/2 on $mux $techmap\baseline.transition.$procmux$2084.
    dead port 1/2 on $mux $techmap\baseline.transition.$procmux$2087.
    dead port 2/2 on $mux $techmap\baseline.transition.$procmux$2089.
    dead port 2/2 on $mux $techmap\baseline.transition.$procmux$7059.
    dead port 2/2 on $mux $techmap\baseline.transition.$procmux$7061.
    dead port 2/2 on $mux $techmap\baseline.transition.$procmux$7063.
    dead port 1/2 on $mux $techmap\baseline.transition.$procmux$7066.
    dead port 2/2 on $mux $techmap\baseline.transition.$procmux$7068.
    dead port 2/2 on $mux $techmap\baseline.transition.$procmux$2566.
    dead port 2/2 on $mux $techmap\baseline.transition.$procmux$2110.
    dead port 2/2 on $mux $techmap\baseline.transition.$procmux$2568.
    dead port 2/2 on $mux $techmap\baseline.transition.$procmux$7094.
    dead port 2/2 on $mux $techmap\baseline.transition.$procmux$7096.
    dead port 2/2 on $mux $techmap\baseline.transition.$procmux$2112.
    dead port 2/2 on $mux $techmap\baseline.transition.$procmux$7098.
    dead port 1/2 on $mux $techmap\baseline.transition.$procmux$7101.
    dead port 2/2 on $mux $techmap\baseline.transition.$procmux$7103.
    dead port 2/2 on $mux $techmap\baseline.transition.$procmux$2114.
    dead port 2/2 on $mux $techmap\baseline.transition.$procmux$7133.
    dead port 2/2 on $mux $techmap\baseline.transition.$procmux$7135.
    dead port 2/2 on $mux $techmap\baseline.transition.$procmux$7137.
    dead port 1/2 on $mux $techmap\baseline.transition.$procmux$7140.
    dead port 2/2 on $mux $techmap\baseline.transition.$procmux$7142.
    dead port 2/2 on $mux $techmap\baseline.transition.$procmux$7174.
    dead port 2/2 on $mux $techmap\baseline.transition.$procmux$7176.
    dead port 2/2 on $mux $techmap\baseline.transition.$procmux$7178.
    dead port 1/2 on $mux $techmap\baseline.transition.$procmux$7181.
    dead port 2/2 on $mux $techmap\baseline.transition.$procmux$7183.
    dead port 2/2 on $mux $techmap\baseline.transition.$procmux$1095.
    dead port 2/2 on $mux $techmap\baseline.transition.$procmux$2116.
    dead port 1/2 on $mux $techmap\baseline.transition.$procmux$2119.
    dead port 2/2 on $mux $techmap\baseline.transition.$procmux$7203.
    dead port 2/2 on $mux $techmap\baseline.transition.$procmux$7205.
    dead port 2/2 on $mux $techmap\baseline.transition.$procmux$2121.
    dead port 2/2 on $mux $techmap\baseline.transition.$procmux$7207.
    dead port 1/2 on $mux $techmap\baseline.transition.$procmux$7210.
    dead port 2/2 on $mux $techmap\baseline.transition.$procmux$7212.
    dead port 2/2 on $mux $techmap\baseline.transition.$procmux$2144.
    dead port 2/2 on $mux $techmap\baseline.transition.$procmux$7228.
    dead port 2/2 on $mux $techmap\baseline.transition.$procmux$7230.
    dead port 2/2 on $mux $techmap\baseline.transition.$procmux$1101.
    dead port 2/2 on $mux $techmap\baseline.transition.$procmux$7232.
    dead port 1/2 on $mux $techmap\baseline.transition.$procmux$7235.
    dead port 2/2 on $mux $techmap\baseline.transition.$procmux$7237.
    dead port 2/2 on $mux $techmap\baseline.transition.$procmux$2146.
    dead port 2/2 on $mux $techmap\baseline.transition.$procmux$2148.
    dead port 2/2 on $mux $techmap\baseline.transition.$procmux$7261.
    dead port 2/2 on $mux $techmap\baseline.transition.$procmux$7263.
    dead port 2/2 on $mux $techmap\baseline.transition.$procmux$7265.
    dead port 1/2 on $mux $techmap\baseline.transition.$procmux$7268.
    dead port 2/2 on $mux $techmap\baseline.transition.$procmux$7270.
    dead port 2/2 on $mux $techmap\baseline.transition.$procmux$1107.
    dead port 2/2 on $mux $techmap\baseline.transition.$procmux$1113.
    dead port 2/2 on $mux $techmap\baseline.transition.$procmux$7302.
    dead port 2/2 on $mux $techmap\baseline.transition.$procmux$7304.
    dead port 2/2 on $mux $techmap\baseline.transition.$procmux$7306.
    dead port 1/2 on $mux $techmap\baseline.transition.$procmux$7309.
    dead port 2/2 on $mux $techmap\baseline.transition.$procmux$7311.
    dead port 2/2 on $mux $techmap\baseline.transition.$procmux$2150.
    dead port 1/2 on $mux $techmap\baseline.transition.$procmux$2153.
    dead port 2/2 on $mux $techmap\baseline.transition.$procmux$2155.
    dead port 2/2 on $mux $techmap\baseline.transition.$procmux$7339.
    dead port 2/2 on $mux $techmap\baseline.transition.$procmux$7341.
    dead port 2/2 on $mux $techmap\baseline.transition.$procmux$7343.
    dead port 1/2 on $mux $techmap\baseline.transition.$procmux$7346.
    dead port 2/2 on $mux $techmap\baseline.transition.$procmux$7348.
    dead port 2/2 on $mux $techmap\baseline.transition.$procmux$7360.
    dead port 2/2 on $mux $techmap\baseline.transition.$procmux$1119.
    dead port 2/2 on $mux $techmap\baseline.transition.$procmux$7362.
    dead port 1/2 on $mux $techmap\baseline.transition.$procmux$7365.
    dead port 2/2 on $mux $techmap\baseline.transition.$procmux$7367.
    dead port 2/2 on $mux $techmap\baseline.transition.$procmux$7379.
    dead port 2/2 on $mux $techmap\baseline.transition.$procmux$2180.
    dead port 2/2 on $mux $techmap\baseline.transition.$procmux$7381.
    dead port 1/2 on $mux $techmap\baseline.transition.$procmux$7384.
    dead port 2/2 on $mux $techmap\baseline.transition.$procmux$7386.
    dead port 2/2 on $mux $techmap\baseline.transition.$procmux$7399.
    dead port 2/2 on $mux $techmap\baseline.transition.$procmux$7401.
    dead port 2/2 on $mux $techmap\baseline.transition.$procmux$7403.
    dead port 1/2 on $mux $techmap\baseline.transition.$procmux$7406.
    dead port 2/2 on $mux $techmap\baseline.transition.$procmux$7408.
    dead port 2/2 on $mux $techmap\baseline.transition.$procmux$1241.
    dead port 2/2 on $mux $techmap\baseline.transition.$procmux$2182.
    dead port 2/2 on $mux $techmap\baseline.transition.$procmux$2184.
    dead port 2/2 on $mux $techmap\baseline.transition.$procmux$1243.
    dead port 2/2 on $mux $techmap\baseline.transition.$procmux$1125.
    dead port 2/2 on $mux $techmap\baseline.transition.$procmux$1131.
    dead port 2/2 on $mux $techmap\baseline.transition.$procmux$1137.
    dead port 2/2 on $mux $techmap\baseline.transition.$procmux$2186.
    dead port 2/2 on $mux $techmap\baseline.transition.$procmux$7419.
    dead port 1/2 on $mux $techmap\baseline.transition.$procmux$7422.
    dead port 2/2 on $mux $techmap\baseline.transition.$procmux$7424.
    dead port 2/2 on $mux $techmap\baseline.transition.$procmux$7435.
    dead port 2/2 on $mux $techmap\baseline.transition.$procmux$7437.
    dead port 1/2 on $mux $techmap\baseline.transition.$procmux$2189.
    dead port 2/2 on $mux $techmap\baseline.transition.$procmux$7439.
    dead port 1/2 on $mux $techmap\baseline.transition.$procmux$7442.
    dead port 2/2 on $mux $techmap\baseline.transition.$procmux$7444.
    dead port 1/2 on $mux $techmap\baseline.transition.$procmux$7472.
    dead port 2/2 on $mux $techmap\baseline.transition.$procmux$7474.
    dead port 1/2 on $mux $techmap\baseline.transition.$procmux$7481.
    dead port 2/2 on $mux $techmap\baseline.transition.$procmux$7483.
    dead port 2/2 on $mux $techmap\baseline.transition.$procmux$7489.
    dead port 2/2 on $mux $techmap\baseline.transition.$procmux$7495.
    dead port 2/2 on $mux $techmap\baseline.transition.$procmux$7502.
    dead port 2/2 on $mux $techmap\baseline.transition.$procmux$7504.
    dead port 2/2 on $mux $techmap\baseline.transition.$procmux$7511.
    dead port 2/2 on $mux $techmap\baseline.transition.$procmux$7513.
    dead port 2/2 on $mux $techmap\baseline.transition.$procmux$7519.
    dead port 2/2 on $mux $techmap\baseline.transition.$procmux$7525.
    dead port 2/2 on $mux $techmap\baseline.transition.$procmux$7532.
    dead port 2/2 on $mux $techmap\baseline.transition.$procmux$7534.
    dead port 2/2 on $mux $techmap\baseline.transition.$procmux$7546.
    dead port 2/2 on $mux $techmap\baseline.transition.$procmux$7561.
    dead port 2/2 on $mux $techmap\baseline.transition.$procmux$7567.
    dead port 2/2 on $mux $techmap\baseline.transition.$procmux$7573.
    dead port 2/2 on $mux $techmap\baseline.transition.$procmux$7579.
    dead port 2/2 on $mux $techmap\baseline.transition.$procmux$7585.
    dead port 2/2 on $mux $techmap\baseline.transition.$procmux$7591.
    dead port 2/2 on $mux $techmap\baseline.transition.$procmux$7597.
    dead port 2/2 on $mux $techmap\baseline.transition.$procmux$7603.
    dead port 2/2 on $mux $techmap\baseline.transition.$procmux$2191.
    dead port 2/2 on $mux $techmap\baseline.transition.$procmux$2218.
    dead port 2/2 on $mux $techmap\baseline.transition.$procmux$2220.
    dead port 2/2 on $mux $techmap\baseline.transition.$procmux$2222.
    dead port 2/2 on $mux $techmap\baseline.transition.$procmux$2346.
    dead port 2/2 on $mux $techmap\baseline.transition.$procmux$2224.
    dead port 1/2 on $mux $techmap\baseline.transition.$procmux$2227.
    dead port 2/2 on $mux $techmap\baseline.transition.$procmux$2229.
    dead port 2/2 on $mux $techmap\baseline.transition.$procmux$2258.
    dead port 2/2 on $mux $techmap\baseline.transition.$procmux$2260.
    dead port 2/2 on $mux $techmap\baseline.transition.$procmux$2262.
    dead port 2/2 on $mux $techmap\baseline.transition.$procmux$2570.
    dead port 2/2 on $mux $techmap\baseline.transition.$procmux$2264.
    dead port 1/2 on $mux $techmap\baseline.transition.$procmux$2267.
    dead port 2/2 on $mux $techmap\baseline.transition.$procmux$2269.
    dead port 2/2 on $mux $techmap\baseline.transition.$procmux$2300.
    dead port 2/2 on $mux $techmap\baseline.transition.$procmux$2302.
    dead port 2/2 on $mux $techmap\baseline.transition.$procmux$2304.
    dead port 1/2 on $mux $techmap\baseline.transition.$procmux$2573.
    dead port 2/2 on $mux $techmap\baseline.transition.$procmux$1159.
    dead port 1/2 on $mux $techmap\baseline.transition.$procmux$1162.
Removed 1098 multiplexer ports.
<suppressed ~22 debug messages>

8.4. Executing OPT_REDUCE pass (consolidate $*mux and $reduce_* inputs).
  Optimizing cells in module \fixed_ingress_machine.
    New input vector for $reduce_or cell $techmap\baseline.transition.$procmux$7620_ANY: { $techmap\baseline.transition.$procmux$1154_CMP [2] $techmap\baseline.transition.$procmux$1154_CMP [3] }
    New input vector for $reduce_or cell $techmap\baseline.transition.$procmux$2349_ANY: { $techmap\baseline.transition.$procmux$1154_CMP [0] $techmap\baseline.transition.$procmux$1154_CMP [1] $techmap\baseline.transition.$procmux$1154_CMP [2] $techmap\baseline.transition.$procmux$1154_CMP [3] $techmap\baseline.transition.$procmux$1154_CMP [4] }
    New input vector for $reduce_or cell $techmap\baseline.transition.$procmux$2870_ANY: { $techmap\baseline.transition.$procmux$1154_CMP [0] $techmap\baseline.transition.$procmux$1154_CMP [1] }
    New ctrl vector for $pmux cell $techmap\baseline.transition.$procmux$4760: $auto$opt_reduce.cc:132:opt_mux$7635
    New ctrl vector for $pmux cell $techmap\baseline.transition.$procmux$4793: $auto$opt_reduce.cc:132:opt_mux$7637
    New ctrl vector for $pmux cell $techmap\baseline.transition.$procmux$4830: $auto$opt_reduce.cc:132:opt_mux$7639
    New ctrl vector for $pmux cell $techmap\baseline.transition.$procmux$4896: $auto$opt_reduce.cc:132:opt_mux$7641
    New ctrl vector for $pmux cell $techmap\baseline.transition.$procmux$4919: $auto$opt_reduce.cc:132:opt_mux$7643
    New ctrl vector for $pmux cell $techmap\baseline.transition.$procmux$4950: $auto$opt_reduce.cc:132:opt_mux$7645
    New ctrl vector for $pmux cell $techmap\baseline.transition.$procmux$4989: $auto$opt_reduce.cc:132:opt_mux$7647
    New ctrl vector for $pmux cell $techmap\baseline.transition.$procmux$5024: $auto$opt_reduce.cc:132:opt_mux$7649
    New ctrl vector for $pmux cell $techmap\baseline.transition.$procmux$4400: $auto$opt_reduce.cc:132:opt_mux$7651
    New ctrl vector for $pmux cell $techmap\baseline.transition.$procmux$1257: { $techmap\baseline.transition.$procmux$1154_CMP [0] $techmap\baseline.transition.$procmux$1154_CMP [1] $auto$opt_reduce.cc:132:opt_mux$7653 }
    New ctrl vector for $pmux cell $techmap\baseline.transition.$procmux$4422: $auto$opt_reduce.cc:132:opt_mux$7655
    New ctrl vector for $pmux cell $techmap\baseline.transition.$procmux$4448: $auto$opt_reduce.cc:132:opt_mux$7657
    New ctrl vector for $pmux cell $techmap\baseline.transition.$procmux$4476: $auto$opt_reduce.cc:132:opt_mux$7659
    New ctrl vector for $pmux cell $techmap\baseline.transition.$procmux$4506: $auto$opt_reduce.cc:132:opt_mux$7661
    New ctrl vector for $pmux cell $techmap\baseline.transition.$procmux$4538: $auto$opt_reduce.cc:132:opt_mux$7663
    New ctrl vector for $pmux cell $techmap\baseline.transition.$procmux$4572: $auto$opt_reduce.cc:132:opt_mux$7665
    New ctrl vector for $pmux cell $techmap\baseline.transition.$procmux$4608: $auto$opt_reduce.cc:132:opt_mux$7667
    New ctrl vector for $pmux cell $techmap\baseline.transition.$procmux$4646: $auto$opt_reduce.cc:132:opt_mux$7669
    New ctrl vector for $mux cell $techmap\baseline.transition.$procmux$7509: { }
    New ctrl vector for $pmux cell $techmap\baseline.transition.$procmux$4686: $auto$opt_reduce.cc:132:opt_mux$7671
    New ctrl vector for $pmux cell $techmap\baseline.transition.$procmux$4707: $auto$opt_reduce.cc:132:opt_mux$7673
    New ctrl vector for $pmux cell $techmap\ingress.$procmux$1074: $auto$opt_reduce.cc:132:opt_mux$7675
    New ctrl vector for $pmux cell $techmap\baseline.transition.$procmux$4731: $auto$opt_reduce.cc:132:opt_mux$7677
    New input vector for $reduce_or cell $auto$opt_reduce.cc:126:opt_mux$7642: { $techmap\baseline.transition.$procmux$4424_CMP $techmap\baseline.transition.$procmux$4402_CMP $techmap\baseline.transition.$procmux$4401_CMP }
    New input vector for $reduce_or cell $auto$opt_reduce.cc:126:opt_mux$7654: { $techmap\baseline.transition.$procmux$4424_CMP $techmap\baseline.transition.$procmux$4401_CMP $techmap\baseline.transition.$procmux$4379_CMP }
  Optimizing cells in module \fixed_ingress_machine.
Performed a total of 28 changes.

8.5. Executing OPT_MERGE pass (detect identical cells).
Finding identical cells in module `\fixed_ingress_machine'.
<suppressed ~66 debug messages>
Removed a total of 22 cells.

8.6. Executing OPT_RMDFF pass (remove dff with constant values).

8.7. Executing OPT_CLEAN pass (remove unused cells and wires).
Finding unused cells or wires in module \fixed_ingress_machine..
Removed 2 unused cells and 1828 unused wires.
<suppressed ~6 debug messages>

8.8. Executing OPT_EXPR pass (perform const folding).
Optimizing module fixed_ingress_machine.

8.9. Rerunning OPT passes. (Maybe there is more to do..)

8.10. Executing OPT_MUXTREE pass (detect dead branches in mux trees).
Running muxtree optimizer on module \fixed_ingress_machine..
  Creating internal representation of mux trees.
  Evaluating internal representation of mux trees.
  Analyzing evaluation results.
Removed 0 multiplexer ports.
<suppressed ~44 debug messages>

8.11. Executing OPT_REDUCE pass (consolidate $*mux and $reduce_* inputs).
  Optimizing cells in module \fixed_ingress_machine.
Performed a total of 0 changes.

8.12. Executing OPT_MERGE pass (detect identical cells).
Finding identical cells in module `\fixed_ingress_machine'.
Removed a total of 0 cells.

8.13. Executing OPT_RMDFF pass (remove dff with constant values).

8.14. Executing OPT_CLEAN pass (remove unused cells and wires).
Finding unused cells or wires in module \fixed_ingress_machine..

8.15. Executing OPT_EXPR pass (perform const folding).
Optimizing module fixed_ingress_machine.

8.16. Finished OPT passes. (There is nothing left to do.)

9. Executing SYNTH pass.

9.1. Executing HIERARCHY pass (managing design hierarchy).

9.1.1. Analyzing design hierarchy..
Top module:  \fixed_ingress_machine

9.1.2. Analyzing design hierarchy..
Top module:  \fixed_ingress_machine
Removed 0 unused modules.

9.2. Executing PROC pass (convert processes to netlists).

9.2.1. Executing PROC_CLEAN pass (remove empty switches from decision trees).
Cleaned up 0 empty switches.

9.2.2. Executing PROC_RMDEAD pass (remove dead branches from decision trees).
Removed a total of 0 dead cases.

9.2.3. Executing PROC_INIT pass (extract init attributes).

9.2.4. Executing PROC_ARST pass (detect async resets in processes).

9.2.5. Executing PROC_MUX pass (convert decision trees to multiplexers).

9.2.6. Executing PROC_DLATCH pass (convert process syncs to latches).

9.2.7. Executing PROC_DFF pass (convert process syncs to FFs).

9.2.8. Executing PROC_CLEAN pass (remove empty switches from decision trees).
Cleaned up 0 empty switches.

9.3. Executing FLATTEN pass (flatten design).
No more expansions possible.

9.4. Executing OPT_EXPR pass (perform const folding).
Optimizing module fixed_ingress_machine.

9.5. Executing OPT_CLEAN pass (remove unused cells and wires).
Finding unused cells or wires in module \fixed_ingress_machine..

9.6. Executing CHECK pass (checking for obvious problems).
checking module fixed_ingress_machine..
found and reported 0 problems.

9.7. Executing OPT pass (performing simple optimizations).

9.7.1. Executing OPT_EXPR pass (perform const folding).
Optimizing module fixed_ingress_machine.

9.7.2. Executing OPT_MERGE pass (detect identical cells).
Finding identical cells in module `\fixed_ingress_machine'.
Removed a total of 0 cells.

9.7.3. Executing OPT_MUXTREE pass (detect dead branches in mux trees).
Running muxtree optimizer on module \fixed_ingress_machine..
  Creating internal representation of mux trees.
  Evaluating internal representation of mux trees.
  Analyzing evaluation results.
Removed 0 multiplexer ports.
<suppressed ~44 debug messages>

9.7.4. Executing OPT_REDUCE pass (consolidate $*mux and $reduce_* inputs).
  Optimizing cells in module \fixed_ingress_machine.
Performed a total of 0 changes.

9.7.5. Executing OPT_MERGE pass (detect identical cells).
Finding identical cells in module `\fixed_ingress_machine'.
Removed a total of 0 cells.

9.7.6. Executing OPT_RMDFF pass (remove dff with constant values).

9.7.7. Executing OPT_CLEAN pass (remove unused cells and wires).
Finding unused cells or wires in module \fixed_ingress_machine..

9.7.8. Executing OPT_EXPR pass (perform const folding).
Optimizing module fixed_ingress_machine.

9.7.9. Finished OPT passes. (There is nothing left to do.)

9.8. Executing WREDUCE pass (reducing word size of cells).
Removed top 4 bits (of 5) from port B of cell fixed_ingress_machine.$techmap\ingress.$procmux$1072_CMP0 ($eq).
Removed top 3 bits (of 5) from port B of cell fixed_ingress_machine.$techmap\ingress.$procmux$1065_CMP0 ($eq).
Removed top 2 bits (of 5) from port B of cell fixed_ingress_machine.$techmap\ingress.$procmux$1064_CMP0 ($eq).
Removed top 1 bits (of 5) from port B of cell fixed_ingress_machine.$techmap\ingress.$procmux$1063_CMP0 ($eq).
Removed top 1 bits (of 2) from port B of cell fixed_ingress_machine.$techmap\baseline.transition.$procmux$7615_CMP0 ($eq).
Removed top 27 bits (of 32) from port B of cell fixed_ingress_machine.$techmap\baseline.transition.$procmux$7434_CMP0 ($eq).
Removed top 28 bits (of 32) from port B of cell fixed_ingress_machine.$techmap\baseline.transition.$procmux$6626_CMP0 ($eq).
Removed top 31 bits (of 32) from port B of cell fixed_ingress_machine.$techmap\baseline.transition.$procmux$6592_CMP0 ($eq).
Removed top 27 bits (of 32) from port B of cell fixed_ingress_machine.$techmap\baseline.transition.$procmux$6550_CMP0 ($eq).
Removed top 29 bits (of 32) from port B of cell fixed_ingress_machine.$techmap\baseline.transition.$procmux$6524_CMP0 ($eq).
Removed top 28 bits (of 32) from port B of cell fixed_ingress_machine.$techmap\baseline.transition.$procmux$6486_CMP0 ($eq).
Removed top 27 bits (of 32) from port B of cell fixed_ingress_machine.$techmap\baseline.transition.$procmux$6456_CMP0 ($eq).
Removed top 30 bits (of 32) from port B of cell fixed_ingress_machine.$techmap\baseline.transition.$procmux$6432_CMP0 ($eq).
Removed top 29 bits (of 32) from port B of cell fixed_ingress_machine.$techmap\baseline.transition.$procmux$6392_CMP0 ($eq).
Removed top 28 bits (of 32) from port B of cell fixed_ingress_machine.$techmap\baseline.transition.$procmux$6356_CMP0 ($eq).
Removed top 28 bits (of 32) from port B of cell fixed_ingress_machine.$techmap\baseline.transition.$procmux$6324_CMP0 ($eq).
Removed top 27 bits (of 32) from port B of cell fixed_ingress_machine.$techmap\baseline.transition.$procmux$6296_CMP0 ($eq).
Removed top 30 bits (of 32) from port B of cell fixed_ingress_machine.$techmap\baseline.transition.$procmux$6230_CMP0 ($eq).
Removed top 29 bits (of 32) from port B of cell fixed_ingress_machine.$techmap\baseline.transition.$procmux$6189_CMP0 ($eq).
Removed top 29 bits (of 32) from port B of cell fixed_ingress_machine.$techmap\baseline.transition.$procmux$6150_CMP0 ($eq).
Removed top 28 bits (of 32) from port B of cell fixed_ingress_machine.$techmap\baseline.transition.$procmux$6113_CMP0 ($eq).
Removed top 28 bits (of 32) from port B of cell fixed_ingress_machine.$techmap\baseline.transition.$procmux$6078_CMP0 ($eq).
Removed top 28 bits (of 32) from port B of cell fixed_ingress_machine.$techmap\baseline.transition.$procmux$6045_CMP0 ($eq).
Removed top 28 bits (of 32) from port B of cell fixed_ingress_machine.$techmap\baseline.transition.$procmux$6014_CMP0 ($eq).
Removed top 27 bits (of 32) from port B of cell fixed_ingress_machine.$techmap\baseline.transition.$procmux$5985_CMP0 ($eq).
Removed top 27 bits (of 32) from port B of cell fixed_ingress_machine.$techmap\baseline.transition.$procmux$5958_CMP0 ($eq).
Removed top 27 bits (of 32) from port B of cell fixed_ingress_machine.$techmap\baseline.transition.$procmux$5933_CMP0 ($eq).
Removed top 31 bits (of 32) from port B of cell fixed_ingress_machine.$techmap\baseline.transition.$procmux$4649_CMP0 ($eq).
Removed top 30 bits (of 32) from port B of cell fixed_ingress_machine.$techmap\baseline.transition.$procmux$4648_CMP0 ($eq).
Removed top 30 bits (of 32) from port B of cell fixed_ingress_machine.$techmap\baseline.transition.$procmux$4611_CMP0 ($eq).
Removed top 29 bits (of 32) from port B of cell fixed_ingress_machine.$techmap\baseline.transition.$procmux$4610_CMP0 ($eq).
Removed top 29 bits (of 32) from port B of cell fixed_ingress_machine.$techmap\baseline.transition.$procmux$4575_CMP0 ($eq).
Removed top 29 bits (of 32) from port B of cell fixed_ingress_machine.$techmap\baseline.transition.$procmux$4574_CMP0 ($eq).
Removed top 29 bits (of 32) from port B of cell fixed_ingress_machine.$techmap\baseline.transition.$procmux$4541_CMP0 ($eq).
Removed top 28 bits (of 32) from port B of cell fixed_ingress_machine.$techmap\baseline.transition.$procmux$4540_CMP0 ($eq).
Removed top 28 bits (of 32) from port B of cell fixed_ingress_machine.$techmap\baseline.transition.$procmux$4509_CMP0 ($eq).
Removed top 28 bits (of 32) from port B of cell fixed_ingress_machine.$techmap\baseline.transition.$procmux$4508_CMP0 ($eq).
Removed top 28 bits (of 32) from port B of cell fixed_ingress_machine.$techmap\baseline.transition.$procmux$4479_CMP0 ($eq).
Removed top 28 bits (of 32) from port B of cell fixed_ingress_machine.$techmap\baseline.transition.$procmux$4478_CMP0 ($eq).
Removed top 28 bits (of 32) from port B of cell fixed_ingress_machine.$techmap\baseline.transition.$procmux$4451_CMP0 ($eq).
Removed top 28 bits (of 32) from port B of cell fixed_ingress_machine.$techmap\baseline.transition.$procmux$4450_CMP0 ($eq).
Removed top 27 bits (of 32) from port B of cell fixed_ingress_machine.$techmap\baseline.transition.$procmux$4424_CMP0 ($eq).
Removed top 28 bits (of 32) from port B of cell fixed_ingress_machine.$techmap\baseline.transition.$procmux$4403_CMP0 ($eq).
Removed top 27 bits (of 32) from port B of cell fixed_ingress_machine.$techmap\baseline.transition.$procmux$4402_CMP0 ($eq).
Removed top 27 bits (of 32) from port B of cell fixed_ingress_machine.$techmap\baseline.transition.$procmux$4401_CMP0 ($eq).
Removed top 27 bits (of 32) from port B of cell fixed_ingress_machine.$techmap\baseline.transition.$procmux$4379_CMP0 ($eq).
Removed top 31 bits (of 32) from port B of cell fixed_ingress_machine.$techmap\baseline.transition.$procmux$3941_CMP0 ($eq).
Removed top 30 bits (of 32) from port B of cell fixed_ingress_machine.$techmap\baseline.transition.$procmux$3940_CMP0 ($eq).
Removed top 30 bits (of 32) from port B of cell fixed_ingress_machine.$techmap\baseline.transition.$procmux$3903_CMP0 ($eq).
Removed top 29 bits (of 32) from port B of cell fixed_ingress_machine.$techmap\baseline.transition.$procmux$3902_CMP0 ($eq).
Removed top 29 bits (of 32) from port B of cell fixed_ingress_machine.$techmap\baseline.transition.$procmux$3867_CMP0 ($eq).
Removed top 29 bits (of 32) from port B of cell fixed_ingress_machine.$techmap\baseline.transition.$procmux$3866_CMP0 ($eq).
Removed top 29 bits (of 32) from port B of cell fixed_ingress_machine.$techmap\baseline.transition.$procmux$3833_CMP0 ($eq).
Removed top 28 bits (of 32) from port B of cell fixed_ingress_machine.$techmap\baseline.transition.$procmux$3832_CMP0 ($eq).
Removed top 28 bits (of 32) from port B of cell fixed_ingress_machine.$techmap\baseline.transition.$procmux$3801_CMP0 ($eq).
Removed top 28 bits (of 32) from port B of cell fixed_ingress_machine.$techmap\baseline.transition.$procmux$3800_CMP0 ($eq).
Removed top 28 bits (of 32) from port B of cell fixed_ingress_machine.$techmap\baseline.transition.$procmux$3771_CMP0 ($eq).
Removed top 28 bits (of 32) from port B of cell fixed_ingress_machine.$techmap\baseline.transition.$procmux$3770_CMP0 ($eq).
Removed top 28 bits (of 32) from port B of cell fixed_ingress_machine.$techmap\baseline.transition.$procmux$3743_CMP0 ($eq).
Removed top 28 bits (of 32) from port B of cell fixed_ingress_machine.$techmap\baseline.transition.$procmux$3742_CMP0 ($eq).
Removed top 27 bits (of 32) from port B of cell fixed_ingress_machine.$techmap\baseline.transition.$procmux$3716_CMP0 ($eq).
Removed top 28 bits (of 32) from port B of cell fixed_ingress_machine.$techmap\baseline.transition.$procmux$3695_CMP0 ($eq).
Removed top 27 bits (of 32) from port B of cell fixed_ingress_machine.$techmap\baseline.transition.$procmux$3694_CMP0 ($eq).
Removed top 27 bits (of 32) from port B of cell fixed_ingress_machine.$techmap\baseline.transition.$procmux$3693_CMP0 ($eq).
Removed top 27 bits (of 32) from port B of cell fixed_ingress_machine.$techmap\baseline.transition.$procmux$3671_CMP0 ($eq).
Removed top 28 bits (of 32) from port B of cell fixed_ingress_machine.$techmap\baseline.transition.$procmux$3651_CMP0 ($eq).
Removed top 31 bits (of 32) from port B of cell fixed_ingress_machine.$techmap\baseline.transition.$procmux$3619_CMP0 ($eq).
Removed top 27 bits (of 32) from port B of cell fixed_ingress_machine.$techmap\baseline.transition.$procmux$3579_CMP0 ($eq).
Removed top 29 bits (of 32) from port B of cell fixed_ingress_machine.$techmap\baseline.transition.$procmux$3555_CMP0 ($eq).
Removed top 28 bits (of 32) from port B of cell fixed_ingress_machine.$techmap\baseline.transition.$procmux$3519_CMP0 ($eq).
Removed top 27 bits (of 32) from port B of cell fixed_ingress_machine.$techmap\baseline.transition.$procmux$3491_CMP0 ($eq).
Removed top 30 bits (of 32) from port B of cell fixed_ingress_machine.$techmap\baseline.transition.$procmux$3469_CMP0 ($eq).
Removed top 29 bits (of 32) from port B of cell fixed_ingress_machine.$techmap\baseline.transition.$procmux$3431_CMP0 ($eq).
Removed top 28 bits (of 32) from port B of cell fixed_ingress_machine.$techmap\baseline.transition.$procmux$3397_CMP0 ($eq).
Removed top 28 bits (of 32) from port B of cell fixed_ingress_machine.$techmap\baseline.transition.$procmux$3367_CMP0 ($eq).
Removed top 27 bits (of 32) from port B of cell fixed_ingress_machine.$techmap\baseline.transition.$procmux$3341_CMP0 ($eq).
Removed top 30 bits (of 32) from port B of cell fixed_ingress_machine.$techmap\baseline.transition.$procmux$3279_CMP0 ($eq).
Removed top 29 bits (of 32) from port B of cell fixed_ingress_machine.$techmap\baseline.transition.$procmux$3240_CMP0 ($eq).
Removed top 29 bits (of 32) from port B of cell fixed_ingress_machine.$techmap\baseline.transition.$procmux$3203_CMP0 ($eq).
Removed top 28 bits (of 32) from port B of cell fixed_ingress_machine.$techmap\baseline.transition.$procmux$3168_CMP0 ($eq).
Removed top 28 bits (of 32) from port B of cell fixed_ingress_machine.$techmap\baseline.transition.$procmux$3135_CMP0 ($eq).
Removed top 28 bits (of 32) from port B of cell fixed_ingress_machine.$techmap\baseline.transition.$procmux$3104_CMP0 ($eq).
Removed top 28 bits (of 32) from port B of cell fixed_ingress_machine.$techmap\baseline.transition.$procmux$3075_CMP0 ($eq).
Removed top 27 bits (of 32) from port B of cell fixed_ingress_machine.$techmap\baseline.transition.$procmux$3048_CMP0 ($eq).
Removed top 27 bits (of 32) from port B of cell fixed_ingress_machine.$techmap\baseline.transition.$procmux$3023_CMP0 ($eq).
Removed cell fixed_ingress_machine.$techmap\baseline.transition.$procmux$2878 ($mux).
Removed cell fixed_ingress_machine.$techmap\baseline.transition.$procmux$2876 ($mux).
Removed cell fixed_ingress_machine.$techmap\baseline.transition.$procmux$2873 ($mux).
Removed cell fixed_ingress_machine.$techmap\baseline.transition.$procmux$2871 ($mux).
Removed top 27 bits (of 32) from port B of cell fixed_ingress_machine.$techmap\baseline.transition.$procmux$2019_CMP0 ($eq).
Removed top 28 bits (of 32) from port B of cell fixed_ingress_machine.$techmap\baseline.transition.$procmux$1994_CMP0 ($eq).
Removed top 31 bits (of 32) from port B of cell fixed_ingress_machine.$techmap\baseline.transition.$procmux$1958_CMP0 ($eq).
Removed top 27 bits (of 32) from port B of cell fixed_ingress_machine.$techmap\baseline.transition.$procmux$1914_CMP0 ($eq).
Removed top 29 bits (of 32) from port B of cell fixed_ingress_machine.$techmap\baseline.transition.$procmux$1886_CMP0 ($eq).
Removed top 28 bits (of 32) from port B of cell fixed_ingress_machine.$techmap\baseline.transition.$procmux$1846_CMP0 ($eq).
Removed top 27 bits (of 32) from port B of cell fixed_ingress_machine.$techmap\baseline.transition.$procmux$1814_CMP0 ($eq).
Removed top 30 bits (of 32) from port B of cell fixed_ingress_machine.$techmap\baseline.transition.$procmux$1788_CMP0 ($eq).
Removed top 29 bits (of 32) from port B of cell fixed_ingress_machine.$techmap\baseline.transition.$procmux$1746_CMP0 ($eq).
Removed top 28 bits (of 32) from port B of cell fixed_ingress_machine.$techmap\baseline.transition.$procmux$1708_CMP0 ($eq).
Removed top 28 bits (of 32) from port B of cell fixed_ingress_machine.$techmap\baseline.transition.$procmux$1674_CMP0 ($eq).
Removed top 27 bits (of 32) from port B of cell fixed_ingress_machine.$techmap\baseline.transition.$procmux$1644_CMP0 ($eq).
Removed top 30 bits (of 32) from port B of cell fixed_ingress_machine.$techmap\baseline.transition.$procmux$1574_CMP0 ($eq).
Removed top 29 bits (of 32) from port B of cell fixed_ingress_machine.$techmap\baseline.transition.$procmux$1531_CMP0 ($eq).
Removed top 29 bits (of 32) from port B of cell fixed_ingress_machine.$techmap\baseline.transition.$procmux$1490_CMP0 ($eq).
Removed top 28 bits (of 32) from port B of cell fixed_ingress_machine.$techmap\baseline.transition.$procmux$1451_CMP0 ($eq).
Removed top 28 bits (of 32) from port B of cell fixed_ingress_machine.$techmap\baseline.transition.$procmux$1414_CMP0 ($eq).
Removed top 28 bits (of 32) from port B of cell fixed_ingress_machine.$techmap\baseline.transition.$procmux$1379_CMP0 ($eq).
Removed top 28 bits (of 32) from port B of cell fixed_ingress_machine.$techmap\baseline.transition.$procmux$1346_CMP0 ($eq).
Removed top 27 bits (of 32) from port B of cell fixed_ingress_machine.$techmap\baseline.transition.$procmux$1315_CMP0 ($eq).
Removed top 27 bits (of 32) from port B of cell fixed_ingress_machine.$techmap\baseline.transition.$procmux$1286_CMP0 ($eq).
Removed top 3 bits (of 4) from port B of cell fixed_ingress_machine.$techmap\baseline.transition.$procmux$1158_CMP0 ($eq).
Removed top 2 bits (of 4) from port B of cell fixed_ingress_machine.$techmap\baseline.transition.$procmux$1157_CMP0 ($eq).
Removed top 2 bits (of 4) from port B of cell fixed_ingress_machine.$techmap\baseline.transition.$procmux$1156_CMP0 ($eq).
Removed top 1 bits (of 4) from port B of cell fixed_ingress_machine.$techmap\baseline.transition.$procmux$1155_CMP0 ($eq).
Removed top 1 bits (of 4) from port B of cell fixed_ingress_machine.$techmap\baseline.transition.$procmux$1154_CMP2 ($eq).
Removed top 1 bits (of 4) from port B of cell fixed_ingress_machine.$techmap\baseline.transition.$procmux$1154_CMP1 ($eq).
Removed top 1 bits (of 4) from port B of cell fixed_ingress_machine.$techmap\baseline.transition.$procmux$1154_CMP0 ($eq).
Removed top 1 bits (of 2) from port B of cell fixed_ingress_machine.$techmap\baseline.transition.$procmux$1149_CMP0 ($eq).
Removed top 29 bits (of 32) from port A of cell fixed_ingress_machine.$techmap\baseline.transition.$not$/tmp/ases-kernel0-ingress-reduction/docs/research/kernel-0/direct-rtl/kernel0.v:47$1052 ($not).
Removed top 31 bits (of 32) from port A of cell fixed_ingress_machine.$techmap\baseline.transition.$add$/tmp/ases-kernel0-ingress-reduction/docs/research/kernel-0/direct-rtl/kernel0.v:128$935 ($add).
Removed top 29 bits (of 32) from port Y of cell fixed_ingress_machine.$techmap\baseline.transition.$add$/tmp/ases-kernel0-ingress-reduction/docs/research/kernel-0/direct-rtl/kernel0.v:128$935 ($add).
Removed top 2 bits (of 3) from port A of cell fixed_ingress_machine.$techmap\baseline.transition.$shl$/tmp/ases-kernel0-ingress-reduction/docs/research/kernel-0/direct-rtl/kernel0.v:120$930 ($shl).
Removed top 1 bits (of 2) from port B of cell fixed_ingress_machine.$techmap\baseline.transition.$add$/tmp/ases-kernel0-ingress-reduction/docs/research/kernel-0/direct-rtl/kernel0.v:114$929 ($add).
Removed top 29 bits (of 32) from port A of cell fixed_ingress_machine.$techmap\baseline.transition.$not$/tmp/ases-kernel0-ingress-reduction/docs/research/kernel-0/direct-rtl/kernel0.v:112$925 ($not).
Removed top 1 bits (of 3) from port A of cell fixed_ingress_machine.$techmap\baseline.transition.$add$/tmp/ases-kernel0-ingress-reduction/docs/research/kernel-0/direct-rtl/kernel0.v:103$913 ($add).
Removed top 2 bits (of 3) from port B of cell fixed_ingress_machine.$techmap\baseline.transition.$add$/tmp/ases-kernel0-ingress-reduction/docs/research/kernel-0/direct-rtl/kernel0.v:103$913 ($add).
Removed top 30 bits (of 32) from port A of cell fixed_ingress_machine.$techmap\baseline.transition.$mul$/tmp/ases-kernel0-ingress-reduction/docs/research/kernel-0/direct-rtl/kernel0.v:102$910 ($mul).
Removed top 28 bits (of 32) from port Y of cell fixed_ingress_machine.$techmap\baseline.transition.$mul$/tmp/ases-kernel0-ingress-reduction/docs/research/kernel-0/direct-rtl/kernel0.v:102$910 ($mul).
Removed top 28 bits (of 32) from port A of cell fixed_ingress_machine.$techmap\baseline.transition.$add$/tmp/ases-kernel0-ingress-reduction/docs/research/kernel-0/direct-rtl/kernel0.v:101$905 ($add).
Removed top 30 bits (of 32) from port A of cell fixed_ingress_machine.$techmap\baseline.transition.$mul$/tmp/ases-kernel0-ingress-reduction/docs/research/kernel-0/direct-rtl/kernel0.v:101$904 ($mul).
Removed top 28 bits (of 32) from port Y of cell fixed_ingress_machine.$techmap\baseline.transition.$mul$/tmp/ases-kernel0-ingress-reduction/docs/research/kernel-0/direct-rtl/kernel0.v:101$904 ($mul).
Removed top 29 bits (of 32) from port A of cell fixed_ingress_machine.$techmap\baseline.transition.$add$/tmp/ases-kernel0-ingress-reduction/docs/research/kernel-0/direct-rtl/kernel0.v:100$900 ($add).
Removed top 28 bits (of 32) from port Y of cell fixed_ingress_machine.$techmap\baseline.transition.$add$/tmp/ases-kernel0-ingress-reduction/docs/research/kernel-0/direct-rtl/kernel0.v:100$900 ($add).
Removed top 29 bits (of 32) from port A of cell fixed_ingress_machine.$techmap\baseline.transition.$not$/tmp/ases-kernel0-ingress-reduction/docs/research/kernel-0/direct-rtl/kernel0.v:91$883 ($not).
Removed top 29 bits (of 32) from port A of cell fixed_ingress_machine.$techmap\baseline.transition.$add$/tmp/ases-kernel0-ingress-reduction/docs/research/kernel-0/direct-rtl/kernel0.v:85$872 ($add).
Removed top 28 bits (of 32) from port Y of cell fixed_ingress_machine.$techmap\baseline.transition.$add$/tmp/ases-kernel0-ingress-reduction/docs/research/kernel-0/direct-rtl/kernel0.v:85$872 ($add).
Removed top 29 bits (of 32) from port A of cell fixed_ingress_machine.$techmap\baseline.transition.$not$/tmp/ases-kernel0-ingress-reduction/docs/research/kernel-0/direct-rtl/kernel0.v:47$861 ($not).
Removed top 29 bits (of 32) from port B of cell fixed_ingress_machine.$techmap\baseline.transition.$lt$/tmp/ases-kernel0-ingress-reduction/docs/research/kernel-0/direct-rtl/kernel0.v:72$802 ($lt).
Removed top 30 bits (of 32) from port B of cell fixed_ingress_machine.$techmap\baseline.transition.$lt$/tmp/ases-kernel0-ingress-reduction/docs/research/kernel-0/direct-rtl/kernel0.v:69$781 ($lt).
Removed top 30 bits (of 32) from port B of cell fixed_ingress_machine.$techmap\baseline.transition.$lt$/tmp/ases-kernel0-ingress-reduction/docs/research/kernel-0/direct-rtl/kernel0.v:69$779 ($lt).
Removed top 30 bits (of 32) from port B of cell fixed_ingress_machine.$techmap\baseline.transition.$lt$/tmp/ases-kernel0-ingress-reduction/docs/research/kernel-0/direct-rtl/kernel0.v:68$771 ($lt).
Removed top 30 bits (of 32) from port B of cell fixed_ingress_machine.$techmap\baseline.transition.$lt$/tmp/ases-kernel0-ingress-reduction/docs/research/kernel-0/direct-rtl/kernel0.v:66$765 ($lt).
Removed top 30 bits (of 32) from port B of cell fixed_ingress_machine.$techmap\baseline.transition.$lt$/tmp/ases-kernel0-ingress-reduction/docs/research/kernel-0/direct-rtl/kernel0.v:66$763 ($lt).
Removed top 28 bits (of 32) from port A of cell fixed_ingress_machine.$techmap\baseline.transition.$add$/tmp/ases-kernel0-ingress-reduction/docs/research/kernel-0/direct-rtl/kernel0.v:60$744 ($add).
Removed top 30 bits (of 32) from port A of cell fixed_ingress_machine.$techmap\baseline.transition.$mul$/tmp/ases-kernel0-ingress-reduction/docs/research/kernel-0/direct-rtl/kernel0.v:60$743 ($mul).
Removed top 27 bits (of 32) from port Y of cell fixed_ingress_machine.$techmap\baseline.transition.$mul$/tmp/ases-kernel0-ingress-reduction/docs/research/kernel-0/direct-rtl/kernel0.v:60$743 ($mul).
Removed top 29 bits (of 32) from port B of cell fixed_ingress_machine.$techmap\baseline.transition.$lt$/tmp/ases-kernel0-ingress-reduction/docs/research/kernel-0/direct-rtl/kernel0.v:60$742 ($lt).
Removed top 28 bits (of 32) from port A of cell fixed_ingress_machine.$techmap\baseline.transition.$add$/tmp/ases-kernel0-ingress-reduction/docs/research/kernel-0/direct-rtl/kernel0.v:58$739 ($add).
Removed top 28 bits (of 32) from port B of cell fixed_ingress_machine.$techmap\baseline.transition.$add$/tmp/ases-kernel0-ingress-reduction/docs/research/kernel-0/direct-rtl/kernel0.v:58$739 ($add).
Removed top 27 bits (of 32) from port Y of cell fixed_ingress_machine.$techmap\baseline.transition.$add$/tmp/ases-kernel0-ingress-reduction/docs/research/kernel-0/direct-rtl/kernel0.v:58$739 ($add).
Removed top 28 bits (of 32) from wire fixed_ingress_machine.$techmap\baseline.transition.$add$/tmp/ases-kernel0-ingress-reduction/docs/research/kernel-0/direct-rtl/kernel0.v:100$900_Y.
Removed top 27 bits (of 32) from wire fixed_ingress_machine.$techmap\baseline.transition.$add$/tmp/ases-kernel0-ingress-reduction/docs/research/kernel-0/direct-rtl/kernel0.v:102$911_Y.
Removed top 29 bits (of 32) from wire fixed_ingress_machine.$techmap\baseline.transition.$add$/tmp/ases-kernel0-ingress-reduction/docs/research/kernel-0/direct-rtl/kernel0.v:128$935_Y.
Removed top 28 bits (of 32) from wire fixed_ingress_machine.$techmap\baseline.transition.$add$/tmp/ases-kernel0-ingress-reduction/docs/research/kernel-0/direct-rtl/kernel0.v:85$872_Y.
Removed top 28 bits (of 32) from wire fixed_ingress_machine.$techmap\baseline.transition.$mul$/tmp/ases-kernel0-ingress-reduction/docs/research/kernel-0/direct-rtl/kernel0.v:101$904_Y.
Removed top 28 bits (of 32) from wire fixed_ingress_machine.$techmap\baseline.transition.$mul$/tmp/ases-kernel0-ingress-reduction/docs/research/kernel-0/direct-rtl/kernel0.v:102$910_Y.
Removed top 27 bits (of 32) from wire fixed_ingress_machine.$techmap\baseline.transition.$mul$/tmp/ases-kernel0-ingress-reduction/docs/research/kernel-0/direct-rtl/kernel0.v:60$743_Y.

9.9. Executing PEEPOPT pass (run peephole optimizers).

9.10. Executing OPT_CLEAN pass (remove unused cells and wires).
Finding unused cells or wires in module \fixed_ingress_machine..
Removed 0 unused cells and 11 unused wires.
<suppressed ~1 debug messages>

9.11. Executing TECHMAP pass (map to technology primitives).

9.11.1. Executing Verilog-2005 frontend: /tmp/kernel0-rtl-tools/root/usr/bin/../share/yosys/cmp2lut.v
Parsing Verilog input from `/tmp/kernel0-rtl-tools/root/usr/bin/../share/yosys/cmp2lut.v' to AST representation.
Generating RTLIL representation for module `\_90_lut_cmp_'.
Successfully finished Verilog frontend.

9.11.2. Continuing TECHMAP pass.
No more expansions possible.
<suppressed ~1716 debug messages>

9.12. Executing ALUMACC pass (create $alu and $macc cells).
Extracting $alu and $macc cells in module fixed_ingress_machine:
  creating $macc model for $techmap\baseline.transition.$add$/tmp/ases-kernel0-ingress-reduction/docs/research/kernel-0/direct-rtl/kernel0.v:100$900 ($add).
  creating $macc model for $techmap\baseline.transition.$add$/tmp/ases-kernel0-ingress-reduction/docs/research/kernel-0/direct-rtl/kernel0.v:101$905 ($add).
  creating $macc model for $techmap\baseline.transition.$add$/tmp/ases-kernel0-ingress-reduction/docs/research/kernel-0/direct-rtl/kernel0.v:103$913 ($add).
  creating $macc model for $techmap\baseline.transition.$add$/tmp/ases-kernel0-ingress-reduction/docs/research/kernel-0/direct-rtl/kernel0.v:114$929 ($add).
  creating $macc model for $techmap\baseline.transition.$add$/tmp/ases-kernel0-ingress-reduction/docs/research/kernel-0/direct-rtl/kernel0.v:128$935 ($add).
  creating $macc model for $techmap\baseline.transition.$add$/tmp/ases-kernel0-ingress-reduction/docs/research/kernel-0/direct-rtl/kernel0.v:58$739 ($add).
  creating $macc model for $techmap\baseline.transition.$add$/tmp/ases-kernel0-ingress-reduction/docs/research/kernel-0/direct-rtl/kernel0.v:60$744 ($add).
  creating $macc model for $techmap\baseline.transition.$add$/tmp/ases-kernel0-ingress-reduction/docs/research/kernel-0/direct-rtl/kernel0.v:85$872 ($add).
  creating $macc model for $techmap\baseline.transition.$mul$/tmp/ases-kernel0-ingress-reduction/docs/research/kernel-0/direct-rtl/kernel0.v:101$904 ($mul).
  creating $macc model for $techmap\baseline.transition.$mul$/tmp/ases-kernel0-ingress-reduction/docs/research/kernel-0/direct-rtl/kernel0.v:102$910 ($mul).
  creating $macc model for $techmap\baseline.transition.$mul$/tmp/ases-kernel0-ingress-reduction/docs/research/kernel-0/direct-rtl/kernel0.v:60$743 ($mul).
  merging $macc model for $techmap\baseline.transition.$mul$/tmp/ases-kernel0-ingress-reduction/docs/research/kernel-0/direct-rtl/kernel0.v:102$910 into $techmap\baseline.transition.$add$/tmp/ases-kernel0-ingress-reduction/docs/research/kernel-0/direct-rtl/kernel0.v:58$739.
  creating $alu model for $macc $techmap\baseline.transition.$add$/tmp/ases-kernel0-ingress-reduction/docs/research/kernel-0/direct-rtl/kernel0.v:85$872.
  creating $alu model for $macc $techmap\baseline.transition.$add$/tmp/ases-kernel0-ingress-reduction/docs/research/kernel-0/direct-rtl/kernel0.v:60$744.
  creating $alu model for $macc $techmap\baseline.transition.$add$/tmp/ases-kernel0-ingress-reduction/docs/research/kernel-0/direct-rtl/kernel0.v:128$935.
  creating $alu model for $macc $techmap\baseline.transition.$add$/tmp/ases-kernel0-ingress-reduction/docs/research/kernel-0/direct-rtl/kernel0.v:114$929.
  creating $alu model for $macc $techmap\baseline.transition.$add$/tmp/ases-kernel0-ingress-reduction/docs/research/kernel-0/direct-rtl/kernel0.v:103$913.
  creating $alu model for $macc $techmap\baseline.transition.$add$/tmp/ases-kernel0-ingress-reduction/docs/research/kernel-0/direct-rtl/kernel0.v:101$905.
  creating $alu model for $macc $techmap\baseline.transition.$add$/tmp/ases-kernel0-ingress-reduction/docs/research/kernel-0/direct-rtl/kernel0.v:100$900.
  creating $macc cell for $techmap\baseline.transition.$add$/tmp/ases-kernel0-ingress-reduction/docs/research/kernel-0/direct-rtl/kernel0.v:58$739: $auto$alumacc.cc:354:replace_macc$7685
  creating $macc cell for $techmap\baseline.transition.$mul$/tmp/ases-kernel0-ingress-reduction/docs/research/kernel-0/direct-rtl/kernel0.v:101$904: $auto$alumacc.cc:354:replace_macc$7686
  creating $macc cell for $techmap\baseline.transition.$mul$/tmp/ases-kernel0-ingress-reduction/docs/research/kernel-0/direct-rtl/kernel0.v:60$743: $auto$alumacc.cc:354:replace_macc$7687
  creating $alu model for $techmap\baseline.transition.$lt$/tmp/ases-kernel0-ingress-reduction/docs/research/kernel-0/direct-rtl/kernel0.v:60$742 ($lt): new $alu
  creating $alu model for $techmap\baseline.transition.$lt$/tmp/ases-kernel0-ingress-reduction/docs/research/kernel-0/direct-rtl/kernel0.v:66$763 ($lt): new $alu
  creating $alu model for $techmap\baseline.transition.$lt$/tmp/ases-kernel0-ingress-reduction/docs/research/kernel-0/direct-rtl/kernel0.v:66$765 ($lt): new $alu
  creating $alu model for $techmap\baseline.transition.$lt$/tmp/ases-kernel0-ingress-reduction/docs/research/kernel-0/direct-rtl/kernel0.v:68$771 ($lt): new $alu
  creating $alu model for $techmap\baseline.transition.$lt$/tmp/ases-kernel0-ingress-reduction/docs/research/kernel-0/direct-rtl/kernel0.v:69$779 ($lt): new $alu
  creating $alu model for $techmap\baseline.transition.$lt$/tmp/ases-kernel0-ingress-reduction/docs/research/kernel-0/direct-rtl/kernel0.v:69$781 ($lt): new $alu
  creating $alu model for $techmap\baseline.transition.$lt$/tmp/ases-kernel0-ingress-reduction/docs/research/kernel-0/direct-rtl/kernel0.v:72$802 ($lt): new $alu
  creating $alu model for $techmap\baseline.transition.$eq$/tmp/ases-kernel0-ingress-reduction/docs/research/kernel-0/direct-rtl/kernel0.v:63$747 ($eq): merged with $techmap\baseline.transition.$lt$/tmp/ases-kernel0-ingress-reduction/docs/research/kernel-0/direct-rtl/kernel0.v:60$742.
  creating $alu model for $techmap\baseline.transition.$eq$/tmp/ases-kernel0-ingress-reduction/docs/research/kernel-0/direct-rtl/kernel0.v:68$772 ($eq): merged with $techmap\baseline.transition.$lt$/tmp/ases-kernel0-ingress-reduction/docs/research/kernel-0/direct-rtl/kernel0.v:66$763.
  creating $alu cell for $techmap\baseline.transition.$lt$/tmp/ases-kernel0-ingress-reduction/docs/research/kernel-0/direct-rtl/kernel0.v:72$802: $auto$alumacc.cc:474:replace_alu$7695
  creating $alu cell for $techmap\baseline.transition.$lt$/tmp/ases-kernel0-ingress-reduction/docs/research/kernel-0/direct-rtl/kernel0.v:69$781: $auto$alumacc.cc:474:replace_alu$7700
  creating $alu cell for $techmap\baseline.transition.$lt$/tmp/ases-kernel0-ingress-reduction/docs/research/kernel-0/direct-rtl/kernel0.v:69$779: $auto$alumacc.cc:474:replace_alu$7711
  creating $alu cell for $techmap\baseline.transition.$lt$/tmp/ases-kernel0-ingress-reduction/docs/research/kernel-0/direct-rtl/kernel0.v:68$771: $auto$alumacc.cc:474:replace_alu$7722
  creating $alu cell for $techmap\baseline.transition.$lt$/tmp/ases-kernel0-ingress-reduction/docs/research/kernel-0/direct-rtl/kernel0.v:66$765: $auto$alumacc.cc:474:replace_alu$7733
  creating $alu cell for $techmap\baseline.transition.$lt$/tmp/ases-kernel0-ingress-reduction/docs/research/kernel-0/direct-rtl/kernel0.v:66$763, $techmap\baseline.transition.$eq$/tmp/ases-kernel0-ingress-reduction/docs/research/kernel-0/direct-rtl/kernel0.v:68$772: $auto$alumacc.cc:474:replace_alu$7744
  creating $alu cell for $techmap\baseline.transition.$lt$/tmp/ases-kernel0-ingress-reduction/docs/research/kernel-0/direct-rtl/kernel0.v:60$742, $techmap\baseline.transition.$eq$/tmp/ases-kernel0-ingress-reduction/docs/research/kernel-0/direct-rtl/kernel0.v:63$747: $auto$alumacc.cc:474:replace_alu$7755
  creating $alu cell for $techmap\baseline.transition.$add$/tmp/ases-kernel0-ingress-reduction/docs/research/kernel-0/direct-rtl/kernel0.v:100$900: $auto$alumacc.cc:474:replace_alu$7762
  creating $alu cell for $techmap\baseline.transition.$add$/tmp/ases-kernel0-ingress-reduction/docs/research/kernel-0/direct-rtl/kernel0.v:101$905: $auto$alumacc.cc:474:replace_alu$7765
  creating $alu cell for $techmap\baseline.transition.$add$/tmp/ases-kernel0-ingress-reduction/docs/research/kernel-0/direct-rtl/kernel0.v:114$929: $auto$alumacc.cc:474:replace_alu$7768
  creating $alu cell for $techmap\baseline.transition.$add$/tmp/ases-kernel0-ingress-reduction/docs/research/kernel-0/direct-rtl/kernel0.v:103$913: $auto$alumacc.cc:474:replace_alu$7771
  creating $alu cell for $techmap\baseline.transition.$add$/tmp/ases-kernel0-ingress-reduction/docs/research/kernel-0/direct-rtl/kernel0.v:128$935: $auto$alumacc.cc:474:replace_alu$7774
  creating $alu cell for $techmap\baseline.transition.$add$/tmp/ases-kernel0-ingress-reduction/docs/research/kernel-0/direct-rtl/kernel0.v:60$744: $auto$alumacc.cc:474:replace_alu$7777
  creating $alu cell for $techmap\baseline.transition.$add$/tmp/ases-kernel0-ingress-reduction/docs/research/kernel-0/direct-rtl/kernel0.v:85$872: $auto$alumacc.cc:474:replace_alu$7780
  created 14 $alu and 3 $macc cells.

9.13. Executing SHARE pass (SAT-based resource sharing).

9.14. Executing OPT pass (performing simple optimizations).

9.14.1. Executing OPT_EXPR pass (perform const folding).
Optimizing module fixed_ingress_machine.
<suppressed ~67 debug messages>

9.14.2. Executing OPT_MERGE pass (detect identical cells).
Finding identical cells in module `\fixed_ingress_machine'.
<suppressed ~5 debug messages>
Removed a total of 1 cells.

9.14.3. Executing OPT_MUXTREE pass (detect dead branches in mux trees).
Running muxtree optimizer on module \fixed_ingress_machine..
  Creating internal representation of mux trees.
  Evaluating internal representation of mux trees.
  Analyzing evaluation results.
Removed 0 multiplexer ports.
<suppressed ~44 debug messages>

9.14.4. Executing OPT_REDUCE pass (consolidate $*mux and $reduce_* inputs).
  Optimizing cells in module \fixed_ingress_machine.
    New input vector for $reduce_and cell $auto$alumacc.cc:64:get_eq$7747: { $auto$alumacc.cc:490:replace_alu$7745 [0] $auto$alumacc.cc:490:replace_alu$7745 [1] }
    New input vector for $reduce_and cell $auto$alumacc.cc:64:get_eq$7736: { $auto$alumacc.cc:490:replace_alu$7734 [0] $auto$alumacc.cc:490:replace_alu$7734 [1] }
    New input vector for $reduce_and cell $auto$alumacc.cc:64:get_eq$7725: { $auto$alumacc.cc:490:replace_alu$7723 [0] $auto$alumacc.cc:490:replace_alu$7723 [1] $auto$alumacc.cc:490:replace_alu$7723 [2] }
    New input vector for $reduce_and cell $auto$alumacc.cc:64:get_eq$7714: { $auto$alumacc.cc:490:replace_alu$7712 [0] $auto$alumacc.cc:490:replace_alu$7712 [1] }
    New input vector for $reduce_and cell $auto$alumacc.cc:64:get_eq$7703: { $auto$alumacc.cc:490:replace_alu$7701 [0] $auto$alumacc.cc:490:replace_alu$7701 [1] $auto$alumacc.cc:490:replace_alu$7701 [2] }
    New input vector for $reduce_and cell $auto$alumacc.cc:64:get_eq$7760: { $auto$alumacc.cc:490:replace_alu$7756 [0] $auto$alumacc.cc:490:replace_alu$7756 [1] $auto$alumacc.cc:490:replace_alu$7756 [2] }
  Optimizing cells in module \fixed_ingress_machine.
Performed a total of 6 changes.

9.14.5. Executing OPT_MERGE pass (detect identical cells).
Finding identical cells in module `\fixed_ingress_machine'.
Removed a total of 0 cells.

9.14.6. Executing OPT_RMDFF pass (remove dff with constant values).

9.14.7. Executing OPT_CLEAN pass (remove unused cells and wires).
Finding unused cells or wires in module \fixed_ingress_machine..
Removed 1 unused cells and 39 unused wires.
<suppressed ~2 debug messages>

9.14.8. Executing OPT_EXPR pass (perform const folding).
Optimizing module fixed_ingress_machine.

9.14.9. Rerunning OPT passes. (Maybe there is more to do..)

9.14.10. Executing OPT_MUXTREE pass (detect dead branches in mux trees).
Running muxtree optimizer on module \fixed_ingress_machine..
  Creating internal representation of mux trees.
  Evaluating internal representation of mux trees.
  Analyzing evaluation results.
Removed 0 multiplexer ports.
<suppressed ~44 debug messages>

9.14.11. Executing OPT_REDUCE pass (consolidate $*mux and $reduce_* inputs).
  Optimizing cells in module \fixed_ingress_machine.
Performed a total of 0 changes.

9.14.12. Executing OPT_MERGE pass (detect identical cells).
Finding identical cells in module `\fixed_ingress_machine'.
Removed a total of 0 cells.

9.14.13. Executing OPT_RMDFF pass (remove dff with constant values).

9.14.14. Executing OPT_CLEAN pass (remove unused cells and wires).
Finding unused cells or wires in module \fixed_ingress_machine..

9.14.15. Executing OPT_EXPR pass (perform const folding).
Optimizing module fixed_ingress_machine.

9.14.16. Finished OPT passes. (There is nothing left to do.)

9.15. Executing FSM pass (extract and optimize FSM).

9.15.1. Executing FSM_DETECT pass (finding FSMs in design).

9.15.2. Executing FSM_EXTRACT pass (extracting FSM from design).

9.15.3. Executing FSM_OPT pass (simple optimizations of FSMs).

9.15.4. Executing OPT_CLEAN pass (remove unused cells and wires).
Finding unused cells or wires in module \fixed_ingress_machine..

9.15.5. Executing FSM_OPT pass (simple optimizations of FSMs).

9.15.6. Executing FSM_RECODE pass (re-assigning FSM state encoding).

9.15.7. Executing FSM_INFO pass (dumping all available information on FSM cells).

9.15.8. Executing FSM_MAP pass (mapping FSMs to basic logic).

9.16. Executing OPT pass (performing simple optimizations).

9.16.1. Executing OPT_EXPR pass (perform const folding).
Optimizing module fixed_ingress_machine.

9.16.2. Executing OPT_MERGE pass (detect identical cells).
Finding identical cells in module `\fixed_ingress_machine'.
Removed a total of 0 cells.

9.16.3. Executing OPT_RMDFF pass (remove dff with constant values).

9.16.4. Executing OPT_CLEAN pass (remove unused cells and wires).
Finding unused cells or wires in module \fixed_ingress_machine..

9.16.5. Finished fast OPT passes.

9.17. Executing MEMORY pass.

9.17.1. Executing MEMORY_DFF pass (merging $dff cells to $memrd and $memwr).

9.17.2. Executing OPT_CLEAN pass (remove unused cells and wires).
Finding unused cells or wires in module \fixed_ingress_machine..

9.17.3. Executing MEMORY_SHARE pass (consolidating $memrd/$memwr cells).

9.17.4. Executing OPT_CLEAN pass (remove unused cells and wires).
Finding unused cells or wires in module \fixed_ingress_machine..

9.17.5. Executing MEMORY_COLLECT pass (generating $mem cells).

9.18. Executing OPT_CLEAN pass (remove unused cells and wires).
Finding unused cells or wires in module \fixed_ingress_machine..

9.19. Executing OPT pass (performing simple optimizations).

9.19.1. Executing OPT_EXPR pass (perform const folding).
Optimizing module fixed_ingress_machine.
<suppressed ~133 debug messages>

9.19.2. Executing OPT_MERGE pass (detect identical cells).
Finding identical cells in module `\fixed_ingress_machine'.
Removed a total of 0 cells.

9.19.3. Executing OPT_RMDFF pass (remove dff with constant values).

9.19.4. Executing OPT_CLEAN pass (remove unused cells and wires).
Finding unused cells or wires in module \fixed_ingress_machine..
Removed 0 unused cells and 31 unused wires.
<suppressed ~1 debug messages>

9.19.5. Finished fast OPT passes.

9.20. Executing MEMORY_MAP pass (converting $mem cells to logic and flip-flops).

9.21. Executing OPT pass (performing simple optimizations).

9.21.1. Executing OPT_EXPR pass (perform const folding).
Optimizing module fixed_ingress_machine.
<suppressed ~2 debug messages>

9.21.2. Executing OPT_MERGE pass (detect identical cells).
Finding identical cells in module `\fixed_ingress_machine'.
Removed a total of 0 cells.

9.21.3. Executing OPT_MUXTREE pass (detect dead branches in mux trees).
Running muxtree optimizer on module \fixed_ingress_machine..
  Creating internal representation of mux trees.
  Evaluating internal representation of mux trees.
  Analyzing evaluation results.
Removed 0 multiplexer ports.
<suppressed ~61 debug messages>

9.21.4. Executing OPT_REDUCE pass (consolidate $*mux and $reduce_* inputs).
  Optimizing cells in module \fixed_ingress_machine.
    Consolidated identical input bits for $pmux cell $techmap\baseline.transition.$procmux$2982:
      Old ports: A=\baseline.state [21:4], B={ \baseline.state [21:8] $techmap\baseline.transition.$25\proposed[21:0] [7:4] \baseline.state [21:8] $techmap\baseline.transition.$26\proposed[21:0] [7:4] }, Y=$techmap\baseline.transition.$24\proposed[21:0] [21:4]
      New ports: A=\baseline.state [7:4], B={ $techmap\baseline.transition.$25\proposed[21:0] [7:4] $techmap\baseline.transition.$26\proposed[21:0] [7:4] }, Y=$techmap\baseline.transition.$24\proposed[21:0] [7:4]
      New connections: $techmap\baseline.transition.$24\proposed[21:0] [21:8] = \baseline.state [21:8]
  Optimizing cells in module \fixed_ingress_machine.
    Consolidated identical input bits for $mux cell $techmap\baseline.transition.$procmux$2851:
      Old ports: A={ \baseline.state [21:1] 1'1 }, B=$techmap\baseline.transition.$24\proposed[21:0], Y=$techmap\baseline.transition.$23\proposed[21:0]
      New ports: A={ \baseline.state [7:1] 1'1 }, B=$techmap\baseline.transition.$24\proposed[21:0] [7:0], Y=$techmap\baseline.transition.$23\proposed[21:0] [7:0]
      New connections: $techmap\baseline.transition.$23\proposed[21:0] [21:8] = \baseline.state [21:8]
  Optimizing cells in module \fixed_ingress_machine.
    New ctrl vector for $pmux cell $techmap\baseline.transition.$procmux$1153: { $techmap\baseline.transition.$procmux$1158_CMP $techmap\baseline.transition.$procmux$1157_CMP $techmap\baseline.transition.$procmux$1156_CMP $techmap\baseline.transition.$procmux$1155_CMP }
    New ctrl vector for $pmux cell $techmap\baseline.transition.$procmux$2883: { $techmap\baseline.transition.$procmux$1158_CMP $techmap\baseline.transition.$procmux$1157_CMP $techmap\baseline.transition.$procmux$1156_CMP }
  Optimizing cells in module \fixed_ingress_machine.
Performed a total of 4 changes.

9.21.5. Executing OPT_MERGE pass (detect identical cells).
Finding identical cells in module `\fixed_ingress_machine'.
Removed a total of 0 cells.

9.21.6. Executing OPT_RMDFF pass (remove dff with constant values).

9.21.7. Executing OPT_CLEAN pass (remove unused cells and wires).
Finding unused cells or wires in module \fixed_ingress_machine..

9.21.8. Executing OPT_EXPR pass (perform const folding).
Optimizing module fixed_ingress_machine.

9.21.9. Rerunning OPT passes. (Maybe there is more to do..)

9.21.10. Executing OPT_MUXTREE pass (detect dead branches in mux trees).
Running muxtree optimizer on module \fixed_ingress_machine..
  Creating internal representation of mux trees.
  Evaluating internal representation of mux trees.
  Analyzing evaluation results.
Removed 0 multiplexer ports.
<suppressed ~61 debug messages>

9.21.11. Executing OPT_REDUCE pass (consolidate $*mux and $reduce_* inputs).
  Optimizing cells in module \fixed_ingress_machine.
Performed a total of 0 changes.

9.21.12. Executing OPT_MERGE pass (detect identical cells).
Finding identical cells in module `\fixed_ingress_machine'.
Removed a total of 0 cells.

9.21.13. Executing OPT_RMDFF pass (remove dff with constant values).

9.21.14. Executing OPT_CLEAN pass (remove unused cells and wires).
Finding unused cells or wires in module \fixed_ingress_machine..

9.21.15. Executing OPT_EXPR pass (perform const folding).
Optimizing module fixed_ingress_machine.

9.21.16. Finished OPT passes. (There is nothing left to do.)

9.22. Executing TECHMAP pass (map to technology primitives).

9.22.1. Executing Verilog-2005 frontend: <techmap.v>
Parsing Verilog input from `<techmap.v>' to AST representation.
Generating RTLIL representation for module `\_90_simplemap_bool_ops'.
Generating RTLIL representation for module `\_90_simplemap_reduce_ops'.
Generating RTLIL representation for module `\_90_simplemap_logic_ops'.
Generating RTLIL representation for module `\_90_simplemap_compare_ops'.
Generating RTLIL representation for module `\_90_simplemap_various'.
Generating RTLIL representation for module `\_90_simplemap_registers'.
Generating RTLIL representation for module `\_90_shift_ops_shr_shl_sshl_sshr'.
Generating RTLIL representation for module `\_90_shift_shiftx'.
Generating RTLIL representation for module `\_90_fa'.
Generating RTLIL representation for module `\_90_lcu'.
Generating RTLIL representation for module `\_90_alu'.
Generating RTLIL representation for module `\_90_macc'.
Generating RTLIL representation for module `\_90_alumacc'.
Generating RTLIL representation for module `\$__div_mod_u'.
Generating RTLIL representation for module `\$__div_mod'.
Generating RTLIL representation for module `\_90_div'.
Generating RTLIL representation for module `\_90_mod'.
Generating RTLIL representation for module `\_90_pow'.
Generating RTLIL representation for module `\_90_pmux'.
Generating RTLIL representation for module `\_90_lut'.
Successfully finished Verilog frontend.

9.22.2. Continuing TECHMAP pass.
Using extmapper simplemap for cells of type $eq.
Using template $paramod\_90_pmux\WIDTH=11\S_WIDTH=5 for cells of type $pmux.
Using template $paramod\_90_pmux\WIDTH=3\S_WIDTH=4 for cells of type $pmux.
Using extmapper simplemap for cells of type $mux.
Using extmapper simplemap for cells of type $dff.
Using extmapper simplemap for cells of type $logic_and.
Using extmapper simplemap for cells of type $and.
Using template $paramod\_90_alu\A_SIGNED=0\B_SIGNED=0\A_WIDTH=2\B_WIDTH=3\Y_WIDTH=3 for cells of type $alu.
Using extmapper simplemap for cells of type $or.
Using extmapper simplemap for cells of type $not.
Using template $paramod\_90_alu\A_SIGNED=0\B_SIGNED=0\A_WIDTH=2\B_WIDTH=2\Y_WIDTH=2 for cells of type $alu.
Using extmapper simplemap for cells of type $reduce_and.
Using extmapper maccmap for cells of type $macc.
  add 2'11 * \baseline.proposal [8:7] (2x2 bits, unsigned)
  add 5'01000 (5 bits, unsigned)
  add \baseline.proposal [6:4] * 2'11 (3x2 bits, unsigned)
Using template $paramod\_90_alu\A_SIGNED=0\B_SIGNED=0\A_WIDTH=1\B_WIDTH=2\Y_WIDTH=3 for cells of type $alu.
Using template $paramod\_90_alu\A_SIGNED=0\B_SIGNED=0\A_WIDTH=3\B_WIDTH=3\Y_WIDTH=3 for cells of type $alu.
Using template $paramod\_90_alu\A_SIGNED=0\B_SIGNED=0\A_WIDTH=4\B_WIDTH=32\Y_WIDTH=32 for cells of type $alu.
Using template $paramod\_90_alu\A_SIGNED=0\B_SIGNED=0\A_WIDTH=1\B_WIDTH=2\Y_WIDTH=2 for cells of type $alu.
Using template $paramod\_90_alu\A_SIGNED=0\B_SIGNED=0\A_WIDTH=2\B_WIDTH=3\Y_WIDTH=4 for cells of type $alu.
Using extmapper simplemap for cells of type $reduce_or.
Using template $paramod\_90_pmux\WIDTH=1\S_WIDTH=10 for cells of type $pmux.
Using template $paramod\_90_pmux\WIDTH=3\S_WIDTH=3 for cells of type $pmux.
  add 2'11 * \baseline.proposal [13:12] (2x2 bits, unsigned)
Using template $paramod\_90_pmux\WIDTH=1\S_WIDTH=5 for cells of type $pmux.
Using template $paramod\_90_pmux\WIDTH=1\S_WIDTH=3 for cells of type $pmux.
Using template $paramod\_90_pmux\WIDTH=1\S_WIDTH=2 for cells of type $pmux.
Using extmapper simplemap for cells of type $logic_not.
Using template $paramod$constmap:fb2caebc0143cfb4f4db72414a3302ed29a432d5$paramod$3ae3550b0b325b30e2c5c19aa7d60179d8989fdc\_90_shift_shiftx for cells of type $shiftx.
Using template $paramod\_90_pmux\WIDTH=4\S_WIDTH=2 for cells of type $pmux.
Using template $paramod\_90_pmux\WIDTH=7\S_WIDTH=4 for cells of type $pmux.
Using template $paramod\_90_pmux\WIDTH=9\S_WIDTH=3 for cells of type $pmux.
Using template $paramod$constmap:172fcd64e62af134fdfec0561b7a67c814cb35e9$paramod$4d8c31a57f918e2cd1d0bc24d8284efd6d83f4a8\_90_shift_ops_shr_shl_sshl_sshr for cells of type $shl.
Using template $paramod\_90_pmux\WIDTH=5\S_WIDTH=4 for cells of type $pmux.
Using extmapper simplemap for cells of type $logic_or.
Using extmapper simplemap for cells of type $reduce_bool.
Using extmapper simplemap for cells of type $ne.
Using template $paramod$constmap:bd86bf61c3a42fabc98a6a22628717fad6e793ad$paramod$800f1cdc7ab6b63b412b9bc97ff1bc92ec1173c9\_90_shift_shiftx for cells of type $shiftx.
Analyzing pattern of constant bits for this cell:
Creating constmapped module `$paramod$constmap:fe48de2c4ae8a3126e5cd9b5f25abc5b66f02632$paramod$3ae3550b0b325b30e2c5c19aa7d60179d8989fdc\_90_shift_shiftx'.

9.22.54. Executing OPT_MUXTREE pass (detect dead branches in mux trees).
Running muxtree optimizer on module $paramod$constmap:fe48de2c4ae8a3126e5cd9b5f25abc5b66f02632$paramod$3ae3550b0b325b30e2c5c19aa7d60179d8989fdc\_90_shift_shiftx..
  Creating internal representation of mux trees.
  Evaluating internal representation of mux trees.
  Analyzing evaluation results.
    dead port 2/2 on $mux $procmux$9327.
    dead port 2/2 on $mux $procmux$9321.
    dead port 2/2 on $mux $procmux$9318.
    dead port 2/2 on $mux $procmux$9312.
    dead port 2/2 on $mux $procmux$9309.
    dead port 2/2 on $mux $procmux$9303.
    dead port 2/2 on $mux $procmux$9300.
    dead port 2/2 on $mux $procmux$9294.
    dead port 2/2 on $mux $procmux$9291.
    dead port 2/2 on $mux $procmux$9285.
    dead port 2/2 on $mux $procmux$9282.
    dead port 2/2 on $mux $procmux$9276.
    dead port 2/2 on $mux $procmux$9273.
Removed 13 multiplexer ports.
<suppressed ~1242 debug messages>

9.22.55. Executing OPT_EXPR pass (perform const folding).
Optimizing module $paramod$constmap:fe48de2c4ae8a3126e5cd9b5f25abc5b66f02632$paramod$3ae3550b0b325b30e2c5c19aa7d60179d8989fdc\_90_shift_shiftx.
<suppressed ~26 debug messages>
Removed 49 unused cells and 65 unused wires.
Using template $paramod$constmap:fe48de2c4ae8a3126e5cd9b5f25abc5b66f02632$paramod$3ae3550b0b325b30e2c5c19aa7d60179d8989fdc\_90_shift_shiftx for cells of type $shiftx.
Analyzing pattern of constant bits for this cell:
  Constant input on bit 4 of port B: 1'0
  Constant input on bit 5 of port B: 1'0
  Constant input on bit 6 of port B: 1'0
  Constant input on bit 7 of port B: 1'0
  Constant input on bit 8 of port B: 1'0
  Constant input on bit 9 of port B: 1'0
  Constant input on bit 10 of port B: 1'0
  Constant input on bit 11 of port B: 1'0
  Constant input on bit 12 of port B: 1'0
  Constant input on bit 13 of port B: 1'0
  Constant input on bit 14 of port B: 1'0
  Constant input on bit 15 of port B: 1'0
  Constant input on bit 16 of port B: 1'0
  Constant input on bit 17 of port B: 1'0
  Constant input on bit 18 of port B: 1'0
  Constant input on bit 19 of port B: 1'0
  Constant input on bit 20 of port B: 1'0
  Constant input on bit 21 of port B: 1'0
  Constant input on bit 22 of port B: 1'0
  Constant input on bit 23 of port B: 1'0
  Constant input on bit 24 of port B: 1'0
  Constant input on bit 25 of port B: 1'0
  Constant input on bit 26 of port B: 1'0
  Constant input on bit 27 of port B: 1'0
  Constant input on bit 28 of port B: 1'0
  Constant input on bit 29 of port B: 1'0
  Constant input on bit 30 of port B: 1'0
  Constant input on bit 31 of port B: 1'0
Creating constmapped module `$paramod$constmap:631af0a70fd657aa05b99bbe94c3907861d808a0$paramod$800f1cdc7ab6b63b412b9bc97ff1bc92ec1173c9\_90_shift_shiftx'.

9.22.56. Executing OPT_MUXTREE pass (detect dead branches in mux trees).
Running muxtree optimizer on module $paramod$constmap:631af0a70fd657aa05b99bbe94c3907861d808a0$paramod$800f1cdc7ab6b63b412b9bc97ff1bc92ec1173c9\_90_shift_shiftx..
  Creating internal representation of mux trees.
  Evaluating internal representation of mux trees.
  Analyzing evaluation results.
    dead port 1/2 on $mux $procmux$11775.
    dead port 1/2 on $mux $procmux$11772.
    dead port 2/2 on $mux $procmux$11772.
    dead port 1/2 on $mux $procmux$11769.
    dead port 1/2 on $mux $procmux$11766.
    dead port 2/2 on $mux $procmux$11766.
    dead port 1/2 on $mux $procmux$11763.
    dead port 2/2 on $mux $procmux$11763.
    dead port 1/2 on $mux $procmux$11760.
    dead port 1/2 on $mux $procmux$11757.
    dead port 2/2 on $mux $procmux$11757.
    dead port 1/2 on $mux $procmux$11754.
    dead port 2/2 on $mux $procmux$11754.
    dead port 2/2 on $mux $procmux$11748.
    dead port 2/2 on $mux $procmux$11745.
    dead port 2/2 on $mux $procmux$11739.
    dead port 2/2 on $mux $procmux$11736.
    dead port 2/2 on $mux $procmux$11730.
    dead port 2/2 on $mux $procmux$11727.
    dead port 2/2 on $mux $procmux$11721.
    dead port 2/2 on $mux $procmux$11718.
Removed 21 multiplexer ports.
<suppressed ~19 debug messages>

9.22.57. Executing OPT_EXPR pass (perform const folding).
Optimizing module $paramod$constmap:631af0a70fd657aa05b99bbe94c3907861d808a0$paramod$800f1cdc7ab6b63b412b9bc97ff1bc92ec1173c9\_90_shift_shiftx.
<suppressed ~51 debug messages>
Removed 0 unused cells and 70 unused wires.
Using template $paramod$constmap:631af0a70fd657aa05b99bbe94c3907861d808a0$paramod$800f1cdc7ab6b63b412b9bc97ff1bc92ec1173c9\_90_shift_shiftx for cells of type $shiftx.
Using template $paramod\_90_alu\A_SIGNED=0\B_SIGNED=0\A_WIDTH=4\B_WIDTH=4\Y_WIDTH=4 for cells of type $alu.
Using extmapper simplemap for cells of type $pos.
Using template $paramod\_90_lcu\WIDTH=4 for cells of type $lcu.
Using extmapper simplemap for cells of type $xor.
Using template $paramod\_90_lcu\WIDTH=3 for cells of type $lcu.
Using template $paramod\_90_lcu\WIDTH=32 for cells of type $lcu.
Using template $paramod\_90_lcu\WIDTH=2 for cells of type $lcu.
Using template $paramod\_90_alu\A_SIGNED=0\B_SIGNED=0\A_WIDTH=5\B_WIDTH=5\Y_WIDTH=5 for cells of type $alu.
Using template $paramod\_90_fa\WIDTH=5 for cells of type $fa.
Using template $paramod\_90_lcu\WIDTH=5 for cells of type $lcu.
No more expansions possible.
<suppressed ~1624 debug messages>

9.23. Executing OPT pass (performing simple optimizations).

9.23.1. Executing OPT_EXPR pass (perform const folding).
Optimizing module fixed_ingress_machine.
<suppressed ~4490 debug messages>

9.23.2. Executing OPT_MERGE pass (detect identical cells).
Finding identical cells in module `\fixed_ingress_machine'.
<suppressed ~1044 debug messages>
Removed a total of 348 cells.

9.23.3. Executing OPT_RMDFF pass (remove dff with constant values).

9.23.4. Executing OPT_CLEAN pass (remove unused cells and wires).
Finding unused cells or wires in module \fixed_ingress_machine..
Removed 368 unused cells and 1814 unused wires.
<suppressed ~369 debug messages>

9.23.5. Finished fast OPT passes.

9.24. Executing HIERARCHY pass (managing design hierarchy).

9.24.1. Analyzing design hierarchy..
Top module:  \fixed_ingress_machine

9.24.2. Analyzing design hierarchy..
Top module:  \fixed_ingress_machine
Removed 0 unused modules.

9.25. Printing statistics.

=== fixed_ingress_machine ===

   Number of wires:               1089
   Number of wire bits:           4912
   Number of public wires:          39
   Number of public wire bits:     362
   Number of memories:               0
   Number of memory bits:            0
   Number of processes:              0
   Number of cells:               1776
     $_AND_                        414
     $_DFF_P_                       24
     $_MUX_                        558
     $_NOT_                        130
     $_OR_                         597
     $_XOR_                         53

9.26. Executing CHECK pass (checking for obvious problems).
checking module fixed_ingress_machine..
found and reported 0 problems.

10. Executing ABC pass (technology mapping using ABC).

10.1. Extracting gate netlist of module `\fixed_ingress_machine' to `<abc-temp-dir>/input.blif'..
Extracted 1752 gates and 1838 wires to a netlist network with 83 inputs and 24 outputs.

10.1.1. Executing ABC.
Running ABC command: <yosys-exe-dir>/berkeley-abc -s -f <abc-temp-dir>/abc.script 2>&1
ABC: ABC command line: "source <abc-temp-dir>/abc.script".
ABC: 
ABC: + read_blif <abc-temp-dir>/input.blif 
ABC: + read_library <abc-temp-dir>/stdcells.genlib 
ABC: Entered genlib library with 8 gates from file "<abc-temp-dir>/stdcells.genlib".
ABC: + strash 
ABC: + ifraig 
ABC: + scorr 
ABC: Warning: The network is combinational (run "fraig" or "fraig_sweep").
ABC: + dc2 
ABC: + dretime 
ABC: + retime 
ABC: + strash 
ABC: + &get -n 
ABC: + &dch -f 
ABC: + &nf 
ABC: + &put 
ABC: + write_blif <abc-temp-dir>/output.blif 

10.1.2. Re-integrating ABC results.
ABC RESULTS:               AND cells:      447
ABC RESULTS:               MUX cells:       52
ABC RESULTS:               NOT cells:      122
ABC RESULTS:                OR cells:      375
ABC RESULTS:               XOR cells:        8
ABC RESULTS:        internal signals:     1731
ABC RESULTS:           input signals:       83
ABC RESULTS:          output signals:       24
Removing temp directory.
Removed 0 unused cells and 1157 unused wires.
Renaming module \fixed_ingress_machine to \gate.

11. Executing EQUIV_MAKE pass (creating equiv checking module).
Presumably equivalent wires: baseline.clk_gold (\clk_gold), baseline.clk_gate (\clk_gate) -> baseline.clk
Presumably equivalent wires: baseline.committed_gold (\baseline.committed_gold), baseline.committed_gate (\baseline.committed_gate) -> baseline.committed
Presumably equivalent wires: baseline.reset_gold (\reset_gold), baseline.reset_gate (\reset_gate) -> baseline.reset
Presumably equivalent wires: baseline.resolved_gold (\baseline.resolved_gold), baseline.resolved_gate (\baseline.resolved_gate) -> baseline.resolved
Presumably equivalent wires: baseline.state_gold (\baseline.state_gold), baseline.state_gate (\baseline.state_gate) -> baseline.state
Presumably equivalent wires: baseline.transition.state_in_gold (\baseline.state_gold), baseline.transition.state_in_gate (\baseline.state_gate) -> baseline.transition.state_in
Presumably equivalent wires: clk_gold (\clk_gold), clk_gate (\clk_gate) -> clk
Presumably equivalent wires: committed_gold (\baseline.committed_gold), committed_gate (\baseline.committed_gate) -> committed
Presumably equivalent wires: ingress.lane_valid_gold (\lane_valid_gold), ingress.lane_valid_gate (\lane_valid_gate) -> ingress.lane_valid
Presumably equivalent wires: ingress.payloads_gold (\payloads_gold), ingress.payloads_gate (\payloads_gate) -> ingress.payloads
Presumably equivalent wires: lane_valid_gold (\lane_valid_gold), lane_valid_gate (\lane_valid_gate) -> lane_valid
Presumably equivalent wires: payloads_gold (\payloads_gold), payloads_gate (\payloads_gate) -> payloads
Presumably equivalent wires: reset_gold (\reset_gold), reset_gate (\reset_gate) -> reset
Presumably equivalent wires: resolved_gold (\baseline.resolved_gold), resolved_gate (\baseline.resolved_gate) -> resolved
Presumably equivalent wires: state_gold (\baseline.state_gold), state_gate (\baseline.state_gate) -> state

12. Executing HIERARCHY pass (managing design hierarchy).

12.1. Analyzing design hierarchy..
Top module:  \equiv

12.2. Analyzing design hierarchy..
Top module:  \equiv
Removing unused module `\gate'.
Removing unused module `\gold'.
Removed 2 unused modules.

13. Executing EQUIV_SIMPLE pass.
Found 132 unproven $equiv cells (11 groups) in equiv:
  Trying to prove $equiv for \resolved: failed.
  Trying to prove $equiv for \committed: failed.
 Grouping SAT models for \state:
  Trying to prove $equiv for \state [0]: failed.
  Trying to prove $equiv for \state [1]: failed.
  Trying to prove $equiv for \state [2]: failed.
  Trying to prove $equiv for \state [3]: failed.
  Trying to prove $equiv for \state [4]: failed.
  Trying to prove $equiv for \state [5]: failed.
  Trying to prove $equiv for \state [6]: failed.
  Trying to prove $equiv for \state [7]: failed.
  Trying to prove $equiv for \state [8]: failed.
  Trying to prove $equiv for \state [9]: failed.
  Trying to prove $equiv for \state [10]: failed.
  Trying to prove $equiv for \state [11]: failed.
  Trying to prove $equiv for \state [12]: failed.
  Trying to prove $equiv for \state [13]: failed.
  Trying to prove $equiv for \state [14]: failed.
  Trying to prove $equiv for \state [15]: failed.
  Trying to prove $equiv for \state [16]: failed.
  Trying to prove $equiv for \state [17]: failed.
  Trying to prove $equiv for \state [18]: failed.
  Trying to prove $equiv for \state [19]: failed.
  Trying to prove $equiv for \state [20]: failed.
  Trying to prove $equiv for \state [21]: failed.
 Grouping SAT models for \ingress.payloads:
  Trying to prove $equiv for \ingress.payloads [0]: success!
  Trying to prove $equiv for \ingress.payloads [1]: success!
  Trying to prove $equiv for \ingress.payloads [2]: success!
  Trying to prove $equiv for \ingress.payloads [3]: success!
  Trying to prove $equiv for \ingress.payloads [4]: success!
  Trying to prove $equiv for \ingress.payloads [5]: success!
  Trying to prove $equiv for \ingress.payloads [6]: success!
  Trying to prove $equiv for \ingress.payloads [7]: success!
  Trying to prove $equiv for \ingress.payloads [8]: success!
  Trying to prove $equiv for \ingress.payloads [9]: success!
  Trying to prove $equiv for \ingress.payloads [10]: success!
  Trying to prove $equiv for \ingress.payloads [11]: success!
  Trying to prove $equiv for \ingress.payloads [12]: success!
  Trying to prove $equiv for \ingress.payloads [13]: success!
  Trying to prove $equiv for \ingress.payloads [14]: success!
  Trying to prove $equiv for \ingress.payloads [15]: success!
  Trying to prove $equiv for \ingress.payloads [16]: success!
  Trying to prove $equiv for \ingress.payloads [17]: success!
  Trying to prove $equiv for \ingress.payloads [18]: success!
  Trying to prove $equiv for \ingress.payloads [19]: success!
  Trying to prove $equiv for \ingress.payloads [20]: success!
  Trying to prove $equiv for \ingress.payloads [21]: success!
  Trying to prove $equiv for \ingress.payloads [22]: success!
  Trying to prove $equiv for \ingress.payloads [23]: success!
  Trying to prove $equiv for \ingress.payloads [24]: success!
  Trying to prove $equiv for \ingress.payloads [25]: success!
  Trying to prove $equiv for \ingress.payloads [26]: success!
  Trying to prove $equiv for \ingress.payloads [27]: success!
  Trying to prove $equiv for \ingress.payloads [28]: success!
  Trying to prove $equiv for \ingress.payloads [29]: success!
  Trying to prove $equiv for \ingress.payloads [30]: success!
  Trying to prove $equiv for \ingress.payloads [31]: success!
  Trying to prove $equiv for \ingress.payloads [32]: success!
  Trying to prove $equiv for \ingress.payloads [33]: success!
  Trying to prove $equiv for \ingress.payloads [34]: success!
  Trying to prove $equiv for \ingress.payloads [35]: success!
  Trying to prove $equiv for \ingress.payloads [36]: success!
  Trying to prove $equiv for \ingress.payloads [37]: success!
  Trying to prove $equiv for \ingress.payloads [38]: success!
  Trying to prove $equiv for \ingress.payloads [39]: success!
  Trying to prove $equiv for \ingress.payloads [40]: success!
  Trying to prove $equiv for \ingress.payloads [41]: success!
  Trying to prove $equiv for \ingress.payloads [42]: success!
  Trying to prove $equiv for \ingress.payloads [43]: success!
  Trying to prove $equiv for \ingress.payloads [44]: success!
  Trying to prove $equiv for \ingress.payloads [45]: success!
  Trying to prove $equiv for \ingress.payloads [46]: success!
  Trying to prove $equiv for \ingress.payloads [47]: success!
  Trying to prove $equiv for \ingress.payloads [48]: success!
  Trying to prove $equiv for \ingress.payloads [49]: success!
  Trying to prove $equiv for \ingress.payloads [50]: success!
  Trying to prove $equiv for \ingress.payloads [51]: success!
  Trying to prove $equiv for \ingress.payloads [52]: success!
  Trying to prove $equiv for \ingress.payloads [53]: success!
  Trying to prove $equiv for \ingress.payloads [54]: success!
  Trying to prove $equiv for \baseline.resolved: failed.
 Grouping SAT models for \ingress.lane_valid:
  Trying to prove $equiv for \ingress.lane_valid [0]: success!
  Trying to prove $equiv for \ingress.lane_valid [1]: success!
  Trying to prove $equiv for \ingress.lane_valid [2]: success!
  Trying to prove $equiv for \ingress.lane_valid [3]: success!
  Trying to prove $equiv for \ingress.lane_valid [4]: success!
  Trying to prove $equiv for \baseline.committed: failed.
 Grouping SAT models for \baseline.state:
  Trying to prove $equiv for \baseline.state [0]: failed.
  Trying to prove $equiv for \baseline.state [1]: failed.
  Trying to prove $equiv for \baseline.state [2]: failed.
  Trying to prove $equiv for \baseline.state [3]: failed.
  Trying to prove $equiv for \baseline.state [4]: failed.
  Trying to prove $equiv for \baseline.state [5]: failed.
  Trying to prove $equiv for \baseline.state [6]: failed.
  Trying to prove $equiv for \baseline.state [7]: failed.
  Trying to prove $equiv for \baseline.state [8]: failed.
  Trying to prove $equiv for \baseline.state [9]: failed.
  Trying to prove $equiv for \baseline.state [10]: failed.
  Trying to prove $equiv for \baseline.state [11]: failed.
  Trying to prove $equiv for \baseline.state [12]: failed.
  Trying to prove $equiv for \baseline.state [13]: failed.
  Trying to prove $equiv for \baseline.state [14]: failed.
  Trying to prove $equiv for \baseline.state [15]: failed.
  Trying to prove $equiv for \baseline.state [16]: failed.
  Trying to prove $equiv for \baseline.state [17]: failed.
  Trying to prove $equiv for \baseline.state [18]: failed.
  Trying to prove $equiv for \baseline.state [19]: failed.
  Trying to prove $equiv for \baseline.state [20]: failed.
  Trying to prove $equiv for \baseline.state [21]: failed.
  Trying to prove $equiv for \baseline.reset: success!
  Trying to prove $equiv for \baseline.clk: success!
 Grouping SAT models for \baseline.transition.state_in:
  Trying to prove $equiv for \baseline.transition.state_in [0]: failed.
  Trying to prove $equiv for \baseline.transition.state_in [1]: failed.
  Trying to prove $equiv for \baseline.transition.state_in [2]: failed.
  Trying to prove $equiv for \baseline.transition.state_in [3]: failed.
  Trying to prove $equiv for \baseline.transition.state_in [4]: failed.
  Trying to prove $equiv for \baseline.transition.state_in [5]: failed.
  Trying to prove $equiv for \baseline.transition.state_in [6]: failed.
  Trying to prove $equiv for \baseline.transition.state_in [7]: failed.
  Trying to prove $equiv for \baseline.transition.state_in [8]: failed.
  Trying to prove $equiv for \baseline.transition.state_in [9]: failed.
  Trying to prove $equiv for \baseline.transition.state_in [10]: failed.
  Trying to prove $equiv for \baseline.transition.state_in [11]: failed.
  Trying to prove $equiv for \baseline.transition.state_in [12]: failed.
  Trying to prove $equiv for \baseline.transition.state_in [13]: failed.
  Trying to prove $equiv for \baseline.transition.state_in [14]: failed.
  Trying to prove $equiv for \baseline.transition.state_in [15]: failed.
  Trying to prove $equiv for \baseline.transition.state_in [16]: failed.
  Trying to prove $equiv for \baseline.transition.state_in [17]: failed.
  Trying to prove $equiv for \baseline.transition.state_in [18]: failed.
  Trying to prove $equiv for \baseline.transition.state_in [19]: failed.
  Trying to prove $equiv for \baseline.transition.state_in [20]: failed.
  Trying to prove $equiv for \baseline.transition.state_in [21]: failed.
Proved 62 previously unproven $equiv cells.

14. Executing EQUIV_INDUCT pass.
Found 70 unproven $equiv cells in module equiv:
  Proving existence of base case for step 1. (59045 clauses over 20409 variables)
  Proving induction step 1. (118569 clauses over 40961 variables)
  Proof for induction step holds. Entire workset of 70 cells proven!
Proved 70 previously unproven $equiv cells.

15. Executing EQUIV_STATUS pass.
Found 132 $equiv cells in equiv:
  Of those cells 132 are proven and 0 are unproven.
  Equivalence successfully proven!
