
-- Executing script file `/tmp/ases-kernel0-ingress-reduction/docs/research/kernel-0/ingress-reduction/evidence/independent-boundary.ys' --

1. Executing Verilog-2005 frontend: /tmp/ases-kernel0-ingress-reduction/docs/research/kernel-0/direct-rtl/kernel0.v
Parsing Verilog input from `/tmp/ases-kernel0-ingress-reduction/docs/research/kernel-0/direct-rtl/kernel0.v' to AST representation.
Generating RTLIL representation for module `\kernel0_step'.
Generating RTLIL representation for module `\kernel0_machine'.
Successfully finished Verilog frontend.

2. Executing Verilog-2005 frontend: /tmp/ases-kernel0-ingress-reduction/docs/research/kernel-0/ingress-reduction/fixed_ingress.v
Parsing Verilog input from `/tmp/ases-kernel0-ingress-reduction/docs/research/kernel-0/ingress-reduction/fixed_ingress.v' to AST representation.
Generating RTLIL representation for module `\fixed_ingress'.
Generating RTLIL representation for module `\fixed_ingress_machine'.
Successfully finished Verilog frontend.

3. Executing Verilog-2005 frontend: /tmp/ases-kernel0-ingress-reduction/docs/research/kernel-0/ingress-reduction/refinement_formal.v
Parsing Verilog input from `/tmp/ases-kernel0-ingress-reduction/docs/research/kernel-0/ingress-reduction/refinement_formal.v' to AST representation.
Generating RTLIL representation for module `\ingress_spec'.
Generating RTLIL representation for module `\ingress_formal'.
Generating RTLIL representation for module `\ingress_boundary_formal'.
Successfully finished Verilog frontend.

4. Executing AST frontend in derive mode using pre-parsed AST for module `\ingress_boundary_formal'.
Parameter \COUPLED = 0
Parameter \EXCLUSIVE = 0
Generating RTLIL representation for module `$paramod\ingress_boundary_formal\COUPLED=0\EXCLUSIVE=0'.

5. Executing HIERARCHY pass (managing design hierarchy).

5.1. Analyzing design hierarchy..
Top module:  \ingress_boundary_formal
Used module:     \fixed_ingress_machine
Used module:         \kernel0_machine
Used module:             \kernel0_step
Used module:         \fixed_ingress
Used module:     \ingress_spec

5.2. Executing AST frontend in derive mode using pre-parsed AST for module `\kernel0_step'.
Parameter \COUPLED = 0
Parameter \EXCLUSIVE = 0
Generating RTLIL representation for module `$paramod\kernel0_step\COUPLED=0\EXCLUSIVE=0'.

5.3. Executing AST frontend in derive mode using pre-parsed AST for module `\kernel0_machine'.
Parameter \COUPLED = 0
Parameter \EXCLUSIVE = 0
Generating RTLIL representation for module `$paramod\kernel0_machine\COUPLED=0\EXCLUSIVE=0'.

5.4. Executing AST frontend in derive mode using pre-parsed AST for module `\fixed_ingress_machine'.
Parameter \COUPLED = 0
Parameter \EXCLUSIVE = 0
Generating RTLIL representation for module `$paramod\fixed_ingress_machine\COUPLED=0\EXCLUSIVE=0'.

5.5. Executing AST frontend in derive mode using pre-parsed AST for module `\kernel0_step'.
Parameter \COUPLED = 0
Parameter \EXCLUSIVE = 0
Found cached RTLIL representation for module `$paramod\kernel0_step\COUPLED=0\EXCLUSIVE=0'.

5.6. Analyzing design hierarchy..
Top module:  \ingress_boundary_formal
Used module:     $paramod\fixed_ingress_machine\COUPLED=0\EXCLUSIVE=0
Used module:         \kernel0_machine
Used module:             $paramod\kernel0_step\COUPLED=0\EXCLUSIVE=0
Used module:         \fixed_ingress
Used module:     \ingress_spec

5.7. Executing AST frontend in derive mode using pre-parsed AST for module `\kernel0_machine'.
Parameter \COUPLED = 0
Parameter \EXCLUSIVE = 0
Found cached RTLIL representation for module `$paramod\kernel0_machine\COUPLED=0\EXCLUSIVE=0'.

5.8. Analyzing design hierarchy..
Top module:  \ingress_boundary_formal
Used module:     $paramod\fixed_ingress_machine\COUPLED=0\EXCLUSIVE=0
Used module:         $paramod\kernel0_machine\COUPLED=0\EXCLUSIVE=0
Used module:             \kernel0_step
Used module:         \fixed_ingress
Used module:     \ingress_spec
Used module:     $paramod\kernel0_step\COUPLED=0\EXCLUSIVE=0

5.9. Executing AST frontend in derive mode using pre-parsed AST for module `\kernel0_step'.
Parameter \COUPLED = 0
Parameter \EXCLUSIVE = 0
Found cached RTLIL representation for module `$paramod\kernel0_step\COUPLED=0\EXCLUSIVE=0'.

5.10. Analyzing design hierarchy..
Top module:  \ingress_boundary_formal
Used module:     $paramod\fixed_ingress_machine\COUPLED=0\EXCLUSIVE=0
Used module:         $paramod\kernel0_machine\COUPLED=0\EXCLUSIVE=0
Used module:             $paramod\kernel0_step\COUPLED=0\EXCLUSIVE=0
Used module:         \fixed_ingress
Used module:     \ingress_spec

5.11. Analyzing design hierarchy..
Top module:  \ingress_boundary_formal
Used module:     $paramod\fixed_ingress_machine\COUPLED=0\EXCLUSIVE=0
Used module:         $paramod\kernel0_machine\COUPLED=0\EXCLUSIVE=0
Used module:             $paramod\kernel0_step\COUPLED=0\EXCLUSIVE=0
Used module:         \fixed_ingress
Used module:     \ingress_spec
Removing unused module `\ingress_formal'.
Removing unused module `\fixed_ingress_machine'.
Removing unused module `\kernel0_machine'.
Removing unused module `\kernel0_step'.
Removed 4 unused modules.
Mapping positional arguments of cell ingress_boundary_formal.dut ($paramod\fixed_ingress_machine\COUPLED=0\EXCLUSIVE=0).
Mapping positional arguments of cell ingress_boundary_formal.spec (ingress_spec).
Mapping positional arguments of cell ingress_boundary_formal.law ($paramod\kernel0_step\COUPLED=0\EXCLUSIVE=0).

6. Executing PROC pass (convert processes to netlists).

6.1. Executing PROC_CLEAN pass (remove empty switches from decision trees).
Cleaned up 0 empty switches.

6.2. Executing PROC_RMDEAD pass (remove dead branches from decision trees).
Marked 1 switch rules as full_case in process $proc$/tmp/ases-kernel0-ingress-reduction/docs/research/kernel-0/direct-rtl/kernel0.v:163$751 in module $paramod\kernel0_machine\COUPLED=0\EXCLUSIVE=0.
Marked 1 switch rules as full_case in process $proc$/tmp/ases-kernel0-ingress-reduction/docs/research/kernel-0/ingress-reduction/fixed_ingress.v:13$354 in module fixed_ingress.
Marked 48 switch rules as full_case in process $proc$/tmp/ases-kernel0-ingress-reduction/docs/research/kernel-0/direct-rtl/kernel0.v:53$410 in module $paramod\kernel0_step\COUPLED=0\EXCLUSIVE=0.
Removed a total of 0 dead cases.

6.3. Executing PROC_INIT pass (extract init attributes).

6.4. Executing PROC_ARST pass (detect async resets in processes).

6.5. Executing PROC_MUX pass (convert decision trees to multiplexers).
Creating decoders for process `$paramod\kernel0_machine\COUPLED=0\EXCLUSIVE=0.$proc$/tmp/ases-kernel0-ingress-reduction/docs/research/kernel-0/direct-rtl/kernel0.v:163$751'.
     1/3: $0\state[21:0]
     2/3: $0\committed[0:0]
     3/3: $0\resolved[0:0]
Creating decoders for process `\fixed_ingress.$proc$/tmp/ases-kernel0-ingress-reduction/docs/research/kernel-0/ingress-reduction/fixed_ingress.v:13$354'.
     1/7: $1\actor[2:0]
     2/7: $1\payload[10:0]
     3/7: $1\valid[0:0]
     4/7: $0\proposal[14:0]
     5/7: $0\payload[10:0]
     6/7: $0\valid[0:0]
     7/7: $0\actor[2:0]
Creating decoders for process `$paramod\kernel0_step\COUPLED=0\EXCLUSIVE=0.$proc$/tmp/ases-kernel0-ingress-reduction/docs/research/kernel-0/direct-rtl/kernel0.v:53$410'.
     1/276: $9$func$\valid_state$/tmp/ases-kernel0-ingress-reduction/docs/research/kernel-0/direct-rtl/kernel0.v:143$405$\valid_state[0:0]$748
     2/276: $8$func$\valid_state$/tmp/ases-kernel0-ingress-reduction/docs/research/kernel-0/direct-rtl/kernel0.v:143$405$\valid_state[0:0]$739
     3/276: $7$func$\valid_state$/tmp/ases-kernel0-ingress-reduction/docs/research/kernel-0/direct-rtl/kernel0.v:143$405$\valid_state[0:0]$735
     4/276: $6$func$\valid_state$/tmp/ases-kernel0-ingress-reduction/docs/research/kernel-0/direct-rtl/kernel0.v:143$405$\valid_state[0:0]$731
     5/276: $5$func$\valid_state$/tmp/ases-kernel0-ingress-reduction/docs/research/kernel-0/direct-rtl/kernel0.v:143$405$\valid_state[0:0]$727
     6/276: $4$func$\valid_state$/tmp/ases-kernel0-ingress-reduction/docs/research/kernel-0/direct-rtl/kernel0.v:143$405$\valid_state[0:0]$723
     7/276: $3$func$\valid_state$/tmp/ases-kernel0-ingress-reduction/docs/research/kernel-0/direct-rtl/kernel0.v:143$405$\valid_state[0:0]$714
     8/276: $2$func$\valid_state$/tmp/ases-kernel0-ingress-reduction/docs/research/kernel-0/direct-rtl/kernel0.v:143$405$\valid_state[0:0]$702
     9/276: $1$func$\valid_state$/tmp/ases-kernel0-ingress-reduction/docs/research/kernel-0/direct-rtl/kernel0.v:143$405$\valid_state[0:0]$697
    10/276: $1$func$\valid_state$/tmp/ases-kernel0-ingress-reduction/docs/research/kernel-0/direct-rtl/kernel0.v:143$405$\i[31:0]$698
    11/276: $1$func$\valid_state$/tmp/ases-kernel0-ingress-reduction/docs/research/kernel-0/direct-rtl/kernel0.v:143$405$\parent_rights[2:0]$695
    12/276: $6\proposed[21:0] [21:17]
    13/276: $24\proposed[21:0] [2]
    14/276: $24\proposed[21:0] [3]
    15/276: $12\admitted[0:0]
    16/276: $24\proposed[21:0] [0]
    17/276: $24\proposed[21:0] [1]
    18/276: $26\proposed[21:0] [18]
    19/276: $26\proposed[21:0] [16]
    20/276: $26\proposed[21:0] [14]
    21/276: $26\proposed[21:0] [12]
    22/276: $26\proposed[21:0] [10]
    23/276: $26\proposed[21:0] [8]
    24/276: $26\proposed[21:0] [6]
    25/276: $26\proposed[21:0] [4]
    26/276: $26\proposed[21:0] [2]
    27/276: $26\proposed[21:0] [0]
    28/276: $26\proposed[21:0] [20]
    29/276: $26\proposed[21:0] [15]
    30/276: $26\proposed[21:0] [11]
    31/276: $26\proposed[21:0] [7]
    32/276: $26\proposed[21:0] [3]
    33/276: $26\proposed[21:0] [19]
    34/276: $26\proposed[21:0] [13]
    35/276: $26\proposed[21:0] [5]
    36/276: $26\proposed[21:0] [17]
    37/276: $26\proposed[21:0] [1]
    38/276: $26\proposed[21:0] [9]
    39/276: $25\proposed[21:0] [21]
    40/276: $25\proposed[21:0] [18]
    41/276: $25\proposed[21:0] [16]
    42/276: $25\proposed[21:0] [14]
    43/276: $25\proposed[21:0] [12]
    44/276: $25\proposed[21:0] [10]
    45/276: $25\proposed[21:0] [8]
    46/276: $25\proposed[21:0] [6]
    47/276: $25\proposed[21:0] [4]
    48/276: $25\proposed[21:0] [2]
    49/276: $25\proposed[21:0] [0]
    50/276: $25\proposed[21:0] [20]
    51/276: $25\proposed[21:0] [15]
    52/276: $25\proposed[21:0] [11]
    53/276: $25\proposed[21:0] [7]
    54/276: $25\proposed[21:0] [3]
    55/276: $25\proposed[21:0] [19]
    56/276: $25\proposed[21:0] [13]
    57/276: $25\proposed[21:0] [5]
    58/276: $25\proposed[21:0] [17]
    59/276: $25\proposed[21:0] [1]
    60/276: $25\proposed[21:0] [9]
    61/276: $26\proposed[21:0] [21]
    62/276: $11\admitted[0:0]
    63/276: $10\admitted[0:0]
    64/276: $23\proposed[21:0]
    65/276: $5\needed[2:0]
    66/276: $6\proposed[21:0] [16:8]
    67/276: $21\proposed[7:7]
    68/276: $22\proposed[21:17] [2:0]
    69/276: $9\admitted[0:0]
    70/276: $6\proposed[21:0] [7]
    71/276: $6\proposed[21:0] [6:0]
    72/276: $24\proposed[21:0] [21:4]
    73/276: $22\proposed[21:17] [4:3]
    74/276: $20\proposed[21:0] [18]
    75/276: $20\proposed[21:0] [16]
    76/276: $20\proposed[21:0] [14]
    77/276: $20\proposed[21:0] [12]
    78/276: $20\proposed[21:0] [10]
    79/276: $20\proposed[21:0] [8]
    80/276: $20\proposed[21:0] [6]
    81/276: $20\proposed[21:0] [4]
    82/276: $20\proposed[21:0] [2]
    83/276: $20\proposed[21:0] [0]
    84/276: $20\proposed[21:0] [20]
    85/276: $20\proposed[21:0] [15]
    86/276: $20\proposed[21:0] [11]
    87/276: $20\proposed[21:0] [7]
    88/276: $20\proposed[21:0] [3]
    89/276: $20\proposed[21:0] [19]
    90/276: $20\proposed[21:0] [13]
    91/276: $20\proposed[21:0] [5]
    92/276: $20\proposed[21:0] [17]
    93/276: $20\proposed[21:0] [1]
    94/276: $20\proposed[21:0] [9]
    95/276: $19\proposed[21:0] [21]
    96/276: $19\proposed[21:0] [17]
    97/276: $19\proposed[21:0] [19]
    98/276: $19\proposed[21:0] [15]
    99/276: $19\proposed[21:0] [13]
   100/276: $19\proposed[21:0] [11]
   101/276: $19\proposed[21:0] [9]
   102/276: $19\proposed[21:0] [7]
   103/276: $19\proposed[21:0] [5]
   104/276: $19\proposed[21:0] [3]
   105/276: $19\proposed[21:0] [1]
   106/276: $19\proposed[21:0] [20]
   107/276: $19\proposed[21:0] [16]
   108/276: $19\proposed[21:0] [12]
   109/276: $19\proposed[21:0] [8]
   110/276: $19\proposed[21:0] [4]
   111/276: $19\proposed[21:0] [0]
   112/276: $19\proposed[21:0] [14]
   113/276: $19\proposed[21:0] [18]
   114/276: $19\proposed[21:0] [10]
   115/276: $19\proposed[21:0] [2]
   116/276: $19\proposed[21:0] [6]
   117/276: $18\proposed[21:17] [4:3]
   118/276: $18\proposed[21:17] [2:0]
   119/276: $17\proposed[21:0] [21]
   120/276: $17\proposed[21:0] [17]
   121/276: $17\proposed[21:0] [19]
   122/276: $17\proposed[21:0] [15]
   123/276: $17\proposed[21:0] [13]
   124/276: $17\proposed[21:0] [11]
   125/276: $17\proposed[21:0] [9]
   126/276: $17\proposed[21:0] [7]
   127/276: $17\proposed[21:0] [5]
   128/276: $17\proposed[21:0] [3]
   129/276: $17\proposed[21:0] [1]
   130/276: $17\proposed[21:0] [20]
   131/276: $17\proposed[21:0] [16]
   132/276: $17\proposed[21:0] [12]
   133/276: $17\proposed[21:0] [8]
   134/276: $17\proposed[21:0] [4]
   135/276: $17\proposed[21:0] [0]
   136/276: $17\proposed[21:0] [14]
   137/276: $17\proposed[21:0] [18]
   138/276: $17\proposed[21:0] [10]
   139/276: $17\proposed[21:0] [2]
   140/276: $17\proposed[21:0] [6]
   141/276: $8\admitted[0:0]
   142/276: $16\proposed[21:0]
   143/276: $11\proposed[21:0] [21:17]
   144/276: $14\proposed[21:17] [2:0]
   145/276: $15\proposed[21:20]
   146/276: $13\proposed[21:20]
   147/276: $12\proposed[21:0] [21]
   148/276: $12\proposed[21:0] [17]
   149/276: $12\proposed[21:0] [19]
   150/276: $12\proposed[21:0] [15]
   151/276: $12\proposed[21:0] [13]
   152/276: $12\proposed[21:0] [11]
   153/276: $12\proposed[21:0] [9]
   154/276: $12\proposed[21:0] [7]
   155/276: $12\proposed[21:0] [5]
   156/276: $12\proposed[21:0] [3]
   157/276: $12\proposed[21:0] [1]
   158/276: $12\proposed[21:0] [20]
   159/276: $12\proposed[21:0] [16]
   160/276: $12\proposed[21:0] [12]
   161/276: $12\proposed[21:0] [8]
   162/276: $12\proposed[21:0] [4]
   163/276: $12\proposed[21:0] [0]
   164/276: $12\proposed[21:0] [14]
   165/276: $12\proposed[21:0] [18]
   166/276: $12\proposed[21:0] [10]
   167/276: $12\proposed[21:0] [2]
   168/276: $12\proposed[21:0] [6]
   169/276: $7\admitted[0:0]
   170/276: $11\proposed[21:0] [16:0]
   171/276: $14\proposed[21:17] [4:3]
   172/276: $7\proposed[21:0] [21:20]
   173/276: $9\proposed[21:0] [21]
   174/276: $9\proposed[21:0] [18]
   175/276: $9\proposed[21:0] [16]
   176/276: $9\proposed[21:0] [14]
   177/276: $9\proposed[21:0] [12]
   178/276: $9\proposed[21:0] [10]
   179/276: $9\proposed[21:0] [8]
   180/276: $9\proposed[21:0] [6]
   181/276: $9\proposed[21:0] [4]
   182/276: $9\proposed[21:0] [2]
   183/276: $9\proposed[21:0] [0]
   184/276: $9\proposed[21:0] [20]
   185/276: $9\proposed[21:0] [15]
   186/276: $9\proposed[21:0] [11]
   187/276: $9\proposed[21:0] [7]
   188/276: $9\proposed[21:0] [3]
   189/276: $9\proposed[21:0] [19]
   190/276: $9\proposed[21:0] [13]
   191/276: $9\proposed[21:0] [5]
   192/276: $9\proposed[21:0] [17]
   193/276: $9\proposed[21:0] [1]
   194/276: $9\proposed[21:0] [9]
   195/276: $8\proposed[21:0] [21]
   196/276: $8\proposed[21:0] [17]
   197/276: $8\proposed[21:0] [19]
   198/276: $8\proposed[21:0] [15]
   199/276: $8\proposed[21:0] [13]
   200/276: $8\proposed[21:0] [11]
   201/276: $8\proposed[21:0] [9]
   202/276: $8\proposed[21:0] [7]
   203/276: $8\proposed[21:0] [5]
   204/276: $8\proposed[21:0] [3]
   205/276: $8\proposed[21:0] [1]
   206/276: $8\proposed[21:0] [20]
   207/276: $8\proposed[21:0] [16]
   208/276: $8\proposed[21:0] [12]
   209/276: $8\proposed[21:0] [8]
   210/276: $8\proposed[21:0] [4]
   211/276: $8\proposed[21:0] [0]
   212/276: $8\proposed[21:0] [14]
   213/276: $8\proposed[21:0] [18]
   214/276: $8\proposed[21:0] [10]
   215/276: $8\proposed[21:0] [2]
   216/276: $8\proposed[21:0] [6]
   217/276: $6\admitted[0:0]
   218/276: $7\proposed[21:0] [19:0]
   219/276: $10\proposed[21:20]
   220/276: $5\admitted[0:0]
   221/276: $20\proposed[21:0] [21]
   222/276: $4\needed[2:0]
   223/276: $3\needed[2:0]
   224/276: $4\admitted[0:0]
   225/276: $5\proposed[21:0]
   226/276: $2\proposed[21:0] [21:4]
   227/276: $2\proposed[21:0] [2:1]
   228/276: $4\proposed[3:3]
   229/276: $3\proposed[0:0]
   230/276: $2\admitted[0:0]
   231/276: $2\proposed[21:0] [3]
   232/276: $3\admitted[0:0]
   233/276: $2\needed[2:0]
   234/276: $2\proposed[21:0] [0]
   235/276: $1\needed[2:0]
   236/276: $1\admitted[0:0]
   237/276: $1\proposed[21:0]
   238/276: $9$func$\valid_state$/tmp/ases-kernel0-ingress-reduction/docs/research/kernel-0/direct-rtl/kernel0.v:76$400$\valid_state[0:0]$557
   239/276: $8$func$\valid_state$/tmp/ases-kernel0-ingress-reduction/docs/research/kernel-0/direct-rtl/kernel0.v:76$400$\valid_state[0:0]$548
   240/276: $7$func$\valid_state$/tmp/ases-kernel0-ingress-reduction/docs/research/kernel-0/direct-rtl/kernel0.v:76$400$\valid_state[0:0]$544
   241/276: $6$func$\valid_state$/tmp/ases-kernel0-ingress-reduction/docs/research/kernel-0/direct-rtl/kernel0.v:76$400$\valid_state[0:0]$540
   242/276: $5$func$\valid_state$/tmp/ases-kernel0-ingress-reduction/docs/research/kernel-0/direct-rtl/kernel0.v:76$400$\valid_state[0:0]$536
   243/276: $4$func$\valid_state$/tmp/ases-kernel0-ingress-reduction/docs/research/kernel-0/direct-rtl/kernel0.v:76$400$\valid_state[0:0]$532
   244/276: $3$func$\valid_state$/tmp/ases-kernel0-ingress-reduction/docs/research/kernel-0/direct-rtl/kernel0.v:76$400$\valid_state[0:0]$523
   245/276: $2$func$\valid_state$/tmp/ases-kernel0-ingress-reduction/docs/research/kernel-0/direct-rtl/kernel0.v:76$400$\valid_state[0:0]$511
   246/276: $1$func$\valid_state$/tmp/ases-kernel0-ingress-reduction/docs/research/kernel-0/direct-rtl/kernel0.v:76$400$\valid_state[0:0]$506
   247/276: $1$func$\valid_state$/tmp/ases-kernel0-ingress-reduction/docs/research/kernel-0/direct-rtl/kernel0.v:76$400$\i[31:0]$507
   248/276: $1$func$\valid_state$/tmp/ases-kernel0-ingress-reduction/docs/research/kernel-0/direct-rtl/kernel0.v:76$400$\parent_rights[2:0]$504
   249/276: $1\wellformed[0:0]
   250/276: $1\actor_rights[2:0]
   251/276: $0\state_out[21:0]
   252/276: $0\commit[0:0]
   253/276: $0$func$\valid_state$/tmp/ases-kernel0-ingress-reduction/docs/research/kernel-0/direct-rtl/kernel0.v:143$405$\i[31:0]$416
   254/276: $0$func$\valid_state$/tmp/ases-kernel0-ingress-reduction/docs/research/kernel-0/direct-rtl/kernel0.v:143$405$\valid_state[0:0]$413
   255/276: $0$func$\valid_state$/tmp/ases-kernel0-ingress-reduction/docs/research/kernel-0/direct-rtl/kernel0.v:143$405$\parent_rights[2:0]$420
   256/276: $0$func$\valid_state$/tmp/ases-kernel0-ingress-reduction/docs/research/kernel-0/direct-rtl/kernel0.v:143$405$\parent[1:0]$418
   257/276: $0$func$\valid_state$/tmp/ases-kernel0-ingress-reduction/docs/research/kernel-0/direct-rtl/kernel0.v:143$405$\r3[2:0]$422
   258/276: $0$func$\valid_state$/tmp/ases-kernel0-ingress-reduction/docs/research/kernel-0/direct-rtl/kernel0.v:143$405$\r2[2:0]$423
   259/276: $0$func$\valid_state$/tmp/ases-kernel0-ingress-reduction/docs/research/kernel-0/direct-rtl/kernel0.v:143$405$\r1[2:0]$425
   260/276: $0$func$\valid_state$/tmp/ases-kernel0-ingress-reduction/docs/research/kernel-0/direct-rtl/kernel0.v:143$405$\r0[2:0]$427
   261/276: $0$func$\valid_state$/tmp/ases-kernel0-ingress-reduction/docs/research/kernel-0/direct-rtl/kernel0.v:143$405$\s[21:0]$412
   262/276: $0\needed[2:0]
   263/276: $0\admitted[0:0]
   264/276: $0\proposed[21:0]
   265/276: $0$func$\valid_state$/tmp/ases-kernel0-ingress-reduction/docs/research/kernel-0/direct-rtl/kernel0.v:76$400$\i[31:0]$428
   266/276: $0$func$\valid_state$/tmp/ases-kernel0-ingress-reduction/docs/research/kernel-0/direct-rtl/kernel0.v:76$400$\valid_state[0:0]$411
   267/276: $0$func$\valid_state$/tmp/ases-kernel0-ingress-reduction/docs/research/kernel-0/direct-rtl/kernel0.v:76$400$\parent_rights[2:0]$417
   268/276: $0$func$\valid_state$/tmp/ases-kernel0-ingress-reduction/docs/research/kernel-0/direct-rtl/kernel0.v:76$400$\parent[1:0]$415
   269/276: $0$func$\valid_state$/tmp/ases-kernel0-ingress-reduction/docs/research/kernel-0/direct-rtl/kernel0.v:76$400$\r3[2:0]$419
   270/276: $0$func$\valid_state$/tmp/ases-kernel0-ingress-reduction/docs/research/kernel-0/direct-rtl/kernel0.v:76$400$\r2[2:0]$421
   271/276: $0$func$\valid_state$/tmp/ases-kernel0-ingress-reduction/docs/research/kernel-0/direct-rtl/kernel0.v:76$400$\r1[2:0]$414
   272/276: $0$func$\valid_state$/tmp/ases-kernel0-ingress-reduction/docs/research/kernel-0/direct-rtl/kernel0.v:76$400$\r0[2:0]$424
   273/276: $0$func$\valid_state$/tmp/ases-kernel0-ingress-reduction/docs/research/kernel-0/direct-rtl/kernel0.v:76$400$\s[21:0]$426
   274/276: $0\wellformed[0:0]
   275/276: $0\actor_rights[2:0]
   276/276: $0\current_rights[2:0]
Creating decoders for process `\ingress_boundary_formal.$proc$/tmp/ases-kernel0-ingress-reduction/docs/research/kernel-0/ingress-reduction/refinement_formal.v:41$387'.
     1/3: $0\expected_committed[0:0]
     2/3: $0\expected_resolved[0:0]
     3/3: $0\expected_state[21:0]

6.6. Executing PROC_DLATCH pass (convert process syncs to latches).
No latch inferred for signal `\fixed_ingress.\actor' from process `\fixed_ingress.$proc$/tmp/ases-kernel0-ingress-reduction/docs/research/kernel-0/ingress-reduction/fixed_ingress.v:13$354'.
No latch inferred for signal `\fixed_ingress.\proposal' from process `\fixed_ingress.$proc$/tmp/ases-kernel0-ingress-reduction/docs/research/kernel-0/ingress-reduction/fixed_ingress.v:13$354'.
No latch inferred for signal `\fixed_ingress.\valid' from process `\fixed_ingress.$proc$/tmp/ases-kernel0-ingress-reduction/docs/research/kernel-0/ingress-reduction/fixed_ingress.v:13$354'.
No latch inferred for signal `\fixed_ingress.\payload' from process `\fixed_ingress.$proc$/tmp/ases-kernel0-ingress-reduction/docs/research/kernel-0/ingress-reduction/fixed_ingress.v:13$354'.
No latch inferred for signal `$paramod\kernel0_step\COUPLED=0\EXCLUSIVE=0.\state_out' from process `$paramod\kernel0_step\COUPLED=0\EXCLUSIVE=0.$proc$/tmp/ases-kernel0-ingress-reduction/docs/research/kernel-0/direct-rtl/kernel0.v:53$410'.
No latch inferred for signal `$paramod\kernel0_step\COUPLED=0\EXCLUSIVE=0.\commit' from process `$paramod\kernel0_step\COUPLED=0\EXCLUSIVE=0.$proc$/tmp/ases-kernel0-ingress-reduction/docs/research/kernel-0/direct-rtl/kernel0.v:53$410'.
No latch inferred for signal `$paramod\kernel0_step\COUPLED=0\EXCLUSIVE=0.\proposed' from process `$paramod\kernel0_step\COUPLED=0\EXCLUSIVE=0.$proc$/tmp/ases-kernel0-ingress-reduction/docs/research/kernel-0/direct-rtl/kernel0.v:53$410'.
No latch inferred for signal `$paramod\kernel0_step\COUPLED=0\EXCLUSIVE=0.\admitted' from process `$paramod\kernel0_step\COUPLED=0\EXCLUSIVE=0.$proc$/tmp/ases-kernel0-ingress-reduction/docs/research/kernel-0/direct-rtl/kernel0.v:53$410'.
No latch inferred for signal `$paramod\kernel0_step\COUPLED=0\EXCLUSIVE=0.\wellformed' from process `$paramod\kernel0_step\COUPLED=0\EXCLUSIVE=0.$proc$/tmp/ases-kernel0-ingress-reduction/docs/research/kernel-0/direct-rtl/kernel0.v:53$410'.
No latch inferred for signal `$paramod\kernel0_step\COUPLED=0\EXCLUSIVE=0.\current_rights' from process `$paramod\kernel0_step\COUPLED=0\EXCLUSIVE=0.$proc$/tmp/ases-kernel0-ingress-reduction/docs/research/kernel-0/direct-rtl/kernel0.v:53$410'.
No latch inferred for signal `$paramod\kernel0_step\COUPLED=0\EXCLUSIVE=0.\actor_rights' from process `$paramod\kernel0_step\COUPLED=0\EXCLUSIVE=0.$proc$/tmp/ases-kernel0-ingress-reduction/docs/research/kernel-0/direct-rtl/kernel0.v:53$410'.
No latch inferred for signal `$paramod\kernel0_step\COUPLED=0\EXCLUSIVE=0.\needed' from process `$paramod\kernel0_step\COUPLED=0\EXCLUSIVE=0.$proc$/tmp/ases-kernel0-ingress-reduction/docs/research/kernel-0/direct-rtl/kernel0.v:53$410'.
No latch inferred for signal `$paramod\kernel0_step\COUPLED=0\EXCLUSIVE=0.$func$\valid_state$/tmp/ases-kernel0-ingress-reduction/docs/research/kernel-0/direct-rtl/kernel0.v:76$400$\valid_state' from process `$paramod\kernel0_step\COUPLED=0\EXCLUSIVE=0.$proc$/tmp/ases-kernel0-ingress-reduction/docs/research/kernel-0/direct-rtl/kernel0.v:53$410'.
No latch inferred for signal `$paramod\kernel0_step\COUPLED=0\EXCLUSIVE=0.$func$\valid_state$/tmp/ases-kernel0-ingress-reduction/docs/research/kernel-0/direct-rtl/kernel0.v:143$405$\s' from process `$paramod\kernel0_step\COUPLED=0\EXCLUSIVE=0.$proc$/tmp/ases-kernel0-ingress-reduction/docs/research/kernel-0/direct-rtl/kernel0.v:53$410'.
No latch inferred for signal `$paramod\kernel0_step\COUPLED=0\EXCLUSIVE=0.$func$\valid_state$/tmp/ases-kernel0-ingress-reduction/docs/research/kernel-0/direct-rtl/kernel0.v:143$405$\valid_state' from process `$paramod\kernel0_step\COUPLED=0\EXCLUSIVE=0.$proc$/tmp/ases-kernel0-ingress-reduction/docs/research/kernel-0/direct-rtl/kernel0.v:53$410'.
No latch inferred for signal `$paramod\kernel0_step\COUPLED=0\EXCLUSIVE=0.$func$\valid_state$/tmp/ases-kernel0-ingress-reduction/docs/research/kernel-0/direct-rtl/kernel0.v:76$400$\r1' from process `$paramod\kernel0_step\COUPLED=0\EXCLUSIVE=0.$proc$/tmp/ases-kernel0-ingress-reduction/docs/research/kernel-0/direct-rtl/kernel0.v:53$410'.
No latch inferred for signal `$paramod\kernel0_step\COUPLED=0\EXCLUSIVE=0.$func$\valid_state$/tmp/ases-kernel0-ingress-reduction/docs/research/kernel-0/direct-rtl/kernel0.v:76$400$\parent' from process `$paramod\kernel0_step\COUPLED=0\EXCLUSIVE=0.$proc$/tmp/ases-kernel0-ingress-reduction/docs/research/kernel-0/direct-rtl/kernel0.v:53$410'.
No latch inferred for signal `$paramod\kernel0_step\COUPLED=0\EXCLUSIVE=0.$func$\valid_state$/tmp/ases-kernel0-ingress-reduction/docs/research/kernel-0/direct-rtl/kernel0.v:143$405$\i' from process `$paramod\kernel0_step\COUPLED=0\EXCLUSIVE=0.$proc$/tmp/ases-kernel0-ingress-reduction/docs/research/kernel-0/direct-rtl/kernel0.v:53$410'.
No latch inferred for signal `$paramod\kernel0_step\COUPLED=0\EXCLUSIVE=0.$func$\valid_state$/tmp/ases-kernel0-ingress-reduction/docs/research/kernel-0/direct-rtl/kernel0.v:76$400$\parent_rights' from process `$paramod\kernel0_step\COUPLED=0\EXCLUSIVE=0.$proc$/tmp/ases-kernel0-ingress-reduction/docs/research/kernel-0/direct-rtl/kernel0.v:53$410'.
No latch inferred for signal `$paramod\kernel0_step\COUPLED=0\EXCLUSIVE=0.$func$\valid_state$/tmp/ases-kernel0-ingress-reduction/docs/research/kernel-0/direct-rtl/kernel0.v:143$405$\parent' from process `$paramod\kernel0_step\COUPLED=0\EXCLUSIVE=0.$proc$/tmp/ases-kernel0-ingress-reduction/docs/research/kernel-0/direct-rtl/kernel0.v:53$410'.
No latch inferred for signal `$paramod\kernel0_step\COUPLED=0\EXCLUSIVE=0.$func$\valid_state$/tmp/ases-kernel0-ingress-reduction/docs/research/kernel-0/direct-rtl/kernel0.v:76$400$\r3' from process `$paramod\kernel0_step\COUPLED=0\EXCLUSIVE=0.$proc$/tmp/ases-kernel0-ingress-reduction/docs/research/kernel-0/direct-rtl/kernel0.v:53$410'.
No latch inferred for signal `$paramod\kernel0_step\COUPLED=0\EXCLUSIVE=0.$func$\valid_state$/tmp/ases-kernel0-ingress-reduction/docs/research/kernel-0/direct-rtl/kernel0.v:143$405$\parent_rights' from process `$paramod\kernel0_step\COUPLED=0\EXCLUSIVE=0.$proc$/tmp/ases-kernel0-ingress-reduction/docs/research/kernel-0/direct-rtl/kernel0.v:53$410'.
No latch inferred for signal `$paramod\kernel0_step\COUPLED=0\EXCLUSIVE=0.$func$\valid_state$/tmp/ases-kernel0-ingress-reduction/docs/research/kernel-0/direct-rtl/kernel0.v:76$400$\r2' from process `$paramod\kernel0_step\COUPLED=0\EXCLUSIVE=0.$proc$/tmp/ases-kernel0-ingress-reduction/docs/research/kernel-0/direct-rtl/kernel0.v:53$410'.
No latch inferred for signal `$paramod\kernel0_step\COUPLED=0\EXCLUSIVE=0.$func$\valid_state$/tmp/ases-kernel0-ingress-reduction/docs/research/kernel-0/direct-rtl/kernel0.v:143$405$\r3' from process `$paramod\kernel0_step\COUPLED=0\EXCLUSIVE=0.$proc$/tmp/ases-kernel0-ingress-reduction/docs/research/kernel-0/direct-rtl/kernel0.v:53$410'.
No latch inferred for signal `$paramod\kernel0_step\COUPLED=0\EXCLUSIVE=0.$func$\valid_state$/tmp/ases-kernel0-ingress-reduction/docs/research/kernel-0/direct-rtl/kernel0.v:143$405$\r2' from process `$paramod\kernel0_step\COUPLED=0\EXCLUSIVE=0.$proc$/tmp/ases-kernel0-ingress-reduction/docs/research/kernel-0/direct-rtl/kernel0.v:53$410'.
No latch inferred for signal `$paramod\kernel0_step\COUPLED=0\EXCLUSIVE=0.$func$\valid_state$/tmp/ases-kernel0-ingress-reduction/docs/research/kernel-0/direct-rtl/kernel0.v:76$400$\r0' from process `$paramod\kernel0_step\COUPLED=0\EXCLUSIVE=0.$proc$/tmp/ases-kernel0-ingress-reduction/docs/research/kernel-0/direct-rtl/kernel0.v:53$410'.
No latch inferred for signal `$paramod\kernel0_step\COUPLED=0\EXCLUSIVE=0.$func$\valid_state$/tmp/ases-kernel0-ingress-reduction/docs/research/kernel-0/direct-rtl/kernel0.v:143$405$\r1' from process `$paramod\kernel0_step\COUPLED=0\EXCLUSIVE=0.$proc$/tmp/ases-kernel0-ingress-reduction/docs/research/kernel-0/direct-rtl/kernel0.v:53$410'.
No latch inferred for signal `$paramod\kernel0_step\COUPLED=0\EXCLUSIVE=0.$func$\valid_state$/tmp/ases-kernel0-ingress-reduction/docs/research/kernel-0/direct-rtl/kernel0.v:76$400$\s' from process `$paramod\kernel0_step\COUPLED=0\EXCLUSIVE=0.$proc$/tmp/ases-kernel0-ingress-reduction/docs/research/kernel-0/direct-rtl/kernel0.v:53$410'.
No latch inferred for signal `$paramod\kernel0_step\COUPLED=0\EXCLUSIVE=0.$func$\valid_state$/tmp/ases-kernel0-ingress-reduction/docs/research/kernel-0/direct-rtl/kernel0.v:143$405$\r0' from process `$paramod\kernel0_step\COUPLED=0\EXCLUSIVE=0.$proc$/tmp/ases-kernel0-ingress-reduction/docs/research/kernel-0/direct-rtl/kernel0.v:53$410'.
No latch inferred for signal `$paramod\kernel0_step\COUPLED=0\EXCLUSIVE=0.$func$\valid_state$/tmp/ases-kernel0-ingress-reduction/docs/research/kernel-0/direct-rtl/kernel0.v:76$400$\i' from process `$paramod\kernel0_step\COUPLED=0\EXCLUSIVE=0.$proc$/tmp/ases-kernel0-ingress-reduction/docs/research/kernel-0/direct-rtl/kernel0.v:53$410'.

6.7. Executing PROC_DFF pass (convert process syncs to FFs).
Creating register for signal `$paramod\kernel0_machine\COUPLED=0\EXCLUSIVE=0.\resolved' using process `$paramod\kernel0_machine\COUPLED=0\EXCLUSIVE=0.$proc$/tmp/ases-kernel0-ingress-reduction/docs/research/kernel-0/direct-rtl/kernel0.v:163$751'.
  created $dff cell `$procdff$7324' with positive edge clock.
Creating register for signal `$paramod\kernel0_machine\COUPLED=0\EXCLUSIVE=0.\committed' using process `$paramod\kernel0_machine\COUPLED=0\EXCLUSIVE=0.$proc$/tmp/ases-kernel0-ingress-reduction/docs/research/kernel-0/direct-rtl/kernel0.v:163$751'.
  created $dff cell `$procdff$7325' with positive edge clock.
Creating register for signal `$paramod\kernel0_machine\COUPLED=0\EXCLUSIVE=0.\state' using process `$paramod\kernel0_machine\COUPLED=0\EXCLUSIVE=0.$proc$/tmp/ases-kernel0-ingress-reduction/docs/research/kernel-0/direct-rtl/kernel0.v:163$751'.
  created $dff cell `$procdff$7326' with positive edge clock.
Creating register for signal `\ingress_boundary_formal.\expected_state' using process `\ingress_boundary_formal.$proc$/tmp/ases-kernel0-ingress-reduction/docs/research/kernel-0/ingress-reduction/refinement_formal.v:41$387'.
  created $dff cell `$procdff$7327' with positive edge clock.
Creating register for signal `\ingress_boundary_formal.\expected_resolved' using process `\ingress_boundary_formal.$proc$/tmp/ases-kernel0-ingress-reduction/docs/research/kernel-0/ingress-reduction/refinement_formal.v:41$387'.
  created $dff cell `$procdff$7328' with positive edge clock.
Creating register for signal `\ingress_boundary_formal.\expected_committed' using process `\ingress_boundary_formal.$proc$/tmp/ases-kernel0-ingress-reduction/docs/research/kernel-0/ingress-reduction/refinement_formal.v:41$387'.
  created $dff cell `$procdff$7329' with positive edge clock.

6.8. Executing PROC_CLEAN pass (remove empty switches from decision trees).
Found and cleaned up 2 empty switches in `$paramod\kernel0_machine\COUPLED=0\EXCLUSIVE=0.$proc$/tmp/ases-kernel0-ingress-reduction/docs/research/kernel-0/direct-rtl/kernel0.v:163$751'.
Removing empty process `$paramod\kernel0_machine\COUPLED=0\EXCLUSIVE=0.$proc$/tmp/ases-kernel0-ingress-reduction/docs/research/kernel-0/direct-rtl/kernel0.v:163$751'.
Found and cleaned up 1 empty switch in `\fixed_ingress.$proc$/tmp/ases-kernel0-ingress-reduction/docs/research/kernel-0/ingress-reduction/fixed_ingress.v:13$354'.
Removing empty process `fixed_ingress.$proc$/tmp/ases-kernel0-ingress-reduction/docs/research/kernel-0/ingress-reduction/fixed_ingress.v:13$354'.
Found and cleaned up 48 empty switches in `$paramod\kernel0_step\COUPLED=0\EXCLUSIVE=0.$proc$/tmp/ases-kernel0-ingress-reduction/docs/research/kernel-0/direct-rtl/kernel0.v:53$410'.
Removing empty process `$paramod\kernel0_step\COUPLED=0\EXCLUSIVE=0.$proc$/tmp/ases-kernel0-ingress-reduction/docs/research/kernel-0/direct-rtl/kernel0.v:53$410'.
Removing empty process `ingress_boundary_formal.$proc$/tmp/ases-kernel0-ingress-reduction/docs/research/kernel-0/ingress-reduction/refinement_formal.v:41$387'.
Cleaned up 51 empty switches.

7. Executing FLATTEN pass (flatten design).
Using template $paramod\fixed_ingress_machine\COUPLED=0\EXCLUSIVE=0 for cells of type $paramod\fixed_ingress_machine\COUPLED=0\EXCLUSIVE=0.
Using template ingress_spec for cells of type ingress_spec.
Using template $paramod\kernel0_step\COUPLED=0\EXCLUSIVE=0 for cells of type $paramod\kernel0_step\COUPLED=0\EXCLUSIVE=0.
Using template fixed_ingress for cells of type fixed_ingress.
Using template $paramod\kernel0_machine\COUPLED=0\EXCLUSIVE=0 for cells of type $paramod\kernel0_machine\COUPLED=0\EXCLUSIVE=0.
<suppressed ~6 debug messages>
No more expansions possible.
Deleting now unused module $paramod\fixed_ingress_machine\COUPLED=0\EXCLUSIVE=0.
Deleting now unused module ingress_spec.
Deleting now unused module $paramod\kernel0_machine\COUPLED=0\EXCLUSIVE=0.
Deleting now unused module fixed_ingress.
Deleting now unused module $paramod\kernel0_step\COUPLED=0\EXCLUSIVE=0.

8. Executing MEMORY pass.

8.1. Executing MEMORY_DFF pass (merging $dff cells to $memrd and $memwr).

8.2. Executing OPT_CLEAN pass (remove unused cells and wires).
Finding unused cells or wires in module \ingress_boundary_formal..
Removed 36 unused cells and 2498 unused wires.
<suppressed ~49 debug messages>

8.3. Executing MEMORY_SHARE pass (consolidating $memrd/$memwr cells).

8.4. Executing OPT_CLEAN pass (remove unused cells and wires).
Finding unused cells or wires in module \ingress_boundary_formal..

8.5. Executing MEMORY_COLLECT pass (generating $mem cells).

8.6. Executing MEMORY_MAP pass (converting $mem cells to logic and flip-flops).

9. Executing OPT pass (performing simple optimizations).

9.1. Executing OPT_EXPR pass (perform const folding).
Optimizing module ingress_boundary_formal.
<suppressed ~226 debug messages>

9.2. Executing OPT_MERGE pass (detect identical cells).
Finding identical cells in module `\ingress_boundary_formal'.
<suppressed ~5811 debug messages>
Removed a total of 1937 cells.

9.3. Executing OPT_MUXTREE pass (detect dead branches in mux trees).
Running muxtree optimizer on module \ingress_boundary_formal..
  Creating internal representation of mux trees.
  Evaluating internal representation of mux trees.
      Replacing known input bits on port A of cell $techmap\dut.baseline.transition.$procmux$5565: \dut.baseline.state [16:0] -> { \dut.baseline.state [16:1] 1'1 }
      Replacing known input bits on port A of cell $techmap\dut.baseline.transition.$procmux$5367: \dut.baseline.state [0] -> 1'1
      Replacing known input bits on port A of cell $techmap\dut.baseline.transition.$procmux$7070: \dut.baseline.state [19:0] -> { \dut.baseline.state [19:1] 1'1 }
      Replacing known input bits on port A of cell $techmap\dut.baseline.transition.$procmux$6865: \dut.baseline.state [0] -> 1'1
      Replacing known input bits on port A of cell $techmap\dut.baseline.transition.$procmux$4755: \dut.baseline.state -> { \dut.baseline.state [21:1] 1'1 }
      Replacing known input bits on port A of cell $techmap\dut.baseline.transition.$procmux$4564: \dut.baseline.state [0] -> 1'1
      Replacing known input bits on port A of cell $techmap\dut.baseline.transition.$procmux$7171: \dut.baseline.state -> { \dut.baseline.state [21:1] 1'0 }
      Replacing known input bits on port A of cell $techmap\dut.baseline.transition.$procmux$2655: \dut.baseline.state [6:0] -> { \dut.baseline.state [6:1] 1'1 }
      Replacing known input bits on port B of cell $techmap\dut.baseline.transition.$procmux$7202: \dut.baseline.state [0] -> 1'1
      Replacing known input bits on port A of cell $techmap\dut.baseline.transition.$procmux$2544: \dut.baseline.state -> { \dut.baseline.state [21:1] 1'1 }
      Replacing known input bits on port A of cell $techmap\dut.baseline.transition.$procmux$931: \dut.baseline.state [0] -> 1'1
      Replacing known input bits on port A of cell $techmap\dut.baseline.transition.$procmux$1311: \dut.baseline.state [0] -> 1'1
      Replacing known input bits on port A of cell $techmap\dut.baseline.transition.$procmux$2081: \dut.baseline.state [0] -> 1'1
      Replacing known input bits on port A of cell $techmap\law.$procmux$2544: \dut.baseline.state -> { \dut.baseline.state [21:1] 1'1 }
      Replacing known input bits on port A of cell $techmap\law.$procmux$931: \dut.baseline.state [0] -> 1'1
      Replacing known input bits on port A of cell $techmap\law.$procmux$1311: \dut.baseline.state [0] -> 1'1
      Replacing known input bits on port A of cell $techmap\law.$procmux$2081: \dut.baseline.state [0] -> 1'1
      Replacing known input bits on port A of cell $techmap\law.$procmux$4755: \dut.baseline.state -> { \dut.baseline.state [21:1] 1'1 }
      Replacing known input bits on port A of cell $techmap\law.$procmux$4564: \dut.baseline.state [0] -> 1'1
      Replacing known input bits on port A of cell $techmap\law.$procmux$5565: \dut.baseline.state [16:0] -> { \dut.baseline.state [16:1] 1'1 }
      Replacing known input bits on port A of cell $techmap\law.$procmux$5367: \dut.baseline.state [0] -> 1'1
      Replacing known input bits on port A of cell $techmap\law.$procmux$7070: \dut.baseline.state [19:0] -> { \dut.baseline.state [19:1] 1'1 }
      Replacing known input bits on port A of cell $techmap\law.$procmux$6865: \dut.baseline.state [0] -> 1'1
      Replacing known input bits on port A of cell $techmap\law.$procmux$7171: \dut.baseline.state -> { \dut.baseline.state [21:1] 1'0 }
      Replacing known input bits on port A of cell $techmap\law.$procmux$2655: \dut.baseline.state [6:0] -> { \dut.baseline.state [6:1] 1'1 }
      Replacing known input bits on port B of cell $techmap\law.$procmux$7202: \dut.baseline.state [0] -> 1'1
  Analyzing evaluation results.
    dead port 2/2 on $mux $techmap\dut.baseline.transition.$procmux$5574.
    dead port 2/2 on $mux $techmap\dut.baseline.transition.$procmux$5586.
    dead port 2/2 on $mux $techmap\dut.baseline.transition.$procmux$5588.
    dead port 2/2 on $mux $techmap\dut.baseline.transition.$procmux$5590.
    dead port 1/2 on $mux $techmap\dut.baseline.transition.$procmux$5593.
    dead port 2/2 on $mux $techmap\dut.baseline.transition.$procmux$5595.
    dead port 2/2 on $mux $techmap\dut.baseline.transition.$procmux$5607.
    dead port 2/2 on $mux $techmap\dut.baseline.transition.$procmux$1805.
    dead port 2/2 on $mux $techmap\dut.baseline.transition.$procmux$5609.
    dead port 1/2 on $mux $techmap\dut.baseline.transition.$procmux$5612.
    dead port 2/2 on $mux $techmap\dut.baseline.transition.$procmux$5614.
    dead port 2/2 on $mux $techmap\dut.baseline.transition.$procmux$5627.
    dead port 2/2 on $mux $techmap\dut.baseline.transition.$procmux$5629.
    dead port 2/2 on $mux $techmap\dut.baseline.transition.$procmux$1807.
    dead port 2/2 on $mux $techmap\dut.baseline.transition.$procmux$5631.
    dead port 1/2 on $mux $techmap\dut.baseline.transition.$procmux$5634.
    dead port 2/2 on $mux $techmap\dut.baseline.transition.$procmux$5636.
    dead port 2/2 on $mux $techmap\dut.baseline.transition.$procmux$5652.
    dead port 2/2 on $mux $techmap\dut.baseline.transition.$procmux$5654.
    dead port 2/2 on $mux $techmap\dut.baseline.transition.$procmux$4730.
    dead port 2/2 on $mux $techmap\dut.baseline.transition.$procmux$5656.
    dead port 1/2 on $mux $techmap\dut.baseline.transition.$procmux$5659.
    dead port 2/2 on $mux $techmap\dut.baseline.transition.$procmux$5661.
    dead port 2/2 on $mux $techmap\dut.baseline.transition.$procmux$5679.
    dead port 2/2 on $mux $techmap\dut.baseline.transition.$procmux$5681.
    dead port 2/2 on $mux $techmap\dut.baseline.transition.$procmux$5683.
    dead port 1/2 on $mux $techmap\dut.baseline.transition.$procmux$5686.
    dead port 2/2 on $mux $techmap\dut.baseline.transition.$procmux$5688.
    dead port 2/2 on $mux $techmap\dut.baseline.transition.$procmux$5708.
    dead port 2/2 on $mux $techmap\dut.baseline.transition.$procmux$5710.
    dead port 2/2 on $mux $techmap\dut.baseline.transition.$procmux$5712.
    dead port 1/2 on $mux $techmap\dut.baseline.transition.$procmux$5715.
    dead port 2/2 on $mux $techmap\dut.baseline.transition.$procmux$5717.
    dead port 2/2 on $mux $techmap\dut.baseline.transition.$procmux$5739.
    dead port 2/2 on $mux $techmap\dut.baseline.transition.$procmux$5741.
    dead port 2/2 on $mux $techmap\dut.baseline.transition.$procmux$5743.
    dead port 1/2 on $mux $techmap\dut.baseline.transition.$procmux$5746.
    dead port 2/2 on $mux $techmap\dut.baseline.transition.$procmux$5748.
    dead port 2/2 on $mux $techmap\dut.baseline.transition.$procmux$5772.
    dead port 2/2 on $mux $techmap\dut.baseline.transition.$procmux$5774.
    dead port 2/2 on $mux $techmap\dut.baseline.transition.$procmux$5776.
    dead port 1/2 on $mux $techmap\dut.baseline.transition.$procmux$5779.
    dead port 2/2 on $mux $techmap\dut.baseline.transition.$procmux$5781.
    dead port 2/2 on $mux $techmap\dut.baseline.transition.$procmux$5807.
    dead port 2/2 on $mux $techmap\dut.baseline.transition.$procmux$5809.
    dead port 2/2 on $mux $techmap\dut.baseline.transition.$procmux$5811.
    dead port 1/2 on $mux $techmap\dut.baseline.transition.$procmux$5814.
    dead port 2/2 on $mux $techmap\dut.baseline.transition.$procmux$5816.
    dead port 2/2 on $mux $techmap\dut.baseline.transition.$procmux$5844.
    dead port 2/2 on $mux $techmap\dut.baseline.transition.$procmux$5846.
    dead port 2/2 on $mux $techmap\dut.baseline.transition.$procmux$1809.
    dead port 2/2 on $mux $techmap\dut.baseline.transition.$procmux$5848.
    dead port 1/2 on $mux $techmap\dut.baseline.transition.$procmux$5851.
    dead port 2/2 on $mux $techmap\dut.baseline.transition.$procmux$5853.
    dead port 2/2 on $mux $techmap\dut.baseline.transition.$procmux$5883.
    dead port 2/2 on $mux $techmap\dut.baseline.transition.$procmux$5885.
    dead port 1/2 on $mux $techmap\dut.baseline.transition.$procmux$1812.
    dead port 2/2 on $mux $techmap\dut.baseline.transition.$procmux$5887.
    dead port 1/2 on $mux $techmap\dut.baseline.transition.$procmux$5890.
    dead port 2/2 on $mux $techmap\dut.baseline.transition.$procmux$5892.
    dead port 2/2 on $mux $techmap\dut.baseline.transition.$procmux$5924.
    dead port 2/2 on $mux $techmap\dut.baseline.transition.$procmux$5926.
    dead port 2/2 on $mux $techmap\dut.baseline.transition.$procmux$1814.
    dead port 2/2 on $mux $techmap\dut.baseline.transition.$procmux$5928.
    dead port 1/2 on $mux $techmap\dut.baseline.transition.$procmux$5931.
    dead port 2/2 on $mux $techmap\dut.baseline.transition.$procmux$5933.
    dead port 2/2 on $mux $techmap\dut.baseline.transition.$procmux$5967.
    dead port 2/2 on $mux $techmap\dut.baseline.transition.$procmux$5969.
    dead port 2/2 on $mux $techmap\dut.baseline.transition.$procmux$5971.
    dead port 1/2 on $mux $techmap\dut.baseline.transition.$procmux$5974.
    dead port 2/2 on $mux $techmap\dut.baseline.transition.$procmux$5976.
    dead port 2/2 on $mux $techmap\dut.baseline.transition.$procmux$5990.
    dead port 2/2 on $mux $techmap\dut.baseline.transition.$procmux$5992.
    dead port 2/2 on $mux $techmap\dut.baseline.transition.$procmux$5994.
    dead port 1/2 on $mux $techmap\dut.baseline.transition.$procmux$5997.
    dead port 2/2 on $mux $techmap\dut.baseline.transition.$procmux$5999.
    dead port 2/2 on $mux $techmap\dut.baseline.transition.$procmux$6018.
    dead port 2/2 on $mux $techmap\dut.baseline.transition.$procmux$6020.
    dead port 2/2 on $mux $techmap\dut.baseline.transition.$procmux$1837.
    dead port 2/2 on $mux $techmap\dut.baseline.transition.$procmux$6022.
    dead port 1/2 on $mux $techmap\dut.baseline.transition.$procmux$6025.
    dead port 2/2 on $mux $techmap\dut.baseline.transition.$procmux$6027.
    dead port 2/2 on $mux $techmap\dut.baseline.transition.$procmux$6050.
    dead port 2/2 on $mux $techmap\dut.baseline.transition.$procmux$6052.
    dead port 2/2 on $mux $techmap\dut.baseline.transition.$procmux$6054.
    dead port 1/2 on $mux $techmap\dut.baseline.transition.$procmux$6057.
    dead port 2/2 on $mux $techmap\dut.baseline.transition.$procmux$6059.
    dead port 2/2 on $mux $techmap\dut.baseline.transition.$procmux$6086.
    dead port 2/2 on $mux $techmap\dut.baseline.transition.$procmux$6088.
    dead port 2/2 on $mux $techmap\dut.baseline.transition.$procmux$1839.
    dead port 2/2 on $mux $techmap\dut.baseline.transition.$procmux$6090.
    dead port 1/2 on $mux $techmap\dut.baseline.transition.$procmux$6093.
    dead port 2/2 on $mux $techmap\dut.baseline.transition.$procmux$6095.
    dead port 2/2 on $mux $techmap\dut.baseline.transition.$procmux$6126.
    dead port 2/2 on $mux $techmap\dut.baseline.transition.$procmux$6128.
    dead port 2/2 on $mux $techmap\dut.baseline.transition.$procmux$1841.
    dead port 2/2 on $mux $techmap\dut.baseline.transition.$procmux$6130.
    dead port 1/2 on $mux $techmap\dut.baseline.transition.$procmux$6133.
    dead port 2/2 on $mux $techmap\dut.baseline.transition.$procmux$6135.
    dead port 2/2 on $mux $techmap\dut.baseline.transition.$procmux$6150.
    dead port 2/2 on $mux $techmap\dut.baseline.transition.$procmux$6152.
    dead port 2/2 on $mux $techmap\dut.baseline.transition.$procmux$4740.
    dead port 2/2 on $mux $techmap\dut.baseline.transition.$procmux$6154.
    dead port 1/2 on $mux $techmap\dut.baseline.transition.$procmux$6157.
    dead port 2/2 on $mux $techmap\dut.baseline.transition.$procmux$6159.
    dead port 2/2 on $mux $techmap\dut.baseline.transition.$procmux$6180.
    dead port 2/2 on $mux $techmap\dut.baseline.transition.$procmux$6182.
    dead port 2/2 on $mux $techmap\dut.baseline.transition.$procmux$6184.
    dead port 1/2 on $mux $techmap\dut.baseline.transition.$procmux$6187.
    dead port 2/2 on $mux $techmap\dut.baseline.transition.$procmux$6189.
    dead port 2/2 on $mux $techmap\dut.baseline.transition.$procmux$6218.
    dead port 2/2 on $mux $techmap\dut.baseline.transition.$procmux$6220.
    dead port 2/2 on $mux $techmap\dut.baseline.transition.$procmux$6222.
    dead port 1/2 on $mux $techmap\dut.baseline.transition.$procmux$6225.
    dead port 2/2 on $mux $techmap\dut.baseline.transition.$procmux$6227.
    dead port 2/2 on $mux $techmap\dut.baseline.transition.$procmux$6244.
    dead port 2/2 on $mux $techmap\dut.baseline.transition.$procmux$6246.
    dead port 2/2 on $mux $techmap\dut.baseline.transition.$procmux$6248.
    dead port 1/2 on $mux $techmap\dut.baseline.transition.$procmux$6251.
    dead port 2/2 on $mux $techmap\dut.baseline.transition.$procmux$6253.
    dead port 2/2 on $mux $techmap\dut.baseline.transition.$procmux$6286.
    dead port 2/2 on $mux $techmap\dut.baseline.transition.$procmux$6288.
    dead port 2/2 on $mux $techmap\dut.baseline.transition.$procmux$6290.
    dead port 1/2 on $mux $techmap\dut.baseline.transition.$procmux$6293.
    dead port 2/2 on $mux $techmap\dut.baseline.transition.$procmux$6295.
    dead port 2/2 on $mux $techmap\dut.baseline.transition.$procmux$6320.
    dead port 2/2 on $mux $techmap\dut.baseline.transition.$procmux$6322.
    dead port 2/2 on $mux $techmap\dut.baseline.transition.$procmux$6324.
    dead port 1/2 on $mux $techmap\dut.baseline.transition.$procmux$6327.
    dead port 2/2 on $mux $techmap\dut.baseline.transition.$procmux$6329.
    dead port 2/2 on $mux $techmap\dut.baseline.transition.$procmux$6342.
    dead port 2/2 on $mux $techmap\dut.baseline.transition.$procmux$6344.
    dead port 2/2 on $mux $techmap\dut.baseline.transition.$procmux$1843.
    dead port 2/2 on $mux $techmap\dut.baseline.transition.$procmux$6346.
    dead port 1/2 on $mux $techmap\dut.baseline.transition.$procmux$6349.
    dead port 2/2 on $mux $techmap\dut.baseline.transition.$procmux$6351.
    dead port 2/2 on $mux $techmap\dut.baseline.transition.$procmux$6368.
    dead port 2/2 on $mux $techmap\dut.baseline.transition.$procmux$6370.
    dead port 1/2 on $mux $techmap\dut.baseline.transition.$procmux$1846.
    dead port 2/2 on $mux $techmap\dut.baseline.transition.$procmux$6372.
    dead port 1/2 on $mux $techmap\dut.baseline.transition.$procmux$6375.
    dead port 2/2 on $mux $techmap\dut.baseline.transition.$procmux$6377.
    dead port 2/2 on $mux $techmap\dut.baseline.transition.$procmux$1848.
    dead port 2/2 on $mux $techmap\dut.baseline.transition.$procmux$6392.
    dead port 2/2 on $mux $techmap\dut.baseline.transition.$procmux$6394.
    dead port 2/2 on $mux $techmap\dut.baseline.transition.$procmux$6396.
    dead port 1/2 on $mux $techmap\dut.baseline.transition.$procmux$6399.
    dead port 2/2 on $mux $techmap\dut.baseline.transition.$procmux$6401.
    dead port 2/2 on $mux $techmap\dut.baseline.transition.$procmux$1873.
    dead port 2/2 on $mux $techmap\dut.baseline.transition.$procmux$6420.
    dead port 2/2 on $mux $techmap\dut.baseline.transition.$procmux$6422.
    dead port 2/2 on $mux $techmap\dut.baseline.transition.$procmux$6424.
    dead port 1/2 on $mux $techmap\dut.baseline.transition.$procmux$6427.
    dead port 2/2 on $mux $techmap\dut.baseline.transition.$procmux$6429.
    dead port 2/2 on $mux $techmap\dut.baseline.transition.$procmux$1875.
    dead port 2/2 on $mux $techmap\dut.baseline.transition.$procmux$6450.
    dead port 2/2 on $mux $techmap\dut.baseline.transition.$procmux$6452.
    dead port 2/2 on $mux $techmap\dut.baseline.transition.$procmux$1877.
    dead port 2/2 on $mux $techmap\dut.baseline.transition.$procmux$6454.
    dead port 1/2 on $mux $techmap\dut.baseline.transition.$procmux$6457.
    dead port 2/2 on $mux $techmap\dut.baseline.transition.$procmux$6459.
    dead port 2/2 on $mux $techmap\dut.baseline.transition.$procmux$4742.
    dead port 2/2 on $mux $techmap\dut.baseline.transition.$procmux$6482.
    dead port 2/2 on $mux $techmap\dut.baseline.transition.$procmux$6484.
    dead port 2/2 on $mux $techmap\dut.baseline.transition.$procmux$6486.
    dead port 1/2 on $mux $techmap\dut.baseline.transition.$procmux$6489.
    dead port 2/2 on $mux $techmap\dut.baseline.transition.$procmux$6491.
    dead port 2/2 on $mux $techmap\dut.baseline.transition.$procmux$6516.
    dead port 2/2 on $mux $techmap\dut.baseline.transition.$procmux$6518.
    dead port 2/2 on $mux $techmap\dut.baseline.transition.$procmux$6520.
    dead port 1/2 on $mux $techmap\dut.baseline.transition.$procmux$6523.
    dead port 2/2 on $mux $techmap\dut.baseline.transition.$procmux$6525.
    dead port 2/2 on $mux $techmap\dut.baseline.transition.$procmux$6552.
    dead port 2/2 on $mux $techmap\dut.baseline.transition.$procmux$6554.
    dead port 2/2 on $mux $techmap\dut.baseline.transition.$procmux$6556.
    dead port 1/2 on $mux $techmap\dut.baseline.transition.$procmux$6559.
    dead port 2/2 on $mux $techmap\dut.baseline.transition.$procmux$6561.
    dead port 2/2 on $mux $techmap\dut.baseline.transition.$procmux$1879.
    dead port 2/2 on $mux $techmap\dut.baseline.transition.$procmux$6590.
    dead port 2/2 on $mux $techmap\dut.baseline.transition.$procmux$6592.
    dead port 1/2 on $mux $techmap\dut.baseline.transition.$procmux$1882.
    dead port 2/2 on $mux $techmap\dut.baseline.transition.$procmux$6594.
    dead port 1/2 on $mux $techmap\dut.baseline.transition.$procmux$6597.
    dead port 2/2 on $mux $techmap\dut.baseline.transition.$procmux$6599.
    dead port 2/2 on $mux $techmap\dut.baseline.transition.$procmux$1884.
    dead port 2/2 on $mux $techmap\dut.baseline.transition.$procmux$6630.
    dead port 2/2 on $mux $techmap\dut.baseline.transition.$procmux$6632.
    dead port 2/2 on $mux $techmap\dut.baseline.transition.$procmux$6634.
    dead port 1/2 on $mux $techmap\dut.baseline.transition.$procmux$6637.
    dead port 2/2 on $mux $techmap\dut.baseline.transition.$procmux$6639.
    dead port 2/2 on $mux $techmap\dut.baseline.transition.$procmux$6671.
    dead port 2/2 on $mux $techmap\dut.baseline.transition.$procmux$6673.
    dead port 2/2 on $mux $techmap\dut.baseline.transition.$procmux$1911.
    dead port 2/2 on $mux $techmap\dut.baseline.transition.$procmux$6675.
    dead port 1/2 on $mux $techmap\dut.baseline.transition.$procmux$6678.
    dead port 2/2 on $mux $techmap\dut.baseline.transition.$procmux$6680.
    dead port 2/2 on $mux $techmap\dut.baseline.transition.$procmux$1913.
    dead port 2/2 on $mux $techmap\dut.baseline.transition.$procmux$6694.
    dead port 2/2 on $mux $techmap\dut.baseline.transition.$procmux$6696.
    dead port 2/2 on $mux $techmap\dut.baseline.transition.$procmux$1915.
    dead port 2/2 on $mux $techmap\dut.baseline.transition.$procmux$6698.
    dead port 1/2 on $mux $techmap\dut.baseline.transition.$procmux$6701.
    dead port 2/2 on $mux $techmap\dut.baseline.transition.$procmux$6703.
    dead port 1/2 on $mux $techmap\dut.baseline.transition.$procmux$4745.
    dead port 2/2 on $mux $techmap\dut.baseline.transition.$procmux$6721.
    dead port 2/2 on $mux $techmap\dut.baseline.transition.$procmux$6723.
    dead port 2/2 on $mux $techmap\dut.baseline.transition.$procmux$6725.
    dead port 1/2 on $mux $techmap\dut.baseline.transition.$procmux$6728.
    dead port 2/2 on $mux $techmap\dut.baseline.transition.$procmux$6730.
    dead port 2/2 on $mux $techmap\dut.baseline.transition.$procmux$1917.
    dead port 2/2 on $mux $techmap\dut.baseline.transition.$procmux$6752.
    dead port 2/2 on $mux $techmap\dut.baseline.transition.$procmux$6754.
    dead port 1/2 on $mux $techmap\dut.baseline.transition.$procmux$1920.
    dead port 2/2 on $mux $techmap\dut.baseline.transition.$procmux$6756.
    dead port 1/2 on $mux $techmap\dut.baseline.transition.$procmux$6759.
    dead port 2/2 on $mux $techmap\dut.baseline.transition.$procmux$6761.
    dead port 2/2 on $mux $techmap\dut.baseline.transition.$procmux$1922.
    dead port 2/2 on $mux $techmap\dut.baseline.transition.$procmux$6787.
    dead port 2/2 on $mux $techmap\dut.baseline.transition.$procmux$6789.
    dead port 2/2 on $mux $techmap\dut.baseline.transition.$procmux$1951.
    dead port 2/2 on $mux $techmap\dut.baseline.transition.$procmux$6791.
    dead port 1/2 on $mux $techmap\dut.baseline.transition.$procmux$6794.
    dead port 2/2 on $mux $techmap\dut.baseline.transition.$procmux$6796.
    dead port 2/2 on $mux $techmap\dut.baseline.transition.$procmux$1953.
    dead port 2/2 on $mux $techmap\dut.baseline.transition.$procmux$1955.
    dead port 2/2 on $mux $techmap\dut.baseline.transition.$procmux$6826.
    dead port 2/2 on $mux $techmap\dut.baseline.transition.$procmux$6828.
    dead port 2/2 on $mux $techmap\dut.baseline.transition.$procmux$4747.
    dead port 2/2 on $mux $techmap\dut.baseline.transition.$procmux$6830.
    dead port 1/2 on $mux $techmap\dut.baseline.transition.$procmux$6833.
    dead port 2/2 on $mux $techmap\dut.baseline.transition.$procmux$6835.
    dead port 2/2 on $mux $techmap\dut.baseline.transition.$procmux$6867.
    dead port 2/2 on $mux $techmap\dut.baseline.transition.$procmux$6869.
    dead port 2/2 on $mux $techmap\dut.baseline.transition.$procmux$6871.
    dead port 1/2 on $mux $techmap\dut.baseline.transition.$procmux$6874.
    dead port 2/2 on $mux $techmap\dut.baseline.transition.$procmux$6876.
    dead port 2/2 on $mux $techmap\dut.baseline.transition.$procmux$6896.
    dead port 2/2 on $mux $techmap\dut.baseline.transition.$procmux$6898.
    dead port 2/2 on $mux $techmap\dut.baseline.transition.$procmux$1957.
    dead port 2/2 on $mux $techmap\dut.baseline.transition.$procmux$6900.
    dead port 1/2 on $mux $techmap\dut.baseline.transition.$procmux$6903.
    dead port 2/2 on $mux $techmap\dut.baseline.transition.$procmux$6905.
    dead port 1/2 on $mux $techmap\dut.baseline.transition.$procmux$1960.
    dead port 2/2 on $mux $techmap\dut.baseline.transition.$procmux$1962.
    dead port 2/2 on $mux $techmap\dut.baseline.transition.$procmux$6921.
    dead port 2/2 on $mux $techmap\dut.baseline.transition.$procmux$6923.
    dead port 2/2 on $mux $techmap\dut.baseline.transition.$procmux$6925.
    dead port 1/2 on $mux $techmap\dut.baseline.transition.$procmux$6928.
    dead port 2/2 on $mux $techmap\dut.baseline.transition.$procmux$6930.
    dead port 2/2 on $mux $techmap\dut.baseline.transition.$procmux$1993.
    dead port 2/2 on $mux $techmap\dut.baseline.transition.$procmux$1995.
    dead port 2/2 on $mux $techmap\dut.baseline.transition.$procmux$6954.
    dead port 2/2 on $mux $techmap\dut.baseline.transition.$procmux$6956.
    dead port 2/2 on $mux $techmap\dut.baseline.transition.$procmux$1997.
    dead port 2/2 on $mux $techmap\dut.baseline.transition.$procmux$6958.
    dead port 1/2 on $mux $techmap\dut.baseline.transition.$procmux$6961.
    dead port 2/2 on $mux $techmap\dut.baseline.transition.$procmux$6963.
    dead port 2/2 on $mux $techmap\dut.baseline.transition.$procmux$6995.
    dead port 2/2 on $mux $techmap\dut.baseline.transition.$procmux$6997.
    dead port 2/2 on $mux $techmap\dut.baseline.transition.$procmux$6999.
    dead port 1/2 on $mux $techmap\dut.baseline.transition.$procmux$7002.
    dead port 2/2 on $mux $techmap\dut.baseline.transition.$procmux$7004.
    dead port 2/2 on $mux $techmap\dut.baseline.transition.$procmux$4757.
    dead port 2/2 on $mux $techmap\dut.baseline.transition.$procmux$1999.
    dead port 2/2 on $mux $techmap\dut.baseline.transition.$procmux$7032.
    dead port 2/2 on $mux $techmap\dut.baseline.transition.$procmux$7034.
    dead port 1/2 on $mux $techmap\dut.baseline.transition.$procmux$2002.
    dead port 2/2 on $mux $techmap\dut.baseline.transition.$procmux$7036.
    dead port 1/2 on $mux $techmap\dut.baseline.transition.$procmux$7039.
    dead port 2/2 on $mux $techmap\dut.baseline.transition.$procmux$7041.
    dead port 2/2 on $mux $techmap\dut.baseline.transition.$procmux$7053.
    dead port 2/2 on $mux $techmap\dut.baseline.transition.$procmux$2004.
    dead port 2/2 on $mux $techmap\dut.baseline.transition.$procmux$7055.
    dead port 1/2 on $mux $techmap\dut.baseline.transition.$procmux$7058.
    dead port 2/2 on $mux $techmap\dut.baseline.transition.$procmux$7060.
    dead port 2/2 on $mux $techmap\dut.baseline.transition.$procmux$7072.
    dead port 2/2 on $mux $techmap\dut.baseline.transition.$procmux$7074.
    dead port 1/2 on $mux $techmap\dut.baseline.transition.$procmux$7077.
    dead port 2/2 on $mux $techmap\dut.baseline.transition.$procmux$7079.
    dead port 2/2 on $mux $techmap\dut.baseline.transition.$procmux$7092.
    dead port 2/2 on $mux $techmap\dut.baseline.transition.$procmux$7094.
    dead port 2/2 on $mux $techmap\dut.baseline.transition.$procmux$7096.
    dead port 1/2 on $mux $techmap\dut.baseline.transition.$procmux$7099.
    dead port 2/2 on $mux $techmap\dut.baseline.transition.$procmux$7101.
    dead port 2/2 on $mux $techmap\dut.baseline.transition.$procmux$2037.
    dead port 2/2 on $mux $techmap\dut.baseline.transition.$procmux$4759.
    dead port 2/2 on $mux $techmap\dut.baseline.transition.$procmux$2039.
    dead port 2/2 on $mux $techmap\dut.baseline.transition.$procmux$2041.
    dead port 1/2 on $mux $techmap\dut.baseline.transition.$procmux$4762.
    dead port 2/2 on $mux $techmap\dut.baseline.transition.$procmux$4764.
    dead port 2/2 on $mux $techmap\dut.baseline.transition.$procmux$4775.
    dead port 2/2 on $mux $techmap\dut.baseline.transition.$procmux$7112.
    dead port 1/2 on $mux $techmap\dut.baseline.transition.$procmux$7115.
    dead port 2/2 on $mux $techmap\dut.baseline.transition.$procmux$7117.
    dead port 2/2 on $mux $techmap\dut.baseline.transition.$procmux$7128.
    dead port 2/2 on $mux $techmap\dut.baseline.transition.$procmux$7130.
    dead port 2/2 on $mux $techmap\dut.baseline.transition.$procmux$4777.
    dead port 2/2 on $mux $techmap\dut.baseline.transition.$procmux$7132.
    dead port 1/2 on $mux $techmap\dut.baseline.transition.$procmux$7135.
    dead port 2/2 on $mux $techmap\dut.baseline.transition.$procmux$7137.
    dead port 1/2 on $mux $techmap\dut.baseline.transition.$procmux$7165.
    dead port 2/2 on $mux $techmap\dut.baseline.transition.$procmux$7167.
    dead port 1/2 on $mux $techmap\dut.baseline.transition.$procmux$7174.
    dead port 2/2 on $mux $techmap\dut.baseline.transition.$procmux$7176.
    dead port 2/2 on $mux $techmap\dut.baseline.transition.$procmux$7182.
    dead port 2/2 on $mux $techmap\dut.baseline.transition.$procmux$7188.
    dead port 2/2 on $mux $techmap\dut.baseline.transition.$procmux$7195.
    dead port 2/2 on $mux $techmap\dut.baseline.transition.$procmux$7197.
    dead port 2/2 on $mux $techmap\dut.baseline.transition.$procmux$7204.
    dead port 2/2 on $mux $techmap\dut.baseline.transition.$procmux$7206.
    dead port 2/2 on $mux $techmap\dut.baseline.transition.$procmux$7212.
    dead port 2/2 on $mux $techmap\dut.baseline.transition.$procmux$7218.
    dead port 2/2 on $mux $techmap\dut.baseline.transition.$procmux$7225.
    dead port 2/2 on $mux $techmap\dut.baseline.transition.$procmux$7227.
    dead port 2/2 on $mux $techmap\dut.baseline.transition.$procmux$7239.
    dead port 2/2 on $mux $techmap\dut.baseline.transition.$procmux$7254.
    dead port 2/2 on $mux $techmap\dut.baseline.transition.$procmux$7260.
    dead port 2/2 on $mux $techmap\dut.baseline.transition.$procmux$7266.
    dead port 2/2 on $mux $techmap\dut.baseline.transition.$procmux$7272.
    dead port 2/2 on $mux $techmap\dut.baseline.transition.$procmux$7278.
    dead port 2/2 on $mux $techmap\dut.baseline.transition.$procmux$7284.
    dead port 2/2 on $mux $techmap\dut.baseline.transition.$procmux$7290.
    dead port 2/2 on $mux $techmap\dut.baseline.transition.$procmux$7296.
    dead port 2/2 on $mux $techmap\dut.baseline.transition.$procmux$2043.
    dead port 1/2 on $mux $techmap\dut.baseline.transition.$procmux$2046.
    dead port 2/2 on $mux $techmap\dut.baseline.transition.$procmux$2048.
    dead port 1/2 on $mux $techmap\dut.baseline.transition.$procmux$4780.
    dead port 2/2 on $mux $techmap\dut.baseline.transition.$procmux$2083.
    dead port 2/2 on $mux $techmap\dut.baseline.transition.$procmux$4782.
    dead port 2/2 on $mux $techmap\dut.baseline.transition.$procmux$2085.
    dead port 2/2 on $mux $techmap\dut.baseline.transition.$procmux$2087.
    dead port 2/2 on $mux $techmap\dut.baseline.transition.$procmux$788.
    dead port 2/2 on $mux $techmap\dut.baseline.transition.$procmux$794.
    dead port 2/2 on $mux $techmap\dut.baseline.transition.$procmux$800.
    dead port 2/2 on $mux $techmap\dut.baseline.transition.$procmux$806.
    dead port 2/2 on $mux $techmap\dut.baseline.transition.$procmux$812.
    dead port 2/2 on $mux $techmap\dut.baseline.transition.$procmux$818.
    dead port 2/2 on $mux $techmap\dut.baseline.transition.$procmux$824.
    dead port 2/2 on $mux $techmap\dut.baseline.transition.$procmux$830.
    dead port 2/2 on $mux $techmap\dut.baseline.transition.$procmux$4794.
    dead port 2/2 on $mux $techmap\dut.baseline.transition.$procmux$4796.
    dead port 2/2 on $mux $techmap\dut.baseline.transition.$procmux$4798.
    dead port 1/2 on $mux $techmap\dut.baseline.transition.$procmux$4801.
    dead port 2/2 on $mux $techmap\dut.baseline.transition.$procmux$4803.
    dead port 2/2 on $mux $techmap\dut.baseline.transition.$procmux$2089.
    dead port 1/2 on $mux $techmap\dut.baseline.transition.$procmux$2092.
    dead port 2/2 on $mux $techmap\dut.baseline.transition.$procmux$2094.
    dead port 2/2 on $mux $techmap\dut.baseline.transition.$procmux$852.
    dead port 1/2 on $mux $techmap\dut.baseline.transition.$procmux$855.
    dead port 2/2 on $mux $techmap\dut.baseline.transition.$procmux$857.
    dead port 2/2 on $mux $techmap\dut.baseline.transition.$procmux$2109.
    dead port 2/2 on $mux $techmap\dut.baseline.transition.$procmux$4816.
    dead port 2/2 on $mux $techmap\dut.baseline.transition.$procmux$868.
    dead port 2/2 on $mux $techmap\dut.baseline.transition.$procmux$870.
    dead port 2/2 on $mux $techmap\dut.baseline.transition.$procmux$4818.
    dead port 2/2 on $mux $techmap\dut.baseline.transition.$procmux$2111.
    dead port 2/2 on $mux $techmap\dut.baseline.transition.$procmux$2113.
    dead port 2/2 on $mux $techmap\dut.baseline.transition.$procmux$4820.
    dead port 2/2 on $mux $techmap\dut.baseline.transition.$procmux$1658.
    dead port 2/2 on $mux $techmap\dut.baseline.transition.$procmux$4822.
    dead port 2/2 on $mux $techmap\dut.baseline.transition.$procmux$872.
    dead port 1/2 on $mux $techmap\dut.baseline.transition.$procmux$875.
    dead port 2/2 on $mux $techmap\dut.baseline.transition.$procmux$877.
    dead port 1/2 on $mux $techmap\dut.baseline.transition.$procmux$4825.
    dead port 2/2 on $mux $techmap\dut.baseline.transition.$procmux$4827.
    dead port 2/2 on $mux $techmap\dut.baseline.transition.$procmux$890.
    dead port 2/2 on $mux $techmap\dut.baseline.transition.$procmux$892.
    dead port 2/2 on $mux $techmap\dut.baseline.transition.$procmux$4839.
    dead port 2/2 on $mux $techmap\dut.baseline.transition.$procmux$2115.
    dead port 1/2 on $mux $techmap\dut.baseline.transition.$procmux$2118.
    dead port 2/2 on $mux $techmap\dut.baseline.transition.$procmux$2120.
    dead port 2/2 on $mux $techmap\dut.baseline.transition.$procmux$4841.
    dead port 2/2 on $mux $techmap\dut.baseline.transition.$procmux$894.
    dead port 1/2 on $mux $techmap\dut.baseline.transition.$procmux$897.
    dead port 2/2 on $mux $techmap\dut.baseline.transition.$procmux$899.
    dead port 2/2 on $mux $techmap\dut.baseline.transition.$procmux$910.
    dead port 2/2 on $mux $techmap\dut.baseline.transition.$procmux$2140.
    dead port 2/2 on $mux $techmap\dut.baseline.transition.$procmux$912.
    dead port 2/2 on $mux $techmap\dut.baseline.transition.$procmux$914.
    dead port 1/2 on $mux $techmap\dut.baseline.transition.$procmux$1661.
    dead port 2/2 on $mux $techmap\dut.baseline.transition.$procmux$2142.
    dead port 2/2 on $mux $techmap\dut.baseline.transition.$procmux$2144.
    dead port 2/2 on $mux $techmap\dut.baseline.transition.$procmux$4843.
    dead port 2/2 on $mux $techmap\dut.baseline.transition.$procmux$916.
    dead port 1/2 on $mux $techmap\dut.baseline.transition.$procmux$919.
    dead port 2/2 on $mux $techmap\dut.baseline.transition.$procmux$921.
    dead port 2/2 on $mux $techmap\dut.baseline.transition.$procmux$934.
    dead port 2/2 on $mux $techmap\dut.baseline.transition.$procmux$936.
    dead port 1/2 on $mux $techmap\dut.baseline.transition.$procmux$4846.
    dead port 2/2 on $mux $techmap\dut.baseline.transition.$procmux$1009.
    dead port 2/2 on $mux $techmap\dut.baseline.transition.$procmux$2146.
    dead port 1/2 on $mux $techmap\dut.baseline.transition.$procmux$2149.
    dead port 2/2 on $mux $techmap\dut.baseline.transition.$procmux$2151.
    dead port 2/2 on $mux $techmap\dut.baseline.transition.$procmux$938.
    dead port 1/2 on $mux $techmap\dut.baseline.transition.$procmux$941.
    dead port 2/2 on $mux $techmap\dut.baseline.transition.$procmux$943.
    dead port 2/2 on $mux $techmap\dut.baseline.transition.$procmux$2175.
    dead port 2/2 on $mux $techmap\dut.baseline.transition.$procmux$1011.
    dead port 2/2 on $mux $techmap\dut.baseline.transition.$procmux$955.
    dead port 2/2 on $mux $techmap\dut.baseline.transition.$procmux$957.
    dead port 2/2 on $mux $techmap\dut.baseline.transition.$procmux$4848.
    dead port 2/2 on $mux $techmap\dut.baseline.transition.$procmux$2177.
    dead port 2/2 on $mux $techmap\dut.baseline.transition.$procmux$2179.
    dead port 2/2 on $mux $techmap\dut.baseline.transition.$procmux$1013.
    dead port 2/2 on $mux $techmap\dut.baseline.transition.$procmux$5502.
    dead port 2/2 on $mux $techmap\dut.baseline.transition.$procmux$959.
    dead port 1/2 on $mux $techmap\dut.baseline.transition.$procmux$962.
    dead port 2/2 on $mux $techmap\dut.baseline.transition.$procmux$964.
    dead port 2/2 on $mux $techmap\dut.baseline.transition.$procmux$980.
    dead port 2/2 on $mux $techmap\dut.baseline.transition.$procmux$4860.
    dead port 2/2 on $mux $techmap\dut.baseline.transition.$procmux$982.
    dead port 2/2 on $mux $techmap\dut.baseline.transition.$procmux$984.
    dead port 2/2 on $mux $techmap\dut.baseline.transition.$procmux$4862.
    dead port 2/2 on $mux $techmap\dut.baseline.transition.$procmux$2181.
    dead port 1/2 on $mux $techmap\dut.baseline.transition.$procmux$2184.
    dead port 2/2 on $mux $techmap\dut.baseline.transition.$procmux$2186.
    dead port 2/2 on $mux $techmap\dut.baseline.transition.$procmux$986.
    dead port 1/2 on $mux $techmap\dut.baseline.transition.$procmux$989.
    dead port 2/2 on $mux $techmap\dut.baseline.transition.$procmux$991.
    dead port 2/2 on $mux $techmap\dut.baseline.transition.$procmux$2214.
    dead port 2/2 on $mux $techmap\dut.baseline.transition.$procmux$2216.
    dead port 2/2 on $mux $techmap\dut.baseline.transition.$procmux$2218.
    dead port 2/2 on $mux $techmap\dut.baseline.transition.$procmux$1663.
    dead port 2/2 on $mux $techmap\dut.baseline.transition.$procmux$1015.
    dead port 1/2 on $mux $techmap\dut.baseline.transition.$procmux$1018.
    dead port 2/2 on $mux $techmap\dut.baseline.transition.$procmux$1020.
    dead port 2/2 on $mux $techmap\dut.baseline.transition.$procmux$2220.
    dead port 1/2 on $mux $techmap\dut.baseline.transition.$procmux$2223.
    dead port 2/2 on $mux $techmap\dut.baseline.transition.$procmux$2225.
    dead port 2/2 on $mux $techmap\dut.baseline.transition.$procmux$1040.
    dead port 2/2 on $mux $techmap\dut.baseline.transition.$procmux$2257.
    dead port 2/2 on $mux $techmap\dut.baseline.transition.$procmux$2259.
    dead port 2/2 on $mux $techmap\dut.baseline.transition.$procmux$2261.
    dead port 2/2 on $mux $techmap\dut.baseline.transition.$procmux$4864.
    dead port 2/2 on $mux $techmap\dut.baseline.transition.$procmux$1042.
    dead port 2/2 on $mux $techmap\dut.baseline.transition.$procmux$1044.
    dead port 1/2 on $mux $techmap\dut.baseline.transition.$procmux$4867.
    dead port 2/2 on $mux $techmap\dut.baseline.transition.$procmux$2263.
    dead port 1/2 on $mux $techmap\dut.baseline.transition.$procmux$2266.
    dead port 2/2 on $mux $techmap\dut.baseline.transition.$procmux$2268.
    dead port 2/2 on $mux $techmap\dut.baseline.transition.$procmux$4869.
    dead port 2/2 on $mux $techmap\dut.baseline.transition.$procmux$2284.
    dead port 2/2 on $mux $techmap\dut.baseline.transition.$procmux$2286.
    dead port 2/2 on $mux $techmap\dut.baseline.transition.$procmux$2288.
    dead port 2/2 on $mux $techmap\dut.baseline.transition.$procmux$1046.
    dead port 1/2 on $mux $techmap\dut.baseline.transition.$procmux$1049.
    dead port 2/2 on $mux $techmap\dut.baseline.transition.$procmux$1051.
    dead port 2/2 on $mux $techmap\dut.baseline.transition.$procmux$2290.
    dead port 1/2 on $mux $techmap\dut.baseline.transition.$procmux$2293.
    dead port 2/2 on $mux $techmap\dut.baseline.transition.$procmux$2295.
    dead port 2/2 on $mux $techmap\dut.baseline.transition.$procmux$2317.
    dead port 2/2 on $mux $techmap\dut.baseline.transition.$procmux$1073.
    dead port 2/2 on $mux $techmap\dut.baseline.transition.$procmux$2319.
    dead port 2/2 on $mux $techmap\dut.baseline.transition.$procmux$2321.
    dead port 2/2 on $mux $techmap\dut.baseline.transition.$procmux$1777.
    dead port 1/2 on $mux $techmap\dut.baseline.transition.$procmux$1780.
    dead port 2/2 on $mux $techmap\dut.baseline.transition.$procmux$1075.
    dead port 2/2 on $mux $techmap\dut.baseline.transition.$procmux$1077.
    dead port 2/2 on $mux $techmap\dut.baseline.transition.$procmux$4885.
    dead port 2/2 on $mux $techmap\dut.baseline.transition.$procmux$4887.
    dead port 2/2 on $mux $techmap\dut.baseline.transition.$procmux$4889.
    dead port 1/2 on $mux $techmap\dut.baseline.transition.$procmux$4892.
    dead port 2/2 on $mux $techmap\dut.baseline.transition.$procmux$4894.
    dead port 2/2 on $mux $techmap\dut.baseline.transition.$procmux$2323.
    dead port 1/2 on $mux $techmap\dut.baseline.transition.$procmux$2326.
    dead port 2/2 on $mux $techmap\dut.baseline.transition.$procmux$2328.
    dead port 2/2 on $mux $techmap\dut.baseline.transition.$procmux$2358.
    dead port 2/2 on $mux $techmap\dut.baseline.transition.$procmux$2360.
    dead port 2/2 on $mux $techmap\dut.baseline.transition.$procmux$2362.
    dead port 2/2 on $mux $techmap\dut.baseline.transition.$procmux$1079.
    dead port 1/2 on $mux $techmap\dut.baseline.transition.$procmux$1082.
    dead port 2/2 on $mux $techmap\dut.baseline.transition.$procmux$1084.
    dead port 2/2 on $mux $techmap\dut.baseline.transition.$procmux$2364.
    dead port 1/2 on $mux $techmap\dut.baseline.transition.$procmux$2367.
    dead port 2/2 on $mux $techmap\dut.baseline.transition.$procmux$2369.
    dead port 2/2 on $mux $techmap\dut.baseline.transition.$procmux$2387.
    dead port 2/2 on $mux $techmap\dut.baseline.transition.$procmux$2389.
    dead port 2/2 on $mux $techmap\dut.baseline.transition.$procmux$2391.
    dead port 2/2 on $mux $techmap\dut.baseline.transition.$procmux$1782.
    dead port 2/2 on $mux $techmap\dut.baseline.transition.$procmux$1108.
    dead port 2/2 on $mux $techmap\dut.baseline.transition.$procmux$1688.
    dead port 2/2 on $mux $techmap\dut.baseline.transition.$procmux$4908.
    dead port 2/2 on $mux $techmap\dut.baseline.transition.$procmux$4910.
    dead port 2/2 on $mux $techmap\dut.baseline.transition.$procmux$1110.
    dead port 2/2 on $mux $techmap\dut.baseline.transition.$procmux$1112.
    dead port 2/2 on $mux $techmap\dut.baseline.transition.$procmux$2393.
    dead port 1/2 on $mux $techmap\dut.baseline.transition.$procmux$2396.
    dead port 2/2 on $mux $techmap\dut.baseline.transition.$procmux$2398.
    dead port 2/2 on $mux $techmap\dut.baseline.transition.$procmux$5529.
    dead port 2/2 on $mux $techmap\dut.baseline.transition.$procmux$4912.
    dead port 1/2 on $mux $techmap\dut.baseline.transition.$procmux$4915.
    dead port 2/2 on $mux $techmap\dut.baseline.transition.$procmux$2432.
    dead port 2/2 on $mux $techmap\dut.baseline.transition.$procmux$2434.
    dead port 2/2 on $mux $techmap\dut.baseline.transition.$procmux$2436.
    dead port 2/2 on $mux $techmap\dut.baseline.transition.$procmux$4917.
    dead port 2/2 on $mux $techmap\dut.baseline.transition.$procmux$1114.
    dead port 1/2 on $mux $techmap\dut.baseline.transition.$procmux$1117.
    dead port 2/2 on $mux $techmap\dut.baseline.transition.$procmux$2438.
    dead port 1/2 on $mux $techmap\dut.baseline.transition.$procmux$2441.
    dead port 2/2 on $mux $techmap\dut.baseline.transition.$procmux$2443.
    dead port 2/2 on $mux $techmap\dut.baseline.transition.$procmux$1119.
    dead port 2/2 on $mux $techmap\dut.baseline.transition.$procmux$2469.
    dead port 2/2 on $mux $techmap\dut.baseline.transition.$procmux$2471.
    dead port 2/2 on $mux $techmap\dut.baseline.transition.$procmux$2473.
    dead port 2/2 on $mux $techmap\dut.baseline.transition.$procmux$1145.
    dead port 2/2 on $mux $techmap\dut.baseline.transition.$procmux$1147.
    dead port 2/2 on $mux $techmap\dut.baseline.transition.$procmux$1149.
    dead port 2/2 on $mux $techmap\dut.baseline.transition.$procmux$2475.
    dead port 1/2 on $mux $techmap\dut.baseline.transition.$procmux$2478.
    dead port 2/2 on $mux $techmap\dut.baseline.transition.$procmux$2480.
    dead port 2/2 on $mux $techmap\dut.baseline.transition.$procmux$1690.
    dead port 2/2 on $mux $techmap\dut.baseline.transition.$procmux$2493.
    dead port 2/2 on $mux $techmap\dut.baseline.transition.$procmux$2495.
    dead port 2/2 on $mux $techmap\dut.baseline.transition.$procmux$2497.
    dead port 2/2 on $mux $techmap\dut.baseline.transition.$procmux$5531.
    dead port 2/2 on $mux $techmap\dut.baseline.transition.$procmux$4935.
    dead port 2/2 on $mux $techmap\dut.baseline.transition.$procmux$4937.
    dead port 2/2 on $mux $techmap\dut.baseline.transition.$procmux$1692.
    dead port 2/2 on $mux $techmap\dut.baseline.transition.$procmux$4939.
    dead port 1/2 on $mux $techmap\dut.baseline.transition.$procmux$4942.
    dead port 2/2 on $mux $techmap\dut.baseline.transition.$procmux$4944.
    dead port 2/2 on $mux $techmap\dut.baseline.transition.$procmux$1654.
    dead port 2/2 on $mux $techmap\dut.baseline.transition.$procmux$5533.
    dead port 1/2 on $mux $techmap\dut.baseline.transition.$procmux$5536.
    dead port 2/2 on $mux $techmap\dut.baseline.transition.$procmux$4964.
    dead port 2/2 on $mux $techmap\dut.baseline.transition.$procmux$4966.
    dead port 2/2 on $mux $techmap\dut.baseline.transition.$procmux$4968.
    dead port 1/2 on $mux $techmap\dut.baseline.transition.$procmux$4971.
    dead port 2/2 on $mux $techmap\dut.baseline.transition.$procmux$4973.
    dead port 2/2 on $mux $techmap\dut.baseline.transition.$procmux$5538.
    dead port 2/2 on $mux $techmap\law.$procmux$1009.
    dead port 2/2 on $mux $techmap\law.$procmux$1011.
    dead port 2/2 on $mux $techmap\law.$procmux$1013.
    dead port 2/2 on $mux $techmap\law.$procmux$1015.
    dead port 1/2 on $mux $techmap\law.$procmux$1018.
    dead port 2/2 on $mux $techmap\law.$procmux$1020.
    dead port 2/2 on $mux $techmap\law.$procmux$1040.
    dead port 2/2 on $mux $techmap\dut.baseline.transition.$procmux$1151.
    dead port 2/2 on $mux $techmap\law.$procmux$1042.
    dead port 2/2 on $mux $techmap\law.$procmux$1044.
    dead port 2/2 on $mux $techmap\dut.baseline.transition.$procmux$4995.
    dead port 2/2 on $mux $techmap\dut.baseline.transition.$procmux$2499.
    dead port 1/2 on $mux $techmap\dut.baseline.transition.$procmux$2502.
    dead port 2/2 on $mux $techmap\dut.baseline.transition.$procmux$2504.
    dead port 1/2 on $mux $techmap\dut.baseline.transition.$procmux$1154.
    dead port 2/2 on $mux $techmap\law.$procmux$1046.
    dead port 1/2 on $mux $techmap\law.$procmux$1049.
    dead port 2/2 on $mux $techmap\law.$procmux$1051.
    dead port 2/2 on $mux $techmap\law.$procmux$1073.
    dead port 2/2 on $mux $techmap\dut.baseline.transition.$procmux$2514.
    dead port 2/2 on $mux $techmap\law.$procmux$1075.
    dead port 2/2 on $mux $techmap\law.$procmux$1077.
    dead port 2/2 on $mux $techmap\dut.baseline.transition.$procmux$4997.
    dead port 2/2 on $mux $techmap\dut.baseline.transition.$procmux$2516.
    dead port 2/2 on $mux $techmap\dut.baseline.transition.$procmux$1156.
    dead port 2/2 on $mux $techmap\law.$procmux$1079.
    dead port 1/2 on $mux $techmap\law.$procmux$1082.
    dead port 2/2 on $mux $techmap\law.$procmux$1084.
    dead port 2/2 on $mux $techmap\law.$procmux$1108.
    dead port 2/2 on $mux $techmap\dut.baseline.transition.$procmux$1184.
    dead port 2/2 on $mux $techmap\law.$procmux$1110.
    dead port 2/2 on $mux $techmap\law.$procmux$1112.
    dead port 2/2 on $mux $techmap\dut.baseline.transition.$procmux$4999.
    dead port 2/2 on $mux $techmap\dut.baseline.transition.$procmux$2518.
    dead port 1/2 on $mux $techmap\dut.baseline.transition.$procmux$2521.
    dead port 2/2 on $mux $techmap\dut.baseline.transition.$procmux$2523.
    dead port 2/2 on $mux $techmap\law.$procmux$1114.
    dead port 1/2 on $mux $techmap\law.$procmux$1117.
    dead port 2/2 on $mux $techmap\law.$procmux$1119.
    dead port 2/2 on $mux $techmap\law.$procmux$1145.
    dead port 2/2 on $mux $techmap\dut.baseline.transition.$procmux$2531.
    dead port 2/2 on $mux $techmap\law.$procmux$1147.
    dead port 2/2 on $mux $techmap\law.$procmux$1149.
    dead port 1/2 on $mux $techmap\dut.baseline.transition.$procmux$5002.
    dead port 2/2 on $mux $techmap\dut.baseline.transition.$procmux$5004.
    dead port 2/2 on $mux $techmap\dut.baseline.transition.$procmux$1186.
    dead port 2/2 on $mux $techmap\dut.baseline.transition.$procmux$1188.
    dead port 2/2 on $mux $techmap\law.$procmux$1151.
    dead port 1/2 on $mux $techmap\law.$procmux$1154.
    dead port 2/2 on $mux $techmap\law.$procmux$1156.
    dead port 2/2 on $mux $techmap\law.$procmux$1184.
    dead port 2/2 on $mux $techmap\law.$procmux$1186.
    dead port 2/2 on $mux $techmap\law.$procmux$1188.
    dead port 2/2 on $mux $techmap\dut.baseline.transition.$procmux$2533.
    dead port 1/2 on $mux $techmap\dut.baseline.transition.$procmux$2536.
    dead port 2/2 on $mux $techmap\dut.baseline.transition.$procmux$2538.
    dead port 2/2 on $mux $techmap\dut.baseline.transition.$procmux$2546.
    dead port 2/2 on $mux $techmap\law.$procmux$1190.
    dead port 1/2 on $mux $techmap\law.$procmux$1193.
    dead port 2/2 on $mux $techmap\law.$procmux$1195.
    dead port 2/2 on $mux $techmap\law.$procmux$1225.
    dead port 2/2 on $mux $techmap\dut.baseline.transition.$procmux$5549.
    dead port 2/2 on $mux $techmap\law.$procmux$1227.
    dead port 2/2 on $mux $techmap\law.$procmux$1229.
    dead port 1/2 on $mux $techmap\dut.baseline.transition.$procmux$4728.
    dead port 2/2 on $mux $techmap\dut.baseline.transition.$procmux$1190.
    dead port 1/2 on $mux $techmap\dut.baseline.transition.$procmux$1193.
    dead port 2/2 on $mux $techmap\law.$procmux$1231.
    dead port 1/2 on $mux $techmap\law.$procmux$1234.
    dead port 2/2 on $mux $techmap\law.$procmux$1236.
    dead port 2/2 on $mux $techmap\law.$procmux$1268.
    dead port 2/2 on $mux $techmap\dut.baseline.transition.$procmux$2548.
    dead port 2/2 on $mux $techmap\law.$procmux$1270.
    dead port 2/2 on $mux $techmap\law.$procmux$1272.
    dead port 2/2 on $mux $techmap\dut.baseline.transition.$procmux$5028.
    dead port 1/2 on $mux $techmap\dut.baseline.transition.$procmux$2551.
    dead port 2/2 on $mux $techmap\dut.baseline.transition.$procmux$2553.
    dead port 2/2 on $mux $techmap\dut.baseline.transition.$procmux$1195.
    dead port 2/2 on $mux $techmap\law.$procmux$1274.
    dead port 1/2 on $mux $techmap\law.$procmux$1277.
    dead port 2/2 on $mux $techmap\law.$procmux$1279.
    dead port 2/2 on $mux $techmap\law.$procmux$1313.
    dead port 2/2 on $mux $techmap\law.$procmux$1315.
    dead port 2/2 on $mux $techmap\law.$procmux$1317.
    dead port 2/2 on $mux $techmap\dut.baseline.transition.$procmux$5030.
    dead port 2/2 on $mux $techmap\dut.baseline.transition.$procmux$1225.
    dead port 2/2 on $mux $techmap\law.$procmux$1319.
    dead port 1/2 on $mux $techmap\law.$procmux$1322.
    dead port 2/2 on $mux $techmap\law.$procmux$1324.
    dead port 2/2 on $mux $techmap\law.$procmux$1338.
    dead port 2/2 on $mux $techmap\dut.baseline.transition.$procmux$1227.
    dead port 2/2 on $mux $techmap\law.$procmux$1340.
    dead port 2/2 on $mux $techmap\law.$procmux$1342.
    dead port 2/2 on $mux $techmap\dut.baseline.transition.$procmux$5032.
    dead port 2/2 on $mux $techmap\dut.baseline.transition.$procmux$1229.
    dead port 1/2 on $mux $techmap\dut.baseline.transition.$procmux$5035.
    dead port 2/2 on $mux $techmap\law.$procmux$1344.
    dead port 1/2 on $mux $techmap\law.$procmux$1347.
    dead port 2/2 on $mux $techmap\law.$procmux$1349.
    dead port 2/2 on $mux $techmap\law.$procmux$1368.
    dead port 2/2 on $mux $techmap\law.$procmux$1370.
    dead port 2/2 on $mux $techmap\law.$procmux$1372.
    dead port 2/2 on $mux $techmap\dut.baseline.transition.$procmux$5037.
    dead port 2/2 on $mux $techmap\dut.baseline.transition.$procmux$1694.
    dead port 2/2 on $mux $techmap\law.$procmux$1374.
    dead port 1/2 on $mux $techmap\law.$procmux$1377.
    dead port 2/2 on $mux $techmap\law.$procmux$1379.
    dead port 2/2 on $mux $techmap\law.$procmux$1402.
    dead port 2/2 on $mux $techmap\dut.baseline.transition.$procmux$5551.
    dead port 2/2 on $mux $techmap\law.$procmux$1404.
    dead port 2/2 on $mux $techmap\law.$procmux$1406.
    dead port 1/2 on $mux $techmap\dut.baseline.transition.$procmux$5554.
    dead port 2/2 on $mux $techmap\dut.baseline.transition.$procmux$1231.
    dead port 1/2 on $mux $techmap\dut.baseline.transition.$procmux$1234.
    dead port 2/2 on $mux $techmap\law.$procmux$1408.
    dead port 1/2 on $mux $techmap\law.$procmux$1411.
    dead port 2/2 on $mux $techmap\law.$procmux$1413.
    dead port 2/2 on $mux $techmap\law.$procmux$1440.
    dead port 2/2 on $mux $techmap\dut.baseline.transition.$procmux$2581.
    dead port 2/2 on $mux $techmap\law.$procmux$1442.
    dead port 2/2 on $mux $techmap\law.$procmux$1444.
    dead port 2/2 on $mux $techmap\dut.baseline.transition.$procmux$5063.
    dead port 1/2 on $mux $techmap\dut.baseline.transition.$procmux$2584.
    dead port 2/2 on $mux $techmap\dut.baseline.transition.$procmux$2586.
    dead port 2/2 on $mux $techmap\dut.baseline.transition.$procmux$2595.
    dead port 2/2 on $mux $techmap\law.$procmux$1446.
    dead port 1/2 on $mux $techmap\law.$procmux$1449.
    dead port 2/2 on $mux $techmap\law.$procmux$1451.
    dead port 2/2 on $mux $techmap\law.$procmux$1482.
    dead port 2/2 on $mux $techmap\dut.baseline.transition.$procmux$2597.
    dead port 2/2 on $mux $techmap\law.$procmux$1484.
    dead port 2/2 on $mux $techmap\law.$procmux$1486.
    dead port 2/2 on $mux $techmap\dut.baseline.transition.$procmux$5065.
    dead port 1/2 on $mux $techmap\dut.baseline.transition.$procmux$2600.
    dead port 2/2 on $mux $techmap\dut.baseline.transition.$procmux$2602.
    dead port 2/2 on $mux $techmap\dut.baseline.transition.$procmux$2611.
    dead port 2/2 on $mux $techmap\dut.baseline.transition.$procmux$1236.
    dead port 2/2 on $mux $techmap\law.$procmux$1488.
    dead port 1/2 on $mux $techmap\law.$procmux$1491.
    dead port 2/2 on $mux $techmap\law.$procmux$1493.
    dead port 2/2 on $mux $techmap\law.$procmux$1508.
    dead port 2/2 on $mux $techmap\dut.baseline.transition.$procmux$2613.
    dead port 2/2 on $mux $techmap\law.$procmux$1510.
    dead port 2/2 on $mux $techmap\law.$procmux$1512.
    dead port 1/2 on $mux $techmap\dut.baseline.transition.$procmux$1697.
    dead port 1/2 on $mux $techmap\dut.baseline.transition.$procmux$2616.
    dead port 2/2 on $mux $techmap\dut.baseline.transition.$procmux$2618.
    dead port 2/2 on $mux $techmap\dut.baseline.transition.$procmux$2627.
    dead port 2/2 on $mux $techmap\law.$procmux$1514.
    dead port 1/2 on $mux $techmap\law.$procmux$1517.
    dead port 2/2 on $mux $techmap\law.$procmux$1519.
    dead port 2/2 on $mux $techmap\law.$procmux$1540.
    dead port 2/2 on $mux $techmap\dut.baseline.transition.$procmux$2629.
    dead port 2/2 on $mux $techmap\law.$procmux$1542.
    dead port 2/2 on $mux $techmap\law.$procmux$1544.
    dead port 2/2 on $mux $techmap\dut.baseline.transition.$procmux$5067.
    dead port 1/2 on $mux $techmap\dut.baseline.transition.$procmux$2632.
    dead port 2/2 on $mux $techmap\dut.baseline.transition.$procmux$2634.
    dead port 1/2 on $mux $techmap\dut.baseline.transition.$procmux$5070.
    dead port 2/2 on $mux $techmap\law.$procmux$1546.
    dead port 1/2 on $mux $techmap\law.$procmux$1549.
    dead port 2/2 on $mux $techmap\law.$procmux$1551.
    dead port 2/2 on $mux $techmap\law.$procmux$1580.
    dead port 2/2 on $mux $techmap\dut.baseline.transition.$procmux$1268.
    dead port 2/2 on $mux $techmap\law.$procmux$1582.
    dead port 2/2 on $mux $techmap\law.$procmux$1584.
    dead port 2/2 on $mux $techmap\dut.baseline.transition.$procmux$5072.
    dead port 2/2 on $mux $techmap\dut.baseline.transition.$procmux$1270.
    dead port 2/2 on $mux $techmap\dut.baseline.transition.$procmux$1272.
    dead port 2/2 on $mux $techmap\law.$procmux$1586.
    dead port 1/2 on $mux $techmap\law.$procmux$1589.
    dead port 2/2 on $mux $techmap\law.$procmux$1591.
    dead port 2/2 on $mux $techmap\law.$procmux$1608.
    dead port 2/2 on $mux $techmap\dut.baseline.transition.$procmux$1699.
    dead port 2/2 on $mux $techmap\law.$procmux$1610.
    dead port 2/2 on $mux $techmap\law.$procmux$1612.
    dead port 2/2 on $mux $techmap\dut.baseline.transition.$procmux$5556.
    dead port 2/2 on $mux $techmap\dut.baseline.transition.$procmux$2645.
    dead port 1/2 on $mux $techmap\dut.baseline.transition.$procmux$2648.
    dead port 2/2 on $mux $techmap\dut.baseline.transition.$procmux$2650.
    dead port 2/2 on $mux $techmap\law.$procmux$1614.
    dead port 1/2 on $mux $techmap\law.$procmux$1617.
    dead port 2/2 on $mux $techmap\law.$procmux$1619.
    dead port 2/2 on $mux $techmap\law.$procmux$1652.
    dead port 2/2 on $mux $techmap\law.$procmux$1654.
    dead port 2/2 on $mux $techmap\law.$procmux$1656.
    dead port 2/2 on $mux $techmap\dut.baseline.transition.$procmux$5100.
    dead port 2/2 on $mux $techmap\dut.baseline.transition.$procmux$5102.
    dead port 2/2 on $mux $techmap\dut.baseline.transition.$procmux$5567.
    dead port 2/2 on $mux $techmap\dut.baseline.transition.$procmux$1274.
    dead port 1/2 on $mux $techmap\dut.baseline.transition.$procmux$1277.
    dead port 2/2 on $mux $techmap\dut.baseline.transition.$procmux$1279.
    dead port 2/2 on $mux $techmap\law.$procmux$1658.
    dead port 1/2 on $mux $techmap\law.$procmux$1661.
    dead port 2/2 on $mux $techmap\law.$procmux$1663.
    dead port 2/2 on $mux $techmap\law.$procmux$1688.
    dead port 2/2 on $mux $techmap\law.$procmux$1690.
    dead port 2/2 on $mux $techmap\law.$procmux$1692.
    dead port 2/2 on $mux $techmap\dut.baseline.transition.$procmux$1313.
    dead port 2/2 on $mux $techmap\dut.baseline.transition.$procmux$2660.
    dead port 1/2 on $mux $techmap\dut.baseline.transition.$procmux$2663.
    dead port 2/2 on $mux $techmap\dut.baseline.transition.$procmux$2665.
    dead port 2/2 on $mux $techmap\law.$procmux$1694.
    dead port 1/2 on $mux $techmap\law.$procmux$1697.
    dead port 2/2 on $mux $techmap\law.$procmux$1699.
    dead port 2/2 on $mux $techmap\law.$procmux$1713.
    dead port 2/2 on $mux $techmap\law.$procmux$1715.
    dead port 2/2 on $mux $techmap\law.$procmux$1717.
    dead port 2/2 on $mux $techmap\dut.baseline.transition.$procmux$5104.
    dead port 2/2 on $mux $techmap\dut.baseline.transition.$procmux$1315.
    dead port 2/2 on $mux $techmap\dut.baseline.transition.$procmux$2678.
    dead port 2/2 on $mux $techmap\dut.baseline.transition.$procmux$2680.
    dead port 1/2 on $mux $techmap\dut.baseline.transition.$procmux$5107.
    dead port 2/2 on $mux $techmap\law.$procmux$1719.
    dead port 1/2 on $mux $techmap\law.$procmux$1722.
    dead port 2/2 on $mux $techmap\law.$procmux$1724.
    dead port 2/2 on $mux $techmap\law.$procmux$1741.
    dead port 2/2 on $mux $techmap\dut.baseline.transition.$procmux$1317.
    dead port 2/2 on $mux $techmap\law.$procmux$1743.
    dead port 2/2 on $mux $techmap\law.$procmux$1745.
    dead port 2/2 on $mux $techmap\dut.baseline.transition.$procmux$5109.
    dead port 2/2 on $mux $techmap\dut.baseline.transition.$procmux$1803.
    dead port 2/2 on $mux $techmap\dut.baseline.transition.$procmux$2682.
    dead port 2/2 on $mux $techmap\law.$procmux$1747.
    dead port 1/2 on $mux $techmap\law.$procmux$1750.
    dead port 2/2 on $mux $techmap\law.$procmux$1752.
    dead port 1/2 on $mux $techmap\dut.baseline.transition.$procmux$2685.
    dead port 2/2 on $mux $techmap\law.$procmux$1771.
    dead port 2/2 on $mux $techmap\dut.baseline.transition.$procmux$2687.
    dead port 2/2 on $mux $techmap\law.$procmux$1773.
    dead port 2/2 on $mux $techmap\law.$procmux$1775.
    dead port 2/2 on $mux $techmap\dut.baseline.transition.$procmux$5569.
    dead port 2/2 on $mux $techmap\dut.baseline.transition.$procmux$2696.
    dead port 2/2 on $mux $techmap\dut.baseline.transition.$procmux$5139.
    dead port 2/2 on $mux $techmap\dut.baseline.transition.$procmux$2698.
    dead port 1/2 on $mux $techmap\dut.baseline.transition.$procmux$2701.
    dead port 2/2 on $mux $techmap\law.$procmux$1777.
    dead port 1/2 on $mux $techmap\law.$procmux$1780.
    dead port 2/2 on $mux $techmap\law.$procmux$1782.
    dead port 2/2 on $mux $techmap\dut.baseline.transition.$procmux$2703.
    dead port 2/2 on $mux $techmap\law.$procmux$1803.
    dead port 2/2 on $mux $techmap\law.$procmux$1805.
    dead port 2/2 on $mux $techmap\law.$procmux$1807.
    dead port 2/2 on $mux $techmap\dut.baseline.transition.$procmux$5141.
    dead port 2/2 on $mux $techmap\dut.baseline.transition.$procmux$2717.
    dead port 2/2 on $mux $techmap\dut.baseline.transition.$procmux$2719.
    dead port 2/2 on $mux $techmap\dut.baseline.transition.$procmux$1713.
    dead port 2/2 on $mux $techmap\dut.baseline.transition.$procmux$2721.
    dead port 2/2 on $mux $techmap\law.$procmux$1809.
    dead port 1/2 on $mux $techmap\law.$procmux$1812.
    dead port 2/2 on $mux $techmap\law.$procmux$1814.
    dead port 1/2 on $mux $techmap\dut.baseline.transition.$procmux$2724.
    dead port 2/2 on $mux $techmap\law.$procmux$1837.
    dead port 2/2 on $mux $techmap\dut.baseline.transition.$procmux$2726.
    dead port 2/2 on $mux $techmap\law.$procmux$1839.
    dead port 2/2 on $mux $techmap\law.$procmux$1841.
    dead port 2/2 on $mux $techmap\dut.baseline.transition.$procmux$5143.
    dead port 2/2 on $mux $techmap\dut.baseline.transition.$procmux$2742.
    dead port 2/2 on $mux $techmap\dut.baseline.transition.$procmux$2744.
    dead port 2/2 on $mux $techmap\dut.baseline.transition.$procmux$1319.
    dead port 2/2 on $mux $techmap\law.$procmux$1843.
    dead port 1/2 on $mux $techmap\law.$procmux$1846.
    dead port 2/2 on $mux $techmap\law.$procmux$1848.
    dead port 2/2 on $mux $techmap\dut.baseline.transition.$procmux$2746.
    dead port 2/2 on $mux $techmap\law.$procmux$1873.
    dead port 1/2 on $mux $techmap\dut.baseline.transition.$procmux$2749.
    dead port 2/2 on $mux $techmap\law.$procmux$1875.
    dead port 2/2 on $mux $techmap\law.$procmux$1877.
    dead port 1/2 on $mux $techmap\dut.baseline.transition.$procmux$5146.
    dead port 2/2 on $mux $techmap\dut.baseline.transition.$procmux$2751.
    dead port 2/2 on $mux $techmap\dut.baseline.transition.$procmux$2769.
    dead port 2/2 on $mux $techmap\dut.baseline.transition.$procmux$2771.
    dead port 2/2 on $mux $techmap\law.$procmux$1879.
    dead port 1/2 on $mux $techmap\law.$procmux$1882.
    dead port 2/2 on $mux $techmap\law.$procmux$1884.
    dead port 1/2 on $mux $techmap\dut.baseline.transition.$procmux$1322.
    dead port 2/2 on $mux $techmap\law.$procmux$1911.
    dead port 2/2 on $mux $techmap\dut.baseline.transition.$procmux$2773.
    dead port 2/2 on $mux $techmap\law.$procmux$1913.
    dead port 2/2 on $mux $techmap\law.$procmux$1915.
    dead port 2/2 on $mux $techmap\dut.baseline.transition.$procmux$5148.
    dead port 1/2 on $mux $techmap\dut.baseline.transition.$procmux$2776.
    dead port 2/2 on $mux $techmap\dut.baseline.transition.$procmux$2778.
    dead port 2/2 on $mux $techmap\dut.baseline.transition.$procmux$2798.
    dead port 2/2 on $mux $techmap\law.$procmux$1917.
    dead port 1/2 on $mux $techmap\law.$procmux$1920.
    dead port 2/2 on $mux $techmap\law.$procmux$1922.
    dead port 2/2 on $mux $techmap\dut.baseline.transition.$procmux$2800.
    dead port 2/2 on $mux $techmap\law.$procmux$1951.
    dead port 2/2 on $mux $techmap\dut.baseline.transition.$procmux$1324.
    dead port 2/2 on $mux $techmap\law.$procmux$1953.
    dead port 2/2 on $mux $techmap\law.$procmux$1955.
    dead port 2/2 on $mux $techmap\dut.baseline.transition.$procmux$2802.
    dead port 1/2 on $mux $techmap\dut.baseline.transition.$procmux$2805.
    dead port 2/2 on $mux $techmap\dut.baseline.transition.$procmux$2807.
    dead port 2/2 on $mux $techmap\law.$procmux$1957.
    dead port 1/2 on $mux $techmap\law.$procmux$1960.
    dead port 2/2 on $mux $techmap\law.$procmux$1962.
    dead port 2/2 on $mux $techmap\dut.baseline.transition.$procmux$2829.
    dead port 2/2 on $mux $techmap\law.$procmux$1993.
    dead port 2/2 on $mux $techmap\dut.baseline.transition.$procmux$2831.
    dead port 2/2 on $mux $techmap\law.$procmux$1995.
    dead port 2/2 on $mux $techmap\law.$procmux$1997.
    dead port 2/2 on $mux $techmap\dut.baseline.transition.$procmux$2833.
    dead port 1/2 on $mux $techmap\dut.baseline.transition.$procmux$2836.
    dead port 2/2 on $mux $techmap\dut.baseline.transition.$procmux$2838.
    dead port 2/2 on $mux $techmap\law.$procmux$1999.
    dead port 1/2 on $mux $techmap\law.$procmux$2002.
    dead port 2/2 on $mux $techmap\law.$procmux$2004.
    dead port 2/2 on $mux $techmap\law.$procmux$2037.
    dead port 2/2 on $mux $techmap\dut.baseline.transition.$procmux$2862.
    dead port 2/2 on $mux $techmap\law.$procmux$2039.
    dead port 2/2 on $mux $techmap\law.$procmux$2041.
    dead port 1/2 on $mux $techmap\dut.baseline.transition.$procmux$5572.
    dead port 2/2 on $mux $techmap\dut.baseline.transition.$procmux$2864.
    dead port 2/2 on $mux $techmap\dut.baseline.transition.$procmux$2866.
    dead port 1/2 on $mux $techmap\dut.baseline.transition.$procmux$2869.
    dead port 2/2 on $mux $techmap\dut.baseline.transition.$procmux$2871.
    dead port 2/2 on $mux $techmap\law.$procmux$2043.
    dead port 1/2 on $mux $techmap\law.$procmux$2046.
    dead port 2/2 on $mux $techmap\law.$procmux$2048.
    dead port 2/2 on $mux $techmap\law.$procmux$2083.
    dead port 2/2 on $mux $techmap\law.$procmux$2085.
    dead port 2/2 on $mux $techmap\law.$procmux$2087.
    dead port 2/2 on $mux $techmap\dut.baseline.transition.$procmux$5179.
    dead port 2/2 on $mux $techmap\dut.baseline.transition.$procmux$2897.
    dead port 2/2 on $mux $techmap\dut.baseline.transition.$procmux$2899.
    dead port 2/2 on $mux $techmap\dut.baseline.transition.$procmux$1338.
    dead port 2/2 on $mux $techmap\dut.baseline.transition.$procmux$2901.
    dead port 1/2 on $mux $techmap\dut.baseline.transition.$procmux$2904.
    dead port 2/2 on $mux $techmap\law.$procmux$2089.
    dead port 1/2 on $mux $techmap\law.$procmux$2092.
    dead port 2/2 on $mux $techmap\law.$procmux$2094.
    dead port 2/2 on $mux $techmap\dut.baseline.transition.$procmux$2906.
    dead port 2/2 on $mux $techmap\law.$procmux$2109.
    dead port 2/2 on $mux $techmap\law.$procmux$2111.
    dead port 2/2 on $mux $techmap\law.$procmux$2113.
    dead port 2/2 on $mux $techmap\dut.baseline.transition.$procmux$5181.
    dead port 2/2 on $mux $techmap\dut.baseline.transition.$procmux$2934.
    dead port 2/2 on $mux $techmap\dut.baseline.transition.$procmux$2936.
    dead port 2/2 on $mux $techmap\dut.baseline.transition.$procmux$2938.
    dead port 2/2 on $mux $techmap\law.$procmux$2115.
    dead port 1/2 on $mux $techmap\law.$procmux$2118.
    dead port 2/2 on $mux $techmap\law.$procmux$2120.
    dead port 1/2 on $mux $techmap\dut.baseline.transition.$procmux$2941.
    dead port 2/2 on $mux $techmap\law.$procmux$2140.
    dead port 2/2 on $mux $techmap\dut.baseline.transition.$procmux$2943.
    dead port 2/2 on $mux $techmap\law.$procmux$2142.
    dead port 2/2 on $mux $techmap\law.$procmux$2144.
    dead port 2/2 on $mux $techmap\dut.baseline.transition.$procmux$1715.
    dead port 2/2 on $mux $techmap\dut.baseline.transition.$procmux$2973.
    dead port 2/2 on $mux $techmap\dut.baseline.transition.$procmux$2975.
    dead port 2/2 on $mux $techmap\dut.baseline.transition.$procmux$1340.
    dead port 2/2 on $mux $techmap\law.$procmux$2146.
    dead port 1/2 on $mux $techmap\law.$procmux$2149.
    dead port 2/2 on $mux $techmap\law.$procmux$2151.
    dead port 2/2 on $mux $techmap\dut.baseline.transition.$procmux$2977.
    dead port 2/2 on $mux $techmap\law.$procmux$2175.
    dead port 1/2 on $mux $techmap\dut.baseline.transition.$procmux$2980.
    dead port 2/2 on $mux $techmap\law.$procmux$2177.
    dead port 2/2 on $mux $techmap\law.$procmux$2179.
    dead port 2/2 on $mux $techmap\dut.baseline.transition.$procmux$5183.
    dead port 2/2 on $mux $techmap\dut.baseline.transition.$procmux$2982.
    dead port 2/2 on $mux $techmap\dut.baseline.transition.$procmux$3014.
    dead port 2/2 on $mux $techmap\dut.baseline.transition.$procmux$3016.
    dead port 2/2 on $mux $techmap\law.$procmux$2181.
    dead port 1/2 on $mux $techmap\law.$procmux$2184.
    dead port 2/2 on $mux $techmap\law.$procmux$2186.
    dead port 2/2 on $mux $techmap\dut.baseline.transition.$procmux$1342.
    dead port 2/2 on $mux $techmap\law.$procmux$2214.
    dead port 2/2 on $mux $techmap\dut.baseline.transition.$procmux$3018.
    dead port 2/2 on $mux $techmap\law.$procmux$2216.
    dead port 2/2 on $mux $techmap\law.$procmux$2218.
    dead port 1/2 on $mux $techmap\dut.baseline.transition.$procmux$5186.
    dead port 1/2 on $mux $techmap\dut.baseline.transition.$procmux$3021.
    dead port 2/2 on $mux $techmap\dut.baseline.transition.$procmux$3023.
    dead port 2/2 on $mux $techmap\dut.baseline.transition.$procmux$3035.
    dead port 2/2 on $mux $techmap\law.$procmux$2220.
    dead port 1/2 on $mux $techmap\law.$procmux$2223.
    dead port 2/2 on $mux $techmap\law.$procmux$2225.
    dead port 2/2 on $mux $techmap\dut.baseline.transition.$procmux$3037.
    dead port 2/2 on $mux $techmap\law.$procmux$2257.
    dead port 2/2 on $mux $techmap\dut.baseline.transition.$procmux$5188.
    dead port 2/2 on $mux $techmap\law.$procmux$2259.
    dead port 2/2 on $mux $techmap\law.$procmux$2261.
    dead port 2/2 on $mux $techmap\dut.baseline.transition.$procmux$3039.
    dead port 1/2 on $mux $techmap\dut.baseline.transition.$procmux$3042.
    dead port 2/2 on $mux $techmap\dut.baseline.transition.$procmux$3044.
    dead port 2/2 on $mux $techmap\law.$procmux$2263.
    dead port 1/2 on $mux $techmap\law.$procmux$2266.
    dead port 2/2 on $mux $techmap\law.$procmux$2268.
    dead port 2/2 on $mux $techmap\dut.baseline.transition.$procmux$3061.
    dead port 2/2 on $mux $techmap\law.$procmux$2284.
    dead port 2/2 on $mux $techmap\dut.baseline.transition.$procmux$3063.
    dead port 2/2 on $mux $techmap\law.$procmux$2286.
    dead port 2/2 on $mux $techmap\law.$procmux$2288.
    dead port 2/2 on $mux $techmap\dut.baseline.transition.$procmux$1717.
    dead port 2/2 on $mux $techmap\dut.baseline.transition.$procmux$3065.
    dead port 1/2 on $mux $techmap\dut.baseline.transition.$procmux$3068.
    dead port 2/2 on $mux $techmap\dut.baseline.transition.$procmux$3070.
    dead port 2/2 on $mux $techmap\law.$procmux$2290.
    dead port 1/2 on $mux $techmap\law.$procmux$2293.
    dead port 2/2 on $mux $techmap\law.$procmux$2295.
    dead port 2/2 on $mux $techmap\law.$procmux$2317.
    dead port 2/2 on $mux $techmap\dut.baseline.transition.$procmux$3091.
    dead port 2/2 on $mux $techmap\law.$procmux$2319.
    dead port 2/2 on $mux $techmap\law.$procmux$2321.
    dead port 2/2 on $mux $techmap\dut.baseline.transition.$procmux$1656.
    dead port 2/2 on $mux $techmap\dut.baseline.transition.$procmux$3093.
    dead port 2/2 on $mux $techmap\dut.baseline.transition.$procmux$3095.
    dead port 1/2 on $mux $techmap\dut.baseline.transition.$procmux$3098.
    dead port 2/2 on $mux $techmap\dut.baseline.transition.$procmux$3100.
    dead port 2/2 on $mux $techmap\law.$procmux$2323.
    dead port 1/2 on $mux $techmap\law.$procmux$2326.
    dead port 2/2 on $mux $techmap\law.$procmux$2328.
    dead port 2/2 on $mux $techmap\law.$procmux$2358.
    dead port 2/2 on $mux $techmap\law.$procmux$2360.
    dead port 2/2 on $mux $techmap\law.$procmux$2362.
    dead port 2/2 on $mux $techmap\dut.baseline.transition.$procmux$5201.
    dead port 2/2 on $mux $techmap\dut.baseline.transition.$procmux$3125.
    dead port 2/2 on $mux $techmap\dut.baseline.transition.$procmux$3127.
    dead port 2/2 on $mux $techmap\dut.baseline.transition.$procmux$3129.
    dead port 1/2 on $mux $techmap\dut.baseline.transition.$procmux$3132.
    dead port 2/2 on $mux $techmap\law.$procmux$2364.
    dead port 1/2 on $mux $techmap\law.$procmux$2367.
    dead port 2/2 on $mux $techmap\law.$procmux$2369.
    dead port 2/2 on $mux $techmap\dut.baseline.transition.$procmux$3134.
    dead port 2/2 on $mux $techmap\law.$procmux$2387.
    dead port 2/2 on $mux $techmap\law.$procmux$2389.
    dead port 2/2 on $mux $techmap\law.$procmux$2391.
    dead port 2/2 on $mux $techmap\dut.baseline.transition.$procmux$5203.
    dead port 2/2 on $mux $techmap\dut.baseline.transition.$procmux$3163.
    dead port 2/2 on $mux $techmap\dut.baseline.transition.$procmux$3165.
    dead port 2/2 on $mux $techmap\dut.baseline.transition.$procmux$3167.
    dead port 2/2 on $mux $techmap\law.$procmux$2393.
    dead port 1/2 on $mux $techmap\law.$procmux$2396.
    dead port 2/2 on $mux $techmap\law.$procmux$2398.
    dead port 1/2 on $mux $techmap\dut.baseline.transition.$procmux$3170.
    dead port 2/2 on $mux $techmap\law.$procmux$2432.
    dead port 2/2 on $mux $techmap\dut.baseline.transition.$procmux$3172.
    dead port 2/2 on $mux $techmap\law.$procmux$2434.
    dead port 2/2 on $mux $techmap\law.$procmux$2436.
    dead port 2/2 on $mux $techmap\dut.baseline.transition.$procmux$3185.
    dead port 2/2 on $mux $techmap\dut.baseline.transition.$procmux$3187.
    dead port 2/2 on $mux $techmap\law.$procmux$2438.
    dead port 1/2 on $mux $techmap\law.$procmux$2441.
    dead port 2/2 on $mux $techmap\law.$procmux$2443.
    dead port 2/2 on $mux $techmap\dut.baseline.transition.$procmux$3189.
    dead port 2/2 on $mux $techmap\law.$procmux$2469.
    dead port 1/2 on $mux $techmap\dut.baseline.transition.$procmux$3192.
    dead port 2/2 on $mux $techmap\law.$procmux$2471.
    dead port 2/2 on $mux $techmap\law.$procmux$2473.
    dead port 2/2 on $mux $techmap\dut.baseline.transition.$procmux$5205.
    dead port 2/2 on $mux $techmap\dut.baseline.transition.$procmux$3194.
    dead port 2/2 on $mux $techmap\dut.baseline.transition.$procmux$3213.
    dead port 2/2 on $mux $techmap\dut.baseline.transition.$procmux$3215.
    dead port 2/2 on $mux $techmap\law.$procmux$2475.
    dead port 1/2 on $mux $techmap\law.$procmux$2478.
    dead port 2/2 on $mux $techmap\law.$procmux$2480.
    dead port 2/2 on $mux $techmap\dut.baseline.transition.$procmux$1344.
    dead port 2/2 on $mux $techmap\law.$procmux$2493.
    dead port 2/2 on $mux $techmap\dut.baseline.transition.$procmux$3217.
    dead port 2/2 on $mux $techmap\law.$procmux$2495.
    dead port 2/2 on $mux $techmap\law.$procmux$2497.
    dead port 1/2 on $mux $techmap\dut.baseline.transition.$procmux$5208.
    dead port 1/2 on $mux $techmap\dut.baseline.transition.$procmux$3220.
    dead port 2/2 on $mux $techmap\dut.baseline.transition.$procmux$3222.
    dead port 2/2 on $mux $techmap\dut.baseline.transition.$procmux$3249.
    dead port 2/2 on $mux $techmap\law.$procmux$2499.
    dead port 1/2 on $mux $techmap\law.$procmux$2502.
    dead port 2/2 on $mux $techmap\law.$procmux$2504.
    dead port 2/2 on $mux $techmap\dut.baseline.transition.$procmux$3251.
    dead port 2/2 on $mux $techmap\law.$procmux$2514.
    dead port 2/2 on $mux $techmap\law.$procmux$2516.
    dead port 2/2 on $mux $techmap\dut.baseline.transition.$procmux$5210.
    dead port 1/2 on $mux $techmap\dut.baseline.transition.$procmux$1347.
    dead port 2/2 on $mux $techmap\dut.baseline.transition.$procmux$3253.
    dead port 1/2 on $mux $techmap\dut.baseline.transition.$procmux$3256.
    dead port 2/2 on $mux $techmap\dut.baseline.transition.$procmux$3258.
    dead port 2/2 on $mux $techmap\law.$procmux$2518.
    dead port 1/2 on $mux $techmap\law.$procmux$2521.
    dead port 2/2 on $mux $techmap\law.$procmux$2523.
    dead port 2/2 on $mux $techmap\law.$procmux$2531.
    dead port 2/2 on $mux $techmap\dut.baseline.transition.$procmux$3273.
    dead port 2/2 on $mux $techmap\dut.baseline.transition.$procmux$3275.
    dead port 2/2 on $mux $techmap\dut.baseline.transition.$procmux$1349.
    dead port 2/2 on $mux $techmap\dut.baseline.transition.$procmux$3277.
    dead port 2/2 on $mux $techmap\law.$procmux$2533.
    dead port 1/2 on $mux $techmap\law.$procmux$2536.
    dead port 2/2 on $mux $techmap\law.$procmux$2538.
    dead port 2/2 on $mux $techmap\law.$procmux$2546.
    dead port 1/2 on $mux $techmap\dut.baseline.transition.$procmux$3280.
    dead port 2/2 on $mux $techmap\dut.baseline.transition.$procmux$3282.
    dead port 2/2 on $mux $techmap\dut.baseline.transition.$procmux$3313.
    dead port 2/2 on $mux $techmap\law.$procmux$2548.
    dead port 1/2 on $mux $techmap\law.$procmux$2551.
    dead port 2/2 on $mux $techmap\law.$procmux$2553.
    dead port 2/2 on $mux $techmap\dut.baseline.transition.$procmux$3315.
    dead port 2/2 on $mux $techmap\dut.baseline.transition.$procmux$3317.
    dead port 1/2 on $mux $techmap\dut.baseline.transition.$procmux$3320.
    dead port 2/2 on $mux $techmap\dut.baseline.transition.$procmux$3322.
    dead port 2/2 on $mux $techmap\dut.baseline.transition.$procmux$3345.
    dead port 2/2 on $mux $techmap\dut.baseline.transition.$procmux$3347.
    dead port 2/2 on $mux $techmap\dut.baseline.transition.$procmux$3349.
    dead port 1/2 on $mux $techmap\dut.baseline.transition.$procmux$3352.
    dead port 2/2 on $mux $techmap\dut.baseline.transition.$procmux$3354.
    dead port 2/2 on $mux $techmap\law.$procmux$2581.
    dead port 1/2 on $mux $techmap\law.$procmux$2584.
    dead port 2/2 on $mux $techmap\law.$procmux$2586.
    dead port 2/2 on $mux $techmap\law.$procmux$2595.
    dead port 2/2 on $mux $techmap\law.$procmux$2597.
    dead port 1/2 on $mux $techmap\law.$procmux$2600.
    dead port 2/2 on $mux $techmap\law.$procmux$2602.
    dead port 2/2 on $mux $techmap\law.$procmux$2611.
    dead port 2/2 on $mux $techmap\dut.baseline.transition.$procmux$3365.
    dead port 2/2 on $mux $techmap\law.$procmux$2613.
    dead port 1/2 on $mux $techmap\law.$procmux$2616.
    dead port 2/2 on $mux $techmap\law.$procmux$2618.
    dead port 2/2 on $mux $techmap\law.$procmux$2627.
    dead port 2/2 on $mux $techmap\dut.baseline.transition.$procmux$3367.
    dead port 2/2 on $mux $techmap\law.$procmux$2629.
    dead port 1/2 on $mux $techmap\law.$procmux$2632.
    dead port 2/2 on $mux $techmap\law.$procmux$2634.
    dead port 2/2 on $mux $techmap\dut.baseline.transition.$procmux$5227.
    dead port 2/2 on $mux $techmap\dut.baseline.transition.$procmux$1368.
    dead port 2/2 on $mux $techmap\dut.baseline.transition.$procmux$3369.
    dead port 1/2 on $mux $techmap\dut.baseline.transition.$procmux$3372.
    dead port 2/2 on $mux $techmap\dut.baseline.transition.$procmux$3374.
    dead port 2/2 on $mux $techmap\dut.baseline.transition.$procmux$3389.
    dead port 2/2 on $mux $techmap\law.$procmux$2645.
    dead port 1/2 on $mux $techmap\law.$procmux$2648.
    dead port 2/2 on $mux $techmap\law.$procmux$2650.
    dead port 2/2 on $mux $techmap\dut.baseline.transition.$procmux$5229.
    dead port 2/2 on $mux $techmap\dut.baseline.transition.$procmux$3391.
    dead port 2/2 on $mux $techmap\dut.baseline.transition.$procmux$3393.
    dead port 1/2 on $mux $techmap\dut.baseline.transition.$procmux$3396.
    dead port 2/2 on $mux $techmap\dut.baseline.transition.$procmux$3398.
    dead port 2/2 on $mux $techmap\dut.baseline.transition.$procmux$1370.
    dead port 2/2 on $mux $techmap\law.$procmux$2660.
    dead port 1/2 on $mux $techmap\law.$procmux$2663.
    dead port 2/2 on $mux $techmap\law.$procmux$2665.
    dead port 2/2 on $mux $techmap\dut.baseline.transition.$procmux$1372.
    dead port 2/2 on $mux $techmap\dut.baseline.transition.$procmux$3411.
    dead port 2/2 on $mux $techmap\law.$procmux$2678.
    dead port 2/2 on $mux $techmap\law.$procmux$2680.
    dead port 2/2 on $mux $techmap\dut.baseline.transition.$procmux$3413.
    dead port 2/2 on $mux $techmap\dut.baseline.transition.$procmux$5231.
    dead port 2/2 on $mux $techmap\dut.baseline.transition.$procmux$3415.
    dead port 1/2 on $mux $techmap\dut.baseline.transition.$procmux$3418.
    dead port 2/2 on $mux $techmap\dut.baseline.transition.$procmux$3420.
    dead port 2/2 on $mux $techmap\law.$procmux$2682.
    dead port 1/2 on $mux $techmap\law.$procmux$2685.
    dead port 2/2 on $mux $techmap\law.$procmux$2687.
    dead port 2/2 on $mux $techmap\law.$procmux$2696.
    dead port 2/2 on $mux $techmap\law.$procmux$2698.
    dead port 1/2 on $mux $techmap\law.$procmux$2701.
    dead port 2/2 on $mux $techmap\law.$procmux$2703.
    dead port 2/2 on $mux $techmap\law.$procmux$2717.
    dead port 2/2 on $mux $techmap\law.$procmux$2719.
    dead port 2/2 on $mux $techmap\law.$procmux$2721.
    dead port 1/2 on $mux $techmap\law.$procmux$2724.
    dead port 2/2 on $mux $techmap\law.$procmux$2726.
    dead port 2/2 on $mux $techmap\law.$procmux$2742.
    dead port 2/2 on $mux $techmap\law.$procmux$2744.
    dead port 2/2 on $mux $techmap\law.$procmux$2746.
    dead port 1/2 on $mux $techmap\law.$procmux$2749.
    dead port 2/2 on $mux $techmap\law.$procmux$2751.
    dead port 2/2 on $mux $techmap\law.$procmux$2769.
    dead port 2/2 on $mux $techmap\law.$procmux$2771.
    dead port 2/2 on $mux $techmap\law.$procmux$2773.
    dead port 1/2 on $mux $techmap\law.$procmux$2776.
    dead port 2/2 on $mux $techmap\law.$procmux$2778.
    dead port 2/2 on $mux $techmap\law.$procmux$2798.
    dead port 2/2 on $mux $techmap\law.$procmux$2800.
    dead port 2/2 on $mux $techmap\dut.baseline.transition.$procmux$3437.
    dead port 2/2 on $mux $techmap\law.$procmux$2802.
    dead port 1/2 on $mux $techmap\law.$procmux$2805.
    dead port 2/2 on $mux $techmap\law.$procmux$2807.
    dead port 2/2 on $mux $techmap\law.$procmux$2829.
    dead port 2/2 on $mux $techmap\law.$procmux$2831.
    dead port 2/2 on $mux $techmap\dut.baseline.transition.$procmux$3439.
    dead port 2/2 on $mux $techmap\law.$procmux$2833.
    dead port 1/2 on $mux $techmap\law.$procmux$2836.
    dead port 2/2 on $mux $techmap\law.$procmux$2838.
    dead port 2/2 on $mux $techmap\law.$procmux$2862.
    dead port 2/2 on $mux $techmap\law.$procmux$2864.
    dead port 2/2 on $mux $techmap\law.$procmux$2866.
    dead port 1/2 on $mux $techmap\law.$procmux$2869.
    dead port 2/2 on $mux $techmap\law.$procmux$2871.
    dead port 2/2 on $mux $techmap\law.$procmux$2897.
    dead port 2/2 on $mux $techmap\law.$procmux$2899.
    dead port 2/2 on $mux $techmap\dut.baseline.transition.$procmux$3441.
    dead port 2/2 on $mux $techmap\law.$procmux$2901.
    dead port 1/2 on $mux $techmap\law.$procmux$2904.
    dead port 2/2 on $mux $techmap\law.$procmux$2906.
    dead port 2/2 on $mux $techmap\law.$procmux$2934.
    dead port 2/2 on $mux $techmap\law.$procmux$2936.
    dead port 1/2 on $mux $techmap\dut.baseline.transition.$procmux$3444.
    dead port 2/2 on $mux $techmap\law.$procmux$2938.
    dead port 1/2 on $mux $techmap\law.$procmux$2941.
    dead port 2/2 on $mux $techmap\law.$procmux$2943.
    dead port 2/2 on $mux $techmap\law.$procmux$2973.
    dead port 2/2 on $mux $techmap\law.$procmux$2975.
    dead port 2/2 on $mux $techmap\dut.baseline.transition.$procmux$3446.
    dead port 2/2 on $mux $techmap\law.$procmux$2977.
    dead port 1/2 on $mux $techmap\law.$procmux$2980.
    dead port 2/2 on $mux $techmap\law.$procmux$2982.
    dead port 2/2 on $mux $techmap\law.$procmux$3014.
    dead port 2/2 on $mux $techmap\law.$procmux$3016.
    dead port 2/2 on $mux $techmap\law.$procmux$3018.
    dead port 1/2 on $mux $techmap\law.$procmux$3021.
    dead port 2/2 on $mux $techmap\law.$procmux$3023.
    dead port 2/2 on $mux $techmap\law.$procmux$3035.
    dead port 2/2 on $mux $techmap\law.$procmux$3037.
    dead port 2/2 on $mux $techmap\law.$procmux$3039.
    dead port 1/2 on $mux $techmap\law.$procmux$3042.
    dead port 2/2 on $mux $techmap\law.$procmux$3044.
    dead port 2/2 on $mux $techmap\law.$procmux$3061.
    dead port 2/2 on $mux $techmap\law.$procmux$3063.
    dead port 2/2 on $mux $techmap\law.$procmux$3065.
    dead port 1/2 on $mux $techmap\law.$procmux$3068.
    dead port 2/2 on $mux $techmap\law.$procmux$3070.
    dead port 2/2 on $mux $techmap\law.$procmux$3091.
    dead port 2/2 on $mux $techmap\law.$procmux$3093.
    dead port 2/2 on $mux $techmap\law.$procmux$3095.
    dead port 1/2 on $mux $techmap\law.$procmux$3098.
    dead port 2/2 on $mux $techmap\law.$procmux$3100.
    dead port 2/2 on $mux $techmap\law.$procmux$3125.
    dead port 2/2 on $mux $techmap\law.$procmux$3127.
    dead port 2/2 on $mux $techmap\dut.baseline.transition.$procmux$3465.
    dead port 2/2 on $mux $techmap\law.$procmux$3129.
    dead port 1/2 on $mux $techmap\law.$procmux$3132.
    dead port 2/2 on $mux $techmap\law.$procmux$3134.
    dead port 2/2 on $mux $techmap\law.$procmux$3163.
    dead port 2/2 on $mux $techmap\law.$procmux$3165.
    dead port 2/2 on $mux $techmap\dut.baseline.transition.$procmux$3467.
    dead port 2/2 on $mux $techmap\law.$procmux$3167.
    dead port 1/2 on $mux $techmap\law.$procmux$3170.
    dead port 2/2 on $mux $techmap\law.$procmux$3172.
    dead port 2/2 on $mux $techmap\law.$procmux$3185.
    dead port 2/2 on $mux $techmap\law.$procmux$3187.
    dead port 2/2 on $mux $techmap\law.$procmux$3189.
    dead port 1/2 on $mux $techmap\law.$procmux$3192.
    dead port 2/2 on $mux $techmap\law.$procmux$3194.
    dead port 2/2 on $mux $techmap\law.$procmux$3213.
    dead port 2/2 on $mux $techmap\law.$procmux$3215.
    dead port 2/2 on $mux $techmap\dut.baseline.transition.$procmux$3469.
    dead port 2/2 on $mux $techmap\law.$procmux$3217.
    dead port 1/2 on $mux $techmap\law.$procmux$3220.
    dead port 2/2 on $mux $techmap\law.$procmux$3222.
    dead port 2/2 on $mux $techmap\law.$procmux$3249.
    dead port 2/2 on $mux $techmap\law.$procmux$3251.
    dead port 1/2 on $mux $techmap\dut.baseline.transition.$procmux$3472.
    dead port 2/2 on $mux $techmap\law.$procmux$3253.
    dead port 1/2 on $mux $techmap\law.$procmux$3256.
    dead port 2/2 on $mux $techmap\law.$procmux$3258.
    dead port 2/2 on $mux $techmap\law.$procmux$3273.
    dead port 2/2 on $mux $techmap\law.$procmux$3275.
    dead port 2/2 on $mux $techmap\dut.baseline.transition.$procmux$3474.
    dead port 2/2 on $mux $techmap\law.$procmux$3277.
    dead port 1/2 on $mux $techmap\law.$procmux$3280.
    dead port 2/2 on $mux $techmap\law.$procmux$3282.
    dead port 2/2 on $mux $techmap\law.$procmux$3313.
    dead port 2/2 on $mux $techmap\law.$procmux$3315.
    dead port 2/2 on $mux $techmap\law.$procmux$3317.
    dead port 1/2 on $mux $techmap\law.$procmux$3320.
    dead port 2/2 on $mux $techmap\law.$procmux$3322.
    dead port 2/2 on $mux $techmap\law.$procmux$3345.
    dead port 2/2 on $mux $techmap\law.$procmux$3347.
    dead port 2/2 on $mux $techmap\law.$procmux$3349.
    dead port 1/2 on $mux $techmap\law.$procmux$3352.
    dead port 2/2 on $mux $techmap\law.$procmux$3354.
    dead port 2/2 on $mux $techmap\law.$procmux$3365.
    dead port 2/2 on $mux $techmap\law.$procmux$3367.
    dead port 2/2 on $mux $techmap\law.$procmux$3369.
    dead port 1/2 on $mux $techmap\law.$procmux$3372.
    dead port 2/2 on $mux $techmap\law.$procmux$3374.
    dead port 2/2 on $mux $techmap\law.$procmux$3389.
    dead port 2/2 on $mux $techmap\law.$procmux$3391.
    dead port 2/2 on $mux $techmap\law.$procmux$3393.
    dead port 1/2 on $mux $techmap\law.$procmux$3396.
    dead port 2/2 on $mux $techmap\law.$procmux$3398.
    dead port 2/2 on $mux $techmap\dut.baseline.transition.$procmux$3495.
    dead port 2/2 on $mux $techmap\dut.baseline.transition.$procmux$3497.
    dead port 2/2 on $mux $techmap\law.$procmux$3411.
    dead port 2/2 on $mux $techmap\law.$procmux$3413.
    dead port 2/2 on $mux $techmap\dut.baseline.transition.$procmux$1374.
    dead port 2/2 on $mux $techmap\law.$procmux$3415.
    dead port 1/2 on $mux $techmap\law.$procmux$3418.
    dead port 2/2 on $mux $techmap\law.$procmux$3420.
    dead port 2/2 on $mux $techmap\dut.baseline.transition.$procmux$3499.
    dead port 2/2 on $mux $techmap\law.$procmux$3437.
    dead port 2/2 on $mux $techmap\law.$procmux$3439.
    dead port 1/2 on $mux $techmap\dut.baseline.transition.$procmux$3502.
    dead port 2/2 on $mux $techmap\law.$procmux$3441.
    dead port 1/2 on $mux $techmap\law.$procmux$3444.
    dead port 2/2 on $mux $techmap\law.$procmux$3446.
    dead port 2/2 on $mux $techmap\dut.baseline.transition.$procmux$3504.
    dead port 2/2 on $mux $techmap\law.$procmux$3465.
    dead port 2/2 on $mux $techmap\law.$procmux$3467.
    dead port 2/2 on $mux $techmap\law.$procmux$3469.
    dead port 1/2 on $mux $techmap\law.$procmux$3472.
    dead port 2/2 on $mux $techmap\law.$procmux$3474.
    dead port 1/2 on $mux $techmap\dut.baseline.transition.$procmux$1377.
    dead port 2/2 on $mux $techmap\law.$procmux$3495.
    dead port 2/2 on $mux $techmap\law.$procmux$3497.
    dead port 2/2 on $mux $techmap\law.$procmux$3499.
    dead port 1/2 on $mux $techmap\law.$procmux$3502.
    dead port 2/2 on $mux $techmap\law.$procmux$3504.
    dead port 2/2 on $mux $techmap\law.$procmux$3527.
    dead port 2/2 on $mux $techmap\law.$procmux$3529.
    dead port 2/2 on $mux $techmap\dut.baseline.transition.$procmux$3527.
    dead port 2/2 on $mux $techmap\law.$procmux$3531.
    dead port 1/2 on $mux $techmap\law.$procmux$3534.
    dead port 2/2 on $mux $techmap\law.$procmux$3536.
    dead port 2/2 on $mux $techmap\dut.baseline.transition.$procmux$3529.
    dead port 2/2 on $mux $techmap\law.$procmux$3561.
    dead port 2/2 on $mux $techmap\law.$procmux$3563.
    dead port 2/2 on $mux $techmap\dut.baseline.transition.$procmux$1379.
    dead port 2/2 on $mux $techmap\law.$procmux$3565.
    dead port 1/2 on $mux $techmap\law.$procmux$3568.
    dead port 2/2 on $mux $techmap\law.$procmux$3570.
    dead port 2/2 on $mux $techmap\dut.baseline.transition.$procmux$3531.
    dead port 2/2 on $mux $techmap\law.$procmux$3597.
    dead port 2/2 on $mux $techmap\law.$procmux$3599.
    dead port 1/2 on $mux $techmap\dut.baseline.transition.$procmux$3534.
    dead port 2/2 on $mux $techmap\law.$procmux$3601.
    dead port 1/2 on $mux $techmap\law.$procmux$3604.
    dead port 2/2 on $mux $techmap\law.$procmux$3606.
    dead port 2/2 on $mux $techmap\dut.baseline.transition.$procmux$3536.
    dead port 2/2 on $mux $techmap\law.$procmux$3635.
    dead port 2/2 on $mux $techmap\law.$procmux$3637.
    dead port 2/2 on $mux $techmap\law.$procmux$3639.
    dead port 1/2 on $mux $techmap\law.$procmux$3642.
    dead port 2/2 on $mux $techmap\law.$procmux$3644.
    dead port 2/2 on $mux $techmap\law.$procmux$3674.
    dead port 2/2 on $mux $techmap\law.$procmux$3676.
    dead port 2/2 on $mux $techmap\law.$procmux$3678.
    dead port 1/2 on $mux $techmap\law.$procmux$3681.
    dead port 2/2 on $mux $techmap\law.$procmux$3683.
    dead port 2/2 on $mux $techmap\dut.baseline.transition.$procmux$3561.
    dead port 2/2 on $mux $techmap\law.$procmux$3695.
    dead port 2/2 on $mux $techmap\law.$procmux$3697.
    dead port 2/2 on $mux $techmap\dut.baseline.transition.$procmux$3563.
    dead port 2/2 on $mux $techmap\law.$procmux$3699.
    dead port 1/2 on $mux $techmap\law.$procmux$3702.
    dead port 2/2 on $mux $techmap\law.$procmux$3704.
    dead port 2/2 on $mux $techmap\dut.baseline.transition.$procmux$3565.
    dead port 1/2 on $mux $techmap\dut.baseline.transition.$procmux$3568.
    dead port 2/2 on $mux $techmap\law.$procmux$3720.
    dead port 2/2 on $mux $techmap\law.$procmux$3722.
    dead port 2/2 on $mux $techmap\dut.baseline.transition.$procmux$3570.
    dead port 2/2 on $mux $techmap\law.$procmux$3724.
    dead port 1/2 on $mux $techmap\law.$procmux$3727.
    dead port 2/2 on $mux $techmap\law.$procmux$3729.
    dead port 2/2 on $mux $techmap\dut.baseline.transition.$procmux$1402.
    dead port 2/2 on $mux $techmap\law.$procmux$3749.
    dead port 2/2 on $mux $techmap\law.$procmux$3751.
    dead port 2/2 on $mux $techmap\law.$procmux$3753.
    dead port 1/2 on $mux $techmap\law.$procmux$3756.
    dead port 2/2 on $mux $techmap\law.$procmux$3758.
    dead port 2/2 on $mux $techmap\dut.baseline.transition.$procmux$3597.
    dead port 2/2 on $mux $techmap\dut.baseline.transition.$procmux$3599.
    dead port 2/2 on $mux $techmap\law.$procmux$3782.
    dead port 2/2 on $mux $techmap\law.$procmux$3784.
    dead port 2/2 on $mux $techmap\dut.baseline.transition.$procmux$3601.
    dead port 2/2 on $mux $techmap\law.$procmux$3786.
    dead port 1/2 on $mux $techmap\law.$procmux$3789.
    dead port 2/2 on $mux $techmap\law.$procmux$3791.
    dead port 1/2 on $mux $techmap\dut.baseline.transition.$procmux$3604.
    dead port 2/2 on $mux $techmap\dut.baseline.transition.$procmux$3606.
    dead port 2/2 on $mux $techmap\law.$procmux$3819.
    dead port 2/2 on $mux $techmap\law.$procmux$3821.
    dead port 2/2 on $mux $techmap\dut.baseline.transition.$procmux$1404.
    dead port 2/2 on $mux $techmap\law.$procmux$3823.
    dead port 1/2 on $mux $techmap\law.$procmux$3826.
    dead port 2/2 on $mux $techmap\law.$procmux$3828.
    dead port 2/2 on $mux $techmap\law.$procmux$3858.
    dead port 2/2 on $mux $techmap\law.$procmux$3860.
    dead port 2/2 on $mux $techmap\law.$procmux$3862.
    dead port 1/2 on $mux $techmap\law.$procmux$3865.
    dead port 2/2 on $mux $techmap\law.$procmux$3867.
    dead port 2/2 on $mux $techmap\dut.baseline.transition.$procmux$3635.
    dead port 2/2 on $mux $techmap\dut.baseline.transition.$procmux$3637.
    dead port 2/2 on $mux $techmap\dut.baseline.transition.$procmux$1406.
    dead port 2/2 on $mux $techmap\law.$procmux$3885.
    dead port 2/2 on $mux $techmap\law.$procmux$3887.
    dead port 2/2 on $mux $techmap\dut.baseline.transition.$procmux$3639.
    dead port 2/2 on $mux $techmap\law.$procmux$3889.
    dead port 1/2 on $mux $techmap\law.$procmux$3892.
    dead port 2/2 on $mux $techmap\law.$procmux$3894.
    dead port 1/2 on $mux $techmap\dut.baseline.transition.$procmux$3642.
    dead port 2/2 on $mux $techmap\dut.baseline.transition.$procmux$3644.
    dead port 2/2 on $mux $techmap\law.$procmux$3908.
    dead port 2/2 on $mux $techmap\law.$procmux$3910.
    dead port 1/2 on $mux $techmap\dut.baseline.transition.$procmux$5234.
    dead port 2/2 on $mux $techmap\law.$procmux$3912.
    dead port 1/2 on $mux $techmap\law.$procmux$3915.
    dead port 2/2 on $mux $techmap\law.$procmux$3917.
    dead port 2/2 on $mux $techmap\dut.baseline.transition.$procmux$3674.
    dead port 2/2 on $mux $techmap\dut.baseline.transition.$procmux$3676.
    dead port 2/2 on $mux $techmap\law.$procmux$3939.
    dead port 2/2 on $mux $techmap\law.$procmux$3941.
    dead port 2/2 on $mux $techmap\law.$procmux$3943.
    dead port 1/2 on $mux $techmap\law.$procmux$3946.
    dead port 2/2 on $mux $techmap\law.$procmux$3948.
    dead port 2/2 on $mux $techmap\dut.baseline.transition.$procmux$3678.
    dead port 1/2 on $mux $techmap\dut.baseline.transition.$procmux$3681.
    dead port 2/2 on $mux $techmap\dut.baseline.transition.$procmux$3683.
    dead port 2/2 on $mux $techmap\law.$procmux$3978.
    dead port 2/2 on $mux $techmap\law.$procmux$3980.
    dead port 2/2 on $mux $techmap\law.$procmux$3982.
    dead port 1/2 on $mux $techmap\law.$procmux$3985.
    dead port 2/2 on $mux $techmap\law.$procmux$3987.
    dead port 2/2 on $mux $techmap\dut.baseline.transition.$procmux$3695.
    dead port 2/2 on $mux $techmap\law.$procmux$4013.
    dead port 2/2 on $mux $techmap\law.$procmux$4015.
    dead port 2/2 on $mux $techmap\dut.baseline.transition.$procmux$3697.
    dead port 2/2 on $mux $techmap\law.$procmux$4017.
    dead port 1/2 on $mux $techmap\law.$procmux$4020.
    dead port 2/2 on $mux $techmap\law.$procmux$4022.
    dead port 2/2 on $mux $techmap\law.$procmux$4033.
    dead port 2/2 on $mux $techmap\law.$procmux$4035.
    dead port 2/2 on $mux $techmap\law.$procmux$4037.
    dead port 1/2 on $mux $techmap\law.$procmux$4040.
    dead port 2/2 on $mux $techmap\law.$procmux$4042.
    dead port 2/2 on $mux $techmap\law.$procmux$4053.
    dead port 2/2 on $mux $techmap\law.$procmux$4055.
    dead port 2/2 on $mux $techmap\dut.baseline.transition.$procmux$3699.
    dead port 2/2 on $mux $techmap\law.$procmux$4057.
    dead port 1/2 on $mux $techmap\law.$procmux$4060.
    dead port 2/2 on $mux $techmap\law.$procmux$4062.
    dead port 2/2 on $mux $techmap\law.$procmux$4073.
    dead port 2/2 on $mux $techmap\law.$procmux$4075.
    dead port 1/2 on $mux $techmap\dut.baseline.transition.$procmux$3702.
    dead port 2/2 on $mux $techmap\law.$procmux$4077.
    dead port 1/2 on $mux $techmap\law.$procmux$4080.
    dead port 2/2 on $mux $techmap\law.$procmux$4082.
    dead port 2/2 on $mux $techmap\law.$procmux$4097.
    dead port 2/2 on $mux $techmap\law.$procmux$4099.
    dead port 2/2 on $mux $techmap\dut.baseline.transition.$procmux$3704.
    dead port 2/2 on $mux $techmap\law.$procmux$4101.
    dead port 1/2 on $mux $techmap\law.$procmux$4104.
    dead port 2/2 on $mux $techmap\law.$procmux$4106.
    dead port 2/2 on $mux $techmap\law.$procmux$4119.
    dead port 2/2 on $mux $techmap\law.$procmux$4121.
    dead port 2/2 on $mux $techmap\dut.baseline.transition.$procmux$1408.
    dead port 2/2 on $mux $techmap\law.$procmux$4123.
    dead port 1/2 on $mux $techmap\law.$procmux$4126.
    dead port 2/2 on $mux $techmap\law.$procmux$4128.
    dead port 1/2 on $mux $techmap\dut.baseline.transition.$procmux$1411.
    dead port 2/2 on $mux $techmap\law.$procmux$4145.
    dead port 2/2 on $mux $techmap\law.$procmux$4147.
    dead port 2/2 on $mux $techmap\dut.baseline.transition.$procmux$3720.
    dead port 2/2 on $mux $techmap\law.$procmux$4149.
    dead port 1/2 on $mux $techmap\law.$procmux$4152.
    dead port 2/2 on $mux $techmap\law.$procmux$4154.
    dead port 2/2 on $mux $techmap\dut.baseline.transition.$procmux$3722.
    dead port 2/2 on $mux $techmap\law.$procmux$4173.
    dead port 2/2 on $mux $techmap\law.$procmux$4175.
    dead port 2/2 on $mux $techmap\dut.baseline.transition.$procmux$1413.
    dead port 2/2 on $mux $techmap\law.$procmux$4177.
    dead port 1/2 on $mux $techmap\law.$procmux$4180.
    dead port 2/2 on $mux $techmap\law.$procmux$4182.
    dead port 2/2 on $mux $techmap\dut.baseline.transition.$procmux$3724.
    dead port 2/2 on $mux $techmap\law.$procmux$4203.
    dead port 2/2 on $mux $techmap\law.$procmux$4205.
    dead port 1/2 on $mux $techmap\dut.baseline.transition.$procmux$3727.
    dead port 2/2 on $mux $techmap\law.$procmux$4207.
    dead port 1/2 on $mux $techmap\law.$procmux$4210.
    dead port 2/2 on $mux $techmap\law.$procmux$4212.
    dead port 2/2 on $mux $techmap\dut.baseline.transition.$procmux$3729.
    dead port 2/2 on $mux $techmap\law.$procmux$4235.
    dead port 2/2 on $mux $techmap\law.$procmux$4237.
    dead port 2/2 on $mux $techmap\law.$procmux$4239.
    dead port 1/2 on $mux $techmap\law.$procmux$4242.
    dead port 2/2 on $mux $techmap\law.$procmux$4244.
    dead port 2/2 on $mux $techmap\law.$procmux$4269.
    dead port 2/2 on $mux $techmap\law.$procmux$4271.
    dead port 2/2 on $mux $techmap\law.$procmux$4273.
    dead port 1/2 on $mux $techmap\law.$procmux$4276.
    dead port 2/2 on $mux $techmap\law.$procmux$4278.
    dead port 2/2 on $mux $techmap\dut.baseline.transition.$procmux$1440.
    dead port 2/2 on $mux $techmap\law.$procmux$4305.
    dead port 2/2 on $mux $techmap\law.$procmux$4307.
    dead port 2/2 on $mux $techmap\dut.baseline.transition.$procmux$3749.
    dead port 2/2 on $mux $techmap\law.$procmux$4309.
    dead port 1/2 on $mux $techmap\law.$procmux$4312.
    dead port 2/2 on $mux $techmap\law.$procmux$4314.
    dead port 2/2 on $mux $techmap\dut.baseline.transition.$procmux$3751.
    dead port 2/2 on $mux $techmap\law.$procmux$4343.
    dead port 2/2 on $mux $techmap\law.$procmux$4345.
    dead port 2/2 on $mux $techmap\law.$procmux$4347.
    dead port 1/2 on $mux $techmap\law.$procmux$4350.
    dead port 2/2 on $mux $techmap\law.$procmux$4352.
    dead port 2/2 on $mux $techmap\dut.baseline.transition.$procmux$3753.
    dead port 2/2 on $mux $techmap\law.$procmux$4382.
    dead port 2/2 on $mux $techmap\law.$procmux$4384.
    dead port 1/2 on $mux $techmap\dut.baseline.transition.$procmux$3756.
    dead port 2/2 on $mux $techmap\law.$procmux$4386.
    dead port 1/2 on $mux $techmap\law.$procmux$4389.
    dead port 2/2 on $mux $techmap\law.$procmux$4391.
    dead port 2/2 on $mux $techmap\dut.baseline.transition.$procmux$3758.
    dead port 2/2 on $mux $techmap\law.$procmux$4403.
    dead port 2/2 on $mux $techmap\law.$procmux$4405.
    dead port 2/2 on $mux $techmap\dut.baseline.transition.$procmux$1442.
    dead port 2/2 on $mux $techmap\law.$procmux$4407.
    dead port 1/2 on $mux $techmap\law.$procmux$4410.
    dead port 2/2 on $mux $techmap\law.$procmux$4412.
    dead port 2/2 on $mux $techmap\dut.baseline.transition.$procmux$1444.
    dead port 2/2 on $mux $techmap\dut.baseline.transition.$procmux$5236.
    dead port 2/2 on $mux $techmap\dut.baseline.transition.$procmux$3782.
    dead port 2/2 on $mux $techmap\law.$procmux$4428.
    dead port 2/2 on $mux $techmap\law.$procmux$4430.
    dead port 2/2 on $mux $techmap\dut.baseline.transition.$procmux$3784.
    dead port 2/2 on $mux $techmap\law.$procmux$4432.
    dead port 1/2 on $mux $techmap\law.$procmux$4435.
    dead port 2/2 on $mux $techmap\law.$procmux$4437.
    dead port 2/2 on $mux $techmap\dut.baseline.transition.$procmux$3786.
    dead port 1/2 on $mux $techmap\dut.baseline.transition.$procmux$3789.
    dead port 2/2 on $mux $techmap\law.$procmux$4457.
    dead port 2/2 on $mux $techmap\law.$procmux$4459.
    dead port 2/2 on $mux $techmap\dut.baseline.transition.$procmux$3791.
    dead port 2/2 on $mux $techmap\law.$procmux$4461.
    dead port 1/2 on $mux $techmap\law.$procmux$4464.
    dead port 2/2 on $mux $techmap\law.$procmux$4466.
    dead port 2/2 on $mux $techmap\law.$procmux$4490.
    dead port 2/2 on $mux $techmap\law.$procmux$4492.
    dead port 2/2 on $mux $techmap\law.$procmux$4494.
    dead port 1/2 on $mux $techmap\law.$procmux$4497.
    dead port 2/2 on $mux $techmap\law.$procmux$4499.
    dead port 2/2 on $mux $techmap\dut.baseline.transition.$procmux$3819.
    dead port 2/2 on $mux $techmap\dut.baseline.transition.$procmux$3821.
    dead port 2/2 on $mux $techmap\law.$procmux$4527.
    dead port 2/2 on $mux $techmap\law.$procmux$4529.
    dead port 2/2 on $mux $techmap\dut.baseline.transition.$procmux$3823.
    dead port 2/2 on $mux $techmap\law.$procmux$4531.
    dead port 1/2 on $mux $techmap\law.$procmux$4534.
    dead port 2/2 on $mux $techmap\law.$procmux$4536.
    dead port 1/2 on $mux $techmap\dut.baseline.transition.$procmux$3826.
    dead port 2/2 on $mux $techmap\law.$procmux$4566.
    dead port 2/2 on $mux $techmap\law.$procmux$4568.
    dead port 2/2 on $mux $techmap\dut.baseline.transition.$procmux$3828.
    dead port 2/2 on $mux $techmap\law.$procmux$4570.
    dead port 1/2 on $mux $techmap\law.$procmux$4573.
    dead port 2/2 on $mux $techmap\law.$procmux$4575.
    dead port 2/2 on $mux $techmap\dut.baseline.transition.$procmux$1446.
    dead port 2/2 on $mux $techmap\dut.baseline.transition.$procmux$3858.
    dead port 2/2 on $mux $techmap\law.$procmux$4593.
    dead port 2/2 on $mux $techmap\law.$procmux$4595.
    dead port 2/2 on $mux $techmap\dut.baseline.transition.$procmux$3860.
    dead port 2/2 on $mux $techmap\law.$procmux$4597.
    dead port 1/2 on $mux $techmap\law.$procmux$4600.
    dead port 2/2 on $mux $techmap\law.$procmux$4602.
    dead port 1/2 on $mux $techmap\dut.baseline.transition.$procmux$1449.
    dead port 2/2 on $mux $techmap\dut.baseline.transition.$procmux$3862.
    dead port 1/2 on $mux $techmap\dut.baseline.transition.$procmux$3865.
    dead port 2/2 on $mux $techmap\law.$procmux$4616.
    dead port 2/2 on $mux $techmap\law.$procmux$4618.
    dead port 2/2 on $mux $techmap\dut.baseline.transition.$procmux$3867.
    dead port 2/2 on $mux $techmap\law.$procmux$4620.
    dead port 1/2 on $mux $techmap\law.$procmux$4623.
    dead port 2/2 on $mux $techmap\law.$procmux$4625.
    dead port 2/2 on $mux $techmap\dut.baseline.transition.$procmux$1451.
    dead port 2/2 on $mux $techmap\law.$procmux$4647.
    dead port 2/2 on $mux $techmap\law.$procmux$4649.
    dead port 2/2 on $mux $techmap\law.$procmux$4651.
    dead port 1/2 on $mux $techmap\law.$procmux$4654.
    dead port 2/2 on $mux $techmap\law.$procmux$4656.
    dead port 2/2 on $mux $techmap\dut.baseline.transition.$procmux$3885.
    dead port 2/2 on $mux $techmap\dut.baseline.transition.$procmux$3887.
    dead port 2/2 on $mux $techmap\dut.baseline.transition.$procmux$1482.
    dead port 2/2 on $mux $techmap\law.$procmux$4686.
    dead port 2/2 on $mux $techmap\law.$procmux$4688.
    dead port 2/2 on $mux $techmap\dut.baseline.transition.$procmux$3889.
    dead port 2/2 on $mux $techmap\law.$procmux$4690.
    dead port 1/2 on $mux $techmap\law.$procmux$4693.
    dead port 2/2 on $mux $techmap\law.$procmux$4695.
    dead port 1/2 on $mux $techmap\dut.baseline.transition.$procmux$3892.
    dead port 2/2 on $mux $techmap\dut.baseline.transition.$procmux$3894.
    dead port 2/2 on $mux $techmap\law.$procmux$4721.
    dead port 2/2 on $mux $techmap\law.$procmux$4723.
    dead port 2/2 on $mux $techmap\law.$procmux$4725.
    dead port 1/2 on $mux $techmap\law.$procmux$4728.
    dead port 2/2 on $mux $techmap\law.$procmux$4730.
    dead port 2/2 on $mux $techmap\law.$procmux$4740.
    dead port 2/2 on $mux $techmap\dut.baseline.transition.$procmux$1484.
    dead port 2/2 on $mux $techmap\law.$procmux$4742.
    dead port 1/2 on $mux $techmap\law.$procmux$4745.
    dead port 2/2 on $mux $techmap\law.$procmux$4747.
    dead port 2/2 on $mux $techmap\law.$procmux$4757.
    dead port 2/2 on $mux $techmap\dut.baseline.transition.$procmux$1486.
    dead port 2/2 on $mux $techmap\law.$procmux$4759.
    dead port 1/2 on $mux $techmap\law.$procmux$4762.
    dead port 2/2 on $mux $techmap\law.$procmux$4764.
    dead port 2/2 on $mux $techmap\law.$procmux$4775.
    dead port 2/2 on $mux $techmap\dut.baseline.transition.$procmux$3908.
    dead port 2/2 on $mux $techmap\law.$procmux$4777.
    dead port 1/2 on $mux $techmap\law.$procmux$4780.
    dead port 2/2 on $mux $techmap\law.$procmux$4782.
    dead port 2/2 on $mux $techmap\law.$procmux$4794.
    dead port 2/2 on $mux $techmap\law.$procmux$4796.
    dead port 2/2 on $mux $techmap\dut.baseline.transition.$procmux$3910.
    dead port 2/2 on $mux $techmap\law.$procmux$4798.
    dead port 1/2 on $mux $techmap\law.$procmux$4801.
    dead port 2/2 on $mux $techmap\law.$procmux$4803.
    dead port 2/2 on $mux $techmap\law.$procmux$4816.
    dead port 2/2 on $mux $techmap\law.$procmux$4818.
    dead port 2/2 on $mux $techmap\law.$procmux$4820.
    dead port 2/2 on $mux $techmap\dut.baseline.transition.$procmux$1719.
    dead port 2/2 on $mux $techmap\law.$procmux$4822.
    dead port 1/2 on $mux $techmap\law.$procmux$4825.
    dead port 2/2 on $mux $techmap\law.$procmux$4827.
    dead port 2/2 on $mux $techmap\law.$procmux$4839.
    dead port 2/2 on $mux $techmap\law.$procmux$4841.
    dead port 2/2 on $mux $techmap\dut.baseline.transition.$procmux$3912.
    dead port 2/2 on $mux $techmap\law.$procmux$4843.
    dead port 1/2 on $mux $techmap\law.$procmux$4846.
    dead port 2/2 on $mux $techmap\law.$procmux$4848.
    dead port 1/2 on $mux $techmap\dut.baseline.transition.$procmux$1722.
    dead port 2/2 on $mux $techmap\law.$procmux$4860.
    dead port 2/2 on $mux $techmap\law.$procmux$4862.
    dead port 1/2 on $mux $techmap\dut.baseline.transition.$procmux$3915.
    dead port 2/2 on $mux $techmap\law.$procmux$4864.
    dead port 1/2 on $mux $techmap\law.$procmux$4867.
    dead port 2/2 on $mux $techmap\law.$procmux$4869.
    dead port 2/2 on $mux $techmap\dut.baseline.transition.$procmux$1724.
    dead port 2/2 on $mux $techmap\dut.baseline.transition.$procmux$5257.
    dead port 2/2 on $mux $techmap\dut.baseline.transition.$procmux$5259.
    dead port 2/2 on $mux $techmap\law.$procmux$4885.
    dead port 2/2 on $mux $techmap\law.$procmux$4887.
    dead port 2/2 on $mux $techmap\dut.baseline.transition.$procmux$3917.
    dead port 2/2 on $mux $techmap\law.$procmux$4889.
    dead port 1/2 on $mux $techmap\law.$procmux$4892.
    dead port 2/2 on $mux $techmap\law.$procmux$4894.
    dead port 2/2 on $mux $techmap\law.$procmux$4908.
    dead port 2/2 on $mux $techmap\law.$procmux$4910.
    dead port 2/2 on $mux $techmap\law.$procmux$4912.
    dead port 1/2 on $mux $techmap\law.$procmux$4915.
    dead port 2/2 on $mux $techmap\law.$procmux$4917.
    dead port 2/2 on $mux $techmap\dut.baseline.transition.$procmux$5261.
    dead port 1/2 on $mux $techmap\dut.baseline.transition.$procmux$5264.
    dead port 2/2 on $mux $techmap\law.$procmux$4935.
    dead port 2/2 on $mux $techmap\law.$procmux$4937.
    dead port 2/2 on $mux $techmap\dut.baseline.transition.$procmux$3939.
    dead port 2/2 on $mux $techmap\law.$procmux$4939.
    dead port 1/2 on $mux $techmap\law.$procmux$4942.
    dead port 2/2 on $mux $techmap\law.$procmux$4944.
    dead port 2/2 on $mux $techmap\dut.baseline.transition.$procmux$3941.
    dead port 2/2 on $mux $techmap\dut.baseline.transition.$procmux$5266.
    dead port 2/2 on $mux $techmap\law.$procmux$4964.
    dead port 2/2 on $mux $techmap\law.$procmux$4966.
    dead port 2/2 on $mux $techmap\law.$procmux$4968.
    dead port 1/2 on $mux $techmap\law.$procmux$4971.
    dead port 2/2 on $mux $techmap\law.$procmux$4973.
    dead port 2/2 on $mux $techmap\dut.baseline.transition.$procmux$3943.
    dead port 2/2 on $mux $techmap\dut.baseline.transition.$procmux$1741.
    dead port 2/2 on $mux $techmap\law.$procmux$4995.
    dead port 2/2 on $mux $techmap\law.$procmux$4997.
    dead port 1/2 on $mux $techmap\dut.baseline.transition.$procmux$3946.
    dead port 2/2 on $mux $techmap\law.$procmux$4999.
    dead port 1/2 on $mux $techmap\law.$procmux$5002.
    dead port 2/2 on $mux $techmap\law.$procmux$5004.
    dead port 2/2 on $mux $techmap\dut.baseline.transition.$procmux$3948.
    dead port 2/2 on $mux $techmap\dut.baseline.transition.$procmux$5291.
    dead port 2/2 on $mux $techmap\dut.baseline.transition.$procmux$5293.
    dead port 2/2 on $mux $techmap\law.$procmux$5028.
    dead port 2/2 on $mux $techmap\law.$procmux$5030.
    dead port 2/2 on $mux $techmap\law.$procmux$5032.
    dead port 1/2 on $mux $techmap\law.$procmux$5035.
    dead port 2/2 on $mux $techmap\law.$procmux$5037.
    dead port 2/2 on $mux $techmap\dut.baseline.transition.$procmux$1743.
    dead port 2/2 on $mux $techmap\dut.baseline.transition.$procmux$5295.
    dead port 2/2 on $mux $techmap\law.$procmux$5063.
    dead port 2/2 on $mux $techmap\law.$procmux$5065.
    dead port 2/2 on $mux $techmap\dut.baseline.transition.$procmux$1488.
    dead port 2/2 on $mux $techmap\law.$procmux$5067.
    dead port 1/2 on $mux $techmap\law.$procmux$5070.
    dead port 2/2 on $mux $techmap\law.$procmux$5072.
    dead port 1/2 on $mux $techmap\dut.baseline.transition.$procmux$1491.
    dead port 1/2 on $mux $techmap\dut.baseline.transition.$procmux$5298.
    dead port 2/2 on $mux $techmap\dut.baseline.transition.$procmux$5300.
    dead port 2/2 on $mux $techmap\law.$procmux$5100.
    dead port 2/2 on $mux $techmap\law.$procmux$5102.
    dead port 2/2 on $mux $techmap\dut.baseline.transition.$procmux$3978.
    dead port 2/2 on $mux $techmap\law.$procmux$5104.
    dead port 1/2 on $mux $techmap\law.$procmux$5107.
    dead port 2/2 on $mux $techmap\law.$procmux$5109.
    dead port 2/2 on $mux $techmap\dut.baseline.transition.$procmux$3980.
    dead port 2/2 on $mux $techmap\dut.baseline.transition.$procmux$1745.
    dead port 2/2 on $mux $techmap\law.$procmux$5139.
    dead port 2/2 on $mux $techmap\law.$procmux$5141.
    dead port 2/2 on $mux $techmap\dut.baseline.transition.$procmux$1493.
    dead port 2/2 on $mux $techmap\law.$procmux$5143.
    dead port 1/2 on $mux $techmap\law.$procmux$5146.
    dead port 2/2 on $mux $techmap\law.$procmux$5148.
    dead port 2/2 on $mux $techmap\dut.baseline.transition.$procmux$3982.
    dead port 2/2 on $mux $techmap\law.$procmux$5179.
    dead port 2/2 on $mux $techmap\law.$procmux$5181.
    dead port 1/2 on $mux $techmap\dut.baseline.transition.$procmux$3985.
    dead port 2/2 on $mux $techmap\law.$procmux$5183.
    dead port 1/2 on $mux $techmap\law.$procmux$5186.
    dead port 2/2 on $mux $techmap\law.$procmux$5188.
    dead port 2/2 on $mux $techmap\dut.baseline.transition.$procmux$3987.
    dead port 2/2 on $mux $techmap\law.$procmux$5201.
    dead port 2/2 on $mux $techmap\law.$procmux$5203.
    dead port 2/2 on $mux $techmap\law.$procmux$5205.
    dead port 1/2 on $mux $techmap\law.$procmux$5208.
    dead port 2/2 on $mux $techmap\law.$procmux$5210.
    dead port 2/2 on $mux $techmap\dut.baseline.transition.$procmux$1508.
    dead port 2/2 on $mux $techmap\dut.baseline.transition.$procmux$4013.
    dead port 2/2 on $mux $techmap\law.$procmux$5227.
    dead port 2/2 on $mux $techmap\law.$procmux$5229.
    dead port 2/2 on $mux $techmap\dut.baseline.transition.$procmux$4015.
    dead port 2/2 on $mux $techmap\law.$procmux$5231.
    dead port 1/2 on $mux $techmap\law.$procmux$5234.
    dead port 2/2 on $mux $techmap\law.$procmux$5236.
    dead port 2/2 on $mux $techmap\dut.baseline.transition.$procmux$4017.
    dead port 1/2 on $mux $techmap\dut.baseline.transition.$procmux$4020.
    dead port 2/2 on $mux $techmap\law.$procmux$5257.
    dead port 2/2 on $mux $techmap\law.$procmux$5259.
    dead port 2/2 on $mux $techmap\dut.baseline.transition.$procmux$4022.
    dead port 2/2 on $mux $techmap\law.$procmux$5261.
    dead port 1/2 on $mux $techmap\law.$procmux$5264.
    dead port 2/2 on $mux $techmap\law.$procmux$5266.
    dead port 2/2 on $mux $techmap\dut.baseline.transition.$procmux$4033.
    dead port 2/2 on $mux $techmap\dut.baseline.transition.$procmux$4035.
    dead port 2/2 on $mux $techmap\law.$procmux$5291.
    dead port 2/2 on $mux $techmap\law.$procmux$5293.
    dead port 2/2 on $mux $techmap\dut.baseline.transition.$procmux$1510.
    dead port 2/2 on $mux $techmap\law.$procmux$5295.
    dead port 1/2 on $mux $techmap\law.$procmux$5298.
    dead port 2/2 on $mux $techmap\law.$procmux$5300.
    dead port 2/2 on $mux $techmap\dut.baseline.transition.$procmux$4037.
    dead port 1/2 on $mux $techmap\dut.baseline.transition.$procmux$4040.
    dead port 2/2 on $mux $techmap\dut.baseline.transition.$procmux$4042.
    dead port 2/2 on $mux $techmap\law.$procmux$5329.
    dead port 2/2 on $mux $techmap\law.$procmux$5331.
    dead port 2/2 on $mux $techmap\law.$procmux$5333.
    dead port 1/2 on $mux $techmap\law.$procmux$5336.
    dead port 2/2 on $mux $techmap\law.$procmux$5338.
    dead port 2/2 on $mux $techmap\dut.baseline.transition.$procmux$4053.
    dead port 2/2 on $mux $techmap\law.$procmux$5369.
    dead port 2/2 on $mux $techmap\law.$procmux$5371.
    dead port 2/2 on $mux $techmap\dut.baseline.transition.$procmux$4055.
    dead port 2/2 on $mux $techmap\law.$procmux$5373.
    dead port 1/2 on $mux $techmap\law.$procmux$5376.
    dead port 2/2 on $mux $techmap\law.$procmux$5378.
    dead port 2/2 on $mux $techmap\dut.baseline.transition.$procmux$1512.
    dead port 2/2 on $mux $techmap\dut.baseline.transition.$procmux$4057.
    dead port 1/2 on $mux $techmap\dut.baseline.transition.$procmux$4060.
    dead port 2/2 on $mux $techmap\law.$procmux$5397.
    dead port 2/2 on $mux $techmap\law.$procmux$5399.
    dead port 2/2 on $mux $techmap\dut.baseline.transition.$procmux$4062.
    dead port 2/2 on $mux $techmap\law.$procmux$5401.
    dead port 1/2 on $mux $techmap\law.$procmux$5404.
    dead port 2/2 on $mux $techmap\law.$procmux$5406.
    dead port 2/2 on $mux $techmap\dut.baseline.transition.$procmux$4073.
    dead port 2/2 on $mux $techmap\law.$procmux$5421.
    dead port 2/2 on $mux $techmap\law.$procmux$5423.
    dead port 2/2 on $mux $techmap\dut.baseline.transition.$procmux$4075.
    dead port 2/2 on $mux $techmap\law.$procmux$5425.
    dead port 1/2 on $mux $techmap\law.$procmux$5428.
    dead port 2/2 on $mux $techmap\law.$procmux$5430.
    dead port 2/2 on $mux $techmap\dut.baseline.transition.$procmux$5329.
    dead port 2/2 on $mux $techmap\dut.baseline.transition.$procmux$4077.
    dead port 1/2 on $mux $techmap\dut.baseline.transition.$procmux$4080.
    dead port 2/2 on $mux $techmap\law.$procmux$5453.
    dead port 2/2 on $mux $techmap\law.$procmux$5455.
    dead port 2/2 on $mux $techmap\dut.baseline.transition.$procmux$4082.
    dead port 2/2 on $mux $techmap\law.$procmux$5457.
    dead port 1/2 on $mux $techmap\law.$procmux$5460.
    dead port 2/2 on $mux $techmap\law.$procmux$5462.
    dead port 2/2 on $mux $techmap\dut.baseline.transition.$procmux$5331.
    dead port 2/2 on $mux $techmap\dut.baseline.transition.$procmux$4721.
    dead port 2/2 on $mux $techmap\law.$procmux$5493.
    dead port 2/2 on $mux $techmap\law.$procmux$5495.
    dead port 2/2 on $mux $techmap\dut.baseline.transition.$procmux$5333.
    dead port 2/2 on $mux $techmap\law.$procmux$5497.
    dead port 1/2 on $mux $techmap\law.$procmux$5500.
    dead port 2/2 on $mux $techmap\law.$procmux$5502.
    dead port 2/2 on $mux $techmap\dut.baseline.transition.$procmux$4097.
    dead port 2/2 on $mux $techmap\dut.baseline.transition.$procmux$4099.
    dead port 1/2 on $mux $techmap\dut.baseline.transition.$procmux$5336.
    dead port 2/2 on $mux $techmap\law.$procmux$5529.
    dead port 2/2 on $mux $techmap\law.$procmux$5531.
    dead port 2/2 on $mux $techmap\dut.baseline.transition.$procmux$4101.
    dead port 2/2 on $mux $techmap\law.$procmux$5533.
    dead port 1/2 on $mux $techmap\law.$procmux$5536.
    dead port 2/2 on $mux $techmap\law.$procmux$5538.
    dead port 2/2 on $mux $techmap\law.$procmux$5549.
    dead port 1/2 on $mux $techmap\dut.baseline.transition.$procmux$4104.
    dead port 2/2 on $mux $techmap\law.$procmux$5551.
    dead port 1/2 on $mux $techmap\law.$procmux$5554.
    dead port 2/2 on $mux $techmap\law.$procmux$5556.
    dead port 2/2 on $mux $techmap\law.$procmux$5567.
    dead port 2/2 on $mux $techmap\dut.baseline.transition.$procmux$4106.
    dead port 2/2 on $mux $techmap\law.$procmux$5569.
    dead port 1/2 on $mux $techmap\law.$procmux$5572.
    dead port 2/2 on $mux $techmap\law.$procmux$5574.
    dead port 2/2 on $mux $techmap\law.$procmux$5586.
    dead port 2/2 on $mux $techmap\law.$procmux$5588.
    dead port 2/2 on $mux $techmap\law.$procmux$5590.
    dead port 1/2 on $mux $techmap\law.$procmux$5593.
    dead port 2/2 on $mux $techmap\law.$procmux$5595.
    dead port 2/2 on $mux $techmap\law.$procmux$5607.
    dead port 2/2 on $mux $techmap\law.$procmux$5609.
    dead port 1/2 on $mux $techmap\law.$procmux$5612.
    dead port 2/2 on $mux $techmap\law.$procmux$5614.
    dead port 2/2 on $mux $techmap\law.$procmux$5627.
    dead port 2/2 on $mux $techmap\law.$procmux$5629.
    dead port 2/2 on $mux $techmap\dut.baseline.transition.$procmux$5338.
    dead port 2/2 on $mux $techmap\law.$procmux$5631.
    dead port 1/2 on $mux $techmap\law.$procmux$5634.
    dead port 2/2 on $mux $techmap\law.$procmux$5636.
    dead port 2/2 on $mux $techmap\law.$procmux$5652.
    dead port 2/2 on $mux $techmap\law.$procmux$5654.
    dead port 2/2 on $mux $techmap\law.$procmux$5656.
    dead port 1/2 on $mux $techmap\law.$procmux$5659.
    dead port 2/2 on $mux $techmap\law.$procmux$5661.
    dead port 2/2 on $mux $techmap\law.$procmux$5679.
    dead port 2/2 on $mux $techmap\law.$procmux$5681.
    dead port 2/2 on $mux $techmap\dut.baseline.transition.$procmux$4119.
    dead port 2/2 on $mux $techmap\law.$procmux$5683.
    dead port 1/2 on $mux $techmap\law.$procmux$5686.
    dead port 2/2 on $mux $techmap\law.$procmux$5688.
    dead port 2/2 on $mux $techmap\law.$procmux$5708.
    dead port 2/2 on $mux $techmap\law.$procmux$5710.
    dead port 2/2 on $mux $techmap\dut.baseline.transition.$procmux$4121.
    dead port 2/2 on $mux $techmap\law.$procmux$5712.
    dead port 1/2 on $mux $techmap\law.$procmux$5715.
    dead port 2/2 on $mux $techmap\law.$procmux$5717.
    dead port 2/2 on $mux $techmap\law.$procmux$5739.
    dead port 2/2 on $mux $techmap\law.$procmux$5741.
    dead port 2/2 on $mux $techmap\law.$procmux$5743.
    dead port 1/2 on $mux $techmap\law.$procmux$5746.
    dead port 2/2 on $mux $techmap\law.$procmux$5748.
    dead port 2/2 on $mux $techmap\law.$procmux$5772.
    dead port 2/2 on $mux $techmap\law.$procmux$5774.
    dead port 2/2 on $mux $techmap\dut.baseline.transition.$procmux$4123.
    dead port 2/2 on $mux $techmap\law.$procmux$5776.
    dead port 1/2 on $mux $techmap\law.$procmux$5779.
    dead port 2/2 on $mux $techmap\law.$procmux$5781.
    dead port 2/2 on $mux $techmap\law.$procmux$5807.
    dead port 2/2 on $mux $techmap\law.$procmux$5809.
    dead port 1/2 on $mux $techmap\dut.baseline.transition.$procmux$4126.
    dead port 2/2 on $mux $techmap\law.$procmux$5811.
    dead port 1/2 on $mux $techmap\law.$procmux$5814.
    dead port 2/2 on $mux $techmap\law.$procmux$5816.
    dead port 2/2 on $mux $techmap\law.$procmux$5844.
    dead port 2/2 on $mux $techmap\law.$procmux$5846.
    dead port 2/2 on $mux $techmap\dut.baseline.transition.$procmux$4128.
    dead port 2/2 on $mux $techmap\law.$procmux$5848.
    dead port 1/2 on $mux $techmap\law.$procmux$5851.
    dead port 2/2 on $mux $techmap\law.$procmux$5853.
    dead port 2/2 on $mux $techmap\law.$procmux$5883.
    dead port 2/2 on $mux $techmap\law.$procmux$5885.
    dead port 2/2 on $mux $techmap\law.$procmux$5887.
    dead port 1/2 on $mux $techmap\law.$procmux$5890.
    dead port 2/2 on $mux $techmap\law.$procmux$5892.
    dead port 2/2 on $mux $techmap\law.$procmux$5924.
    dead port 2/2 on $mux $techmap\law.$procmux$5926.
    dead port 2/2 on $mux $techmap\law.$procmux$5928.
    dead port 1/2 on $mux $techmap\law.$procmux$5931.
    dead port 2/2 on $mux $techmap\law.$procmux$5933.
    dead port 2/2 on $mux $techmap\law.$procmux$5967.
    dead port 2/2 on $mux $techmap\law.$procmux$5969.
    dead port 2/2 on $mux $techmap\law.$procmux$5971.
    dead port 1/2 on $mux $techmap\law.$procmux$5974.
    dead port 2/2 on $mux $techmap\law.$procmux$5976.
    dead port 2/2 on $mux $techmap\law.$procmux$5990.
    dead port 2/2 on $mux $techmap\law.$procmux$5992.
    dead port 2/2 on $mux $techmap\law.$procmux$5994.
    dead port 1/2 on $mux $techmap\law.$procmux$5997.
    dead port 2/2 on $mux $techmap\law.$procmux$5999.
    dead port 2/2 on $mux $techmap\law.$procmux$6018.
    dead port 2/2 on $mux $techmap\law.$procmux$6020.
    dead port 2/2 on $mux $techmap\dut.baseline.transition.$procmux$4145.
    dead port 2/2 on $mux $techmap\law.$procmux$6022.
    dead port 1/2 on $mux $techmap\law.$procmux$6025.
    dead port 2/2 on $mux $techmap\law.$procmux$6027.
    dead port 2/2 on $mux $techmap\law.$procmux$6050.
    dead port 2/2 on $mux $techmap\law.$procmux$6052.
    dead port 2/2 on $mux $techmap\dut.baseline.transition.$procmux$4147.
    dead port 2/2 on $mux $techmap\law.$procmux$6054.
    dead port 1/2 on $mux $techmap\law.$procmux$6057.
    dead port 2/2 on $mux $techmap\law.$procmux$6059.
    dead port 2/2 on $mux $techmap\law.$procmux$6086.
    dead port 2/2 on $mux $techmap\law.$procmux$6088.
    dead port 2/2 on $mux $techmap\dut.baseline.transition.$procmux$1514.
    dead port 2/2 on $mux $techmap\law.$procmux$6090.
    dead port 1/2 on $mux $techmap\law.$procmux$6093.
    dead port 2/2 on $mux $techmap\law.$procmux$6095.
    dead port 2/2 on $mux $techmap\law.$procmux$6126.
    dead port 2/2 on $mux $techmap\law.$procmux$6128.
    dead port 2/2 on $mux $techmap\dut.baseline.transition.$procmux$4149.
    dead port 2/2 on $mux $techmap\law.$procmux$6130.
    dead port 1/2 on $mux $techmap\law.$procmux$6133.
    dead port 2/2 on $mux $techmap\law.$procmux$6135.
    dead port 2/2 on $mux $techmap\law.$procmux$6150.
    dead port 2/2 on $mux $techmap\law.$procmux$6152.
    dead port 1/2 on $mux $techmap\dut.baseline.transition.$procmux$4152.
    dead port 2/2 on $mux $techmap\law.$procmux$6154.
    dead port 1/2 on $mux $techmap\law.$procmux$6157.
    dead port 2/2 on $mux $techmap\law.$procmux$6159.
    dead port 2/2 on $mux $techmap\law.$procmux$6180.
    dead port 2/2 on $mux $techmap\law.$procmux$6182.
    dead port 2/2 on $mux $techmap\dut.baseline.transition.$procmux$4154.
    dead port 2/2 on $mux $techmap\law.$procmux$6184.
    dead port 1/2 on $mux $techmap\law.$procmux$6187.
    dead port 2/2 on $mux $techmap\law.$procmux$6189.
    dead port 2/2 on $mux $techmap\law.$procmux$6218.
    dead port 2/2 on $mux $techmap\law.$procmux$6220.
    dead port 2/2 on $mux $techmap\law.$procmux$6222.
    dead port 1/2 on $mux $techmap\law.$procmux$6225.
    dead port 2/2 on $mux $techmap\law.$procmux$6227.
    dead port 2/2 on $mux $techmap\law.$procmux$6244.
    dead port 2/2 on $mux $techmap\law.$procmux$6246.
    dead port 1/2 on $mux $techmap\dut.baseline.transition.$procmux$1517.
    dead port 2/2 on $mux $techmap\law.$procmux$6248.
    dead port 1/2 on $mux $techmap\law.$procmux$6251.
    dead port 2/2 on $mux $techmap\law.$procmux$6253.
    dead port 2/2 on $mux $techmap\law.$procmux$6286.
    dead port 2/2 on $mux $techmap\law.$procmux$6288.
    dead port 2/2 on $mux $techmap\dut.baseline.transition.$procmux$5369.
    dead port 2/2 on $mux $techmap\law.$procmux$6290.
    dead port 1/2 on $mux $techmap\law.$procmux$6293.
    dead port 2/2 on $mux $techmap\law.$procmux$6295.
    dead port 2/2 on $mux $techmap\law.$procmux$6320.
    dead port 2/2 on $mux $techmap\law.$procmux$6322.
    dead port 2/2 on $mux $techmap\dut.baseline.transition.$procmux$5371.
    dead port 2/2 on $mux $techmap\law.$procmux$6324.
    dead port 1/2 on $mux $techmap\law.$procmux$6327.
    dead port 2/2 on $mux $techmap\law.$procmux$6329.
    dead port 2/2 on $mux $techmap\law.$procmux$6342.
    dead port 2/2 on $mux $techmap\law.$procmux$6344.
    dead port 2/2 on $mux $techmap\dut.baseline.transition.$procmux$4173.
    dead port 2/2 on $mux $techmap\law.$procmux$6346.
    dead port 1/2 on $mux $techmap\law.$procmux$6349.
    dead port 2/2 on $mux $techmap\law.$procmux$6351.
    dead port 2/2 on $mux $techmap\dut.baseline.transition.$procmux$5373.
    dead port 1/2 on $mux $techmap\dut.baseline.transition.$procmux$5376.
    dead port 2/2 on $mux $techmap\dut.baseline.transition.$procmux$5378.
    dead port 2/2 on $mux $techmap\law.$procmux$6368.
    dead port 2/2 on $mux $techmap\law.$procmux$6370.
    dead port 2/2 on $mux $techmap\dut.baseline.transition.$procmux$4175.
    dead port 2/2 on $mux $techmap\law.$procmux$6372.
    dead port 1/2 on $mux $techmap\law.$procmux$6375.
    dead port 2/2 on $mux $techmap\law.$procmux$6377.
    dead port 2/2 on $mux $techmap\dut.baseline.transition.$procmux$1519.
    dead port 2/2 on $mux $techmap\dut.baseline.transition.$procmux$4177.
    dead port 2/2 on $mux $techmap\law.$procmux$6392.
    dead port 2/2 on $mux $techmap\law.$procmux$6394.
    dead port 1/2 on $mux $techmap\dut.baseline.transition.$procmux$4180.
    dead port 2/2 on $mux $techmap\law.$procmux$6396.
    dead port 1/2 on $mux $techmap\law.$procmux$6399.
    dead port 2/2 on $mux $techmap\law.$procmux$6401.
    dead port 2/2 on $mux $techmap\dut.baseline.transition.$procmux$4182.
    dead port 2/2 on $mux $techmap\dut.baseline.transition.$procmux$1747.
    dead port 2/2 on $mux $techmap\law.$procmux$6420.
    dead port 2/2 on $mux $techmap\law.$procmux$6422.
    dead port 2/2 on $mux $techmap\law.$procmux$6424.
    dead port 1/2 on $mux $techmap\law.$procmux$6427.
    dead port 2/2 on $mux $techmap\law.$procmux$6429.
    dead port 1/2 on $mux $techmap\dut.baseline.transition.$procmux$1750.
    dead port 2/2 on $mux $techmap\dut.baseline.transition.$procmux$5397.
    dead port 2/2 on $mux $techmap\law.$procmux$6450.
    dead port 2/2 on $mux $techmap\law.$procmux$6452.
    dead port 2/2 on $mux $techmap\dut.baseline.transition.$procmux$5399.
    dead port 2/2 on $mux $techmap\law.$procmux$6454.
    dead port 1/2 on $mux $techmap\law.$procmux$6457.
    dead port 2/2 on $mux $techmap\law.$procmux$6459.
    dead port 2/2 on $mux $techmap\dut.baseline.transition.$procmux$1752.
    dead port 2/2 on $mux $techmap\dut.baseline.transition.$procmux$5401.
    dead port 1/2 on $mux $techmap\dut.baseline.transition.$procmux$5404.
    dead port 2/2 on $mux $techmap\law.$procmux$6482.
    dead port 2/2 on $mux $techmap\law.$procmux$6484.
    dead port 2/2 on $mux $techmap\dut.baseline.transition.$procmux$4203.
    dead port 2/2 on $mux $techmap\law.$procmux$6486.
    dead port 1/2 on $mux $techmap\law.$procmux$6489.
    dead port 2/2 on $mux $techmap\law.$procmux$6491.
    dead port 2/2 on $mux $techmap\dut.baseline.transition.$procmux$4205.
    dead port 2/2 on $mux $techmap\dut.baseline.transition.$procmux$5406.
    dead port 2/2 on $mux $techmap\law.$procmux$6516.
    dead port 2/2 on $mux $techmap\law.$procmux$6518.
    dead port 2/2 on $mux $techmap\law.$procmux$6520.
    dead port 1/2 on $mux $techmap\law.$procmux$6523.
    dead port 2/2 on $mux $techmap\law.$procmux$6525.
    dead port 2/2 on $mux $techmap\dut.baseline.transition.$procmux$4207.
    dead port 2/2 on $mux $techmap\law.$procmux$6552.
    dead port 2/2 on $mux $techmap\law.$procmux$6554.
    dead port 1/2 on $mux $techmap\dut.baseline.transition.$procmux$4210.
    dead port 2/2 on $mux $techmap\law.$procmux$6556.
    dead port 1/2 on $mux $techmap\law.$procmux$6559.
    dead port 2/2 on $mux $techmap\law.$procmux$6561.
    dead port 2/2 on $mux $techmap\dut.baseline.transition.$procmux$4212.
    dead port 2/2 on $mux $techmap\dut.baseline.transition.$procmux$1771.
    dead port 2/2 on $mux $techmap\dut.baseline.transition.$procmux$5421.
    dead port 2/2 on $mux $techmap\law.$procmux$6590.
    dead port 2/2 on $mux $techmap\law.$procmux$6592.
    dead port 2/2 on $mux $techmap\law.$procmux$6594.
    dead port 1/2 on $mux $techmap\law.$procmux$6597.
    dead port 2/2 on $mux $techmap\law.$procmux$6599.
    dead port 2/2 on $mux $techmap\dut.baseline.transition.$procmux$1540.
    dead port 2/2 on $mux $techmap\dut.baseline.transition.$procmux$5423.
    dead port 2/2 on $mux $techmap\law.$procmux$6630.
    dead port 2/2 on $mux $techmap\law.$procmux$6632.
    dead port 2/2 on $mux $techmap\dut.baseline.transition.$procmux$5425.
    dead port 2/2 on $mux $techmap\law.$procmux$6634.
    dead port 1/2 on $mux $techmap\law.$procmux$6637.
    dead port 2/2 on $mux $techmap\law.$procmux$6639.
    dead port 1/2 on $mux $techmap\dut.baseline.transition.$procmux$5428.
    dead port 2/2 on $mux $techmap\dut.baseline.transition.$procmux$5430.
    dead port 2/2 on $mux $techmap\law.$procmux$6671.
    dead port 2/2 on $mux $techmap\law.$procmux$6673.
    dead port 2/2 on $mux $techmap\dut.baseline.transition.$procmux$4235.
    dead port 2/2 on $mux $techmap\law.$procmux$6675.
    dead port 1/2 on $mux $techmap\law.$procmux$6678.
    dead port 2/2 on $mux $techmap\law.$procmux$6680.
    dead port 2/2 on $mux $techmap\dut.baseline.transition.$procmux$4237.
    dead port 2/2 on $mux $techmap\law.$procmux$6694.
    dead port 2/2 on $mux $techmap\law.$procmux$6696.
    dead port 2/2 on $mux $techmap\dut.baseline.transition.$procmux$4239.
    dead port 2/2 on $mux $techmap\law.$procmux$6698.
    dead port 1/2 on $mux $techmap\law.$procmux$6701.
    dead port 2/2 on $mux $techmap\law.$procmux$6703.
    dead port 1/2 on $mux $techmap\dut.baseline.transition.$procmux$4242.
    dead port 2/2 on $mux $techmap\dut.baseline.transition.$procmux$4244.
    dead port 2/2 on $mux $techmap\law.$procmux$6721.
    dead port 2/2 on $mux $techmap\law.$procmux$6723.
    dead port 2/2 on $mux $techmap\dut.baseline.transition.$procmux$1542.
    dead port 2/2 on $mux $techmap\law.$procmux$6725.
    dead port 1/2 on $mux $techmap\law.$procmux$6728.
    dead port 2/2 on $mux $techmap\law.$procmux$6730.
    dead port 2/2 on $mux $techmap\dut.baseline.transition.$procmux$1773.
    dead port 2/2 on $mux $techmap\dut.baseline.transition.$procmux$4269.
    dead port 2/2 on $mux $techmap\law.$procmux$6752.
    dead port 2/2 on $mux $techmap\law.$procmux$6754.
    dead port 2/2 on $mux $techmap\dut.baseline.transition.$procmux$4271.
    dead port 2/2 on $mux $techmap\law.$procmux$6756.
    dead port 1/2 on $mux $techmap\law.$procmux$6759.
    dead port 2/2 on $mux $techmap\law.$procmux$6761.
    dead port 2/2 on $mux $techmap\dut.baseline.transition.$procmux$1544.
    dead port 2/2 on $mux $techmap\dut.baseline.transition.$procmux$4273.
    dead port 1/2 on $mux $techmap\dut.baseline.transition.$procmux$4276.
    dead port 2/2 on $mux $techmap\law.$procmux$6787.
    dead port 2/2 on $mux $techmap\law.$procmux$6789.
    dead port 2/2 on $mux $techmap\dut.baseline.transition.$procmux$4278.
    dead port 2/2 on $mux $techmap\law.$procmux$6791.
    dead port 1/2 on $mux $techmap\law.$procmux$6794.
    dead port 2/2 on $mux $techmap\law.$procmux$6796.
    dead port 2/2 on $mux $techmap\dut.baseline.transition.$procmux$1775.
    dead port 2/2 on $mux $techmap\dut.baseline.transition.$procmux$4723.
    dead port 2/2 on $mux $techmap\law.$procmux$6826.
    dead port 2/2 on $mux $techmap\law.$procmux$6828.
    dead port 2/2 on $mux $techmap\dut.baseline.transition.$procmux$5453.
    dead port 2/2 on $mux $techmap\law.$procmux$6830.
    dead port 1/2 on $mux $techmap\law.$procmux$6833.
    dead port 2/2 on $mux $techmap\law.$procmux$6835.
    dead port 2/2 on $mux $techmap\dut.baseline.transition.$procmux$4305.
    dead port 2/2 on $mux $techmap\law.$procmux$6867.
    dead port 2/2 on $mux $techmap\law.$procmux$6869.
    dead port 2/2 on $mux $techmap\dut.baseline.transition.$procmux$4307.
    dead port 2/2 on $mux $techmap\law.$procmux$6871.
    dead port 1/2 on $mux $techmap\law.$procmux$6874.
    dead port 2/2 on $mux $techmap\law.$procmux$6876.
    dead port 2/2 on $mux $techmap\dut.baseline.transition.$procmux$4309.
    dead port 1/2 on $mux $techmap\dut.baseline.transition.$procmux$4312.
    dead port 2/2 on $mux $techmap\law.$procmux$6896.
    dead port 2/2 on $mux $techmap\law.$procmux$6898.
    dead port 2/2 on $mux $techmap\dut.baseline.transition.$procmux$4314.
    dead port 2/2 on $mux $techmap\law.$procmux$6900.
    dead port 1/2 on $mux $techmap\law.$procmux$6903.
    dead port 2/2 on $mux $techmap\law.$procmux$6905.
    dead port 2/2 on $mux $techmap\dut.baseline.transition.$procmux$5455.
    dead port 2/2 on $mux $techmap\law.$procmux$6921.
    dead port 2/2 on $mux $techmap\law.$procmux$6923.
    dead port 2/2 on $mux $techmap\law.$procmux$6925.
    dead port 1/2 on $mux $techmap\law.$procmux$6928.
    dead port 2/2 on $mux $techmap\law.$procmux$6930.
    dead port 2/2 on $mux $techmap\dut.baseline.transition.$procmux$4343.
    dead port 2/2 on $mux $techmap\dut.baseline.transition.$procmux$4345.
    dead port 2/2 on $mux $techmap\law.$procmux$6954.
    dead port 2/2 on $mux $techmap\law.$procmux$6956.
    dead port 2/2 on $mux $techmap\dut.baseline.transition.$procmux$4347.
    dead port 2/2 on $mux $techmap\law.$procmux$6958.
    dead port 1/2 on $mux $techmap\law.$procmux$6961.
    dead port 2/2 on $mux $techmap\law.$procmux$6963.
    dead port 1/2 on $mux $techmap\dut.baseline.transition.$procmux$4350.
    dead port 2/2 on $mux $techmap\dut.baseline.transition.$procmux$4352.
    dead port 2/2 on $mux $techmap\law.$procmux$6995.
    dead port 2/2 on $mux $techmap\law.$procmux$6997.
    dead port 2/2 on $mux $techmap\law.$procmux$6999.
    dead port 1/2 on $mux $techmap\law.$procmux$7002.
    dead port 2/2 on $mux $techmap\law.$procmux$7004.
    dead port 2/2 on $mux $techmap\dut.baseline.transition.$procmux$5457.
    dead port 2/2 on $mux $techmap\dut.baseline.transition.$procmux$4382.
    dead port 2/2 on $mux $techmap\dut.baseline.transition.$procmux$4384.
    dead port 2/2 on $mux $techmap\law.$procmux$7032.
    dead port 2/2 on $mux $techmap\law.$procmux$7034.
    dead port 2/2 on $mux $techmap\law.$procmux$7036.
    dead port 1/2 on $mux $techmap\law.$procmux$7039.
    dead port 2/2 on $mux $techmap\law.$procmux$7041.
    dead port 2/2 on $mux $techmap\law.$procmux$7053.
    dead port 2/2 on $mux $techmap\dut.baseline.transition.$procmux$4386.
    dead port 2/2 on $mux $techmap\law.$procmux$7055.
    dead port 1/2 on $mux $techmap\law.$procmux$7058.
    dead port 2/2 on $mux $techmap\law.$procmux$7060.
    dead port 2/2 on $mux $techmap\law.$procmux$7072.
    dead port 1/2 on $mux $techmap\dut.baseline.transition.$procmux$4389.
    dead port 2/2 on $mux $techmap\law.$procmux$7074.
    dead port 1/2 on $mux $techmap\law.$procmux$7077.
    dead port 2/2 on $mux $techmap\law.$procmux$7079.
    dead port 2/2 on $mux $techmap\law.$procmux$7092.
    dead port 2/2 on $mux $techmap\law.$procmux$7094.
    dead port 2/2 on $mux $techmap\dut.baseline.transition.$procmux$4391.
    dead port 2/2 on $mux $techmap\law.$procmux$7096.
    dead port 1/2 on $mux $techmap\law.$procmux$7099.
    dead port 2/2 on $mux $techmap\law.$procmux$7101.
    dead port 1/2 on $mux $techmap\dut.baseline.transition.$procmux$5460.
    dead port 2/2 on $mux $techmap\dut.baseline.transition.$procmux$1546.
    dead port 1/2 on $mux $techmap\dut.baseline.transition.$procmux$1549.
    dead port 2/2 on $mux $techmap\dut.baseline.transition.$procmux$4403.
    dead port 2/2 on $mux $techmap\dut.baseline.transition.$procmux$4405.
    dead port 2/2 on $mux $techmap\dut.baseline.transition.$procmux$1551.
    dead port 2/2 on $mux $techmap\dut.baseline.transition.$procmux$4407.
    dead port 1/2 on $mux $techmap\dut.baseline.transition.$procmux$4410.
    dead port 2/2 on $mux $techmap\dut.baseline.transition.$procmux$4412.
    dead port 2/2 on $mux $techmap\law.$procmux$7112.
    dead port 1/2 on $mux $techmap\law.$procmux$7115.
    dead port 2/2 on $mux $techmap\law.$procmux$7117.
    dead port 2/2 on $mux $techmap\law.$procmux$7128.
    dead port 2/2 on $mux $techmap\law.$procmux$7130.
    dead port 2/2 on $mux $techmap\law.$procmux$7132.
    dead port 1/2 on $mux $techmap\law.$procmux$7135.
    dead port 2/2 on $mux $techmap\law.$procmux$7137.
    dead port 1/2 on $mux $techmap\law.$procmux$7165.
    dead port 2/2 on $mux $techmap\law.$procmux$7167.
    dead port 1/2 on $mux $techmap\law.$procmux$7174.
    dead port 2/2 on $mux $techmap\law.$procmux$7176.
    dead port 2/2 on $mux $techmap\law.$procmux$7182.
    dead port 2/2 on $mux $techmap\law.$procmux$7188.
    dead port 2/2 on $mux $techmap\law.$procmux$7195.
    dead port 2/2 on $mux $techmap\law.$procmux$7197.
    dead port 2/2 on $mux $techmap\law.$procmux$7204.
    dead port 2/2 on $mux $techmap\law.$procmux$7206.
    dead port 2/2 on $mux $techmap\law.$procmux$7212.
    dead port 2/2 on $mux $techmap\law.$procmux$7218.
    dead port 2/2 on $mux $techmap\law.$procmux$7225.
    dead port 2/2 on $mux $techmap\law.$procmux$7227.
    dead port 2/2 on $mux $techmap\law.$procmux$7239.
    dead port 2/2 on $mux $techmap\law.$procmux$7254.
    dead port 2/2 on $mux $techmap\law.$procmux$7260.
    dead port 2/2 on $mux $techmap\law.$procmux$7266.
    dead port 2/2 on $mux $techmap\law.$procmux$7272.
    dead port 2/2 on $mux $techmap\law.$procmux$7278.
    dead port 2/2 on $mux $techmap\law.$procmux$7284.
    dead port 2/2 on $mux $techmap\law.$procmux$7290.
    dead port 2/2 on $mux $techmap\law.$procmux$7296.
    dead port 2/2 on $mux $techmap\dut.baseline.transition.$procmux$1580.
    dead port 2/2 on $mux $techmap\dut.baseline.transition.$procmux$4428.
    dead port 2/2 on $mux $techmap\dut.baseline.transition.$procmux$4430.
    dead port 2/2 on $mux $techmap\dut.baseline.transition.$procmux$4432.
    dead port 1/2 on $mux $techmap\dut.baseline.transition.$procmux$4435.
    dead port 2/2 on $mux $techmap\dut.baseline.transition.$procmux$4437.
    dead port 2/2 on $mux $techmap\dut.baseline.transition.$procmux$1582.
    dead port 2/2 on $mux $techmap\dut.baseline.transition.$procmux$1584.
    dead port 2/2 on $mux $techmap\dut.baseline.transition.$procmux$5462.
    dead port 2/2 on $mux $techmap\law.$procmux$788.
    dead port 2/2 on $mux $techmap\law.$procmux$794.
    dead port 2/2 on $mux $techmap\law.$procmux$800.
    dead port 2/2 on $mux $techmap\law.$procmux$806.
    dead port 2/2 on $mux $techmap\law.$procmux$812.
    dead port 2/2 on $mux $techmap\law.$procmux$818.
    dead port 2/2 on $mux $techmap\law.$procmux$824.
    dead port 2/2 on $mux $techmap\law.$procmux$830.
    dead port 2/2 on $mux $techmap\dut.baseline.transition.$procmux$4457.
    dead port 2/2 on $mux $techmap\dut.baseline.transition.$procmux$4459.
    dead port 2/2 on $mux $techmap\dut.baseline.transition.$procmux$4461.
    dead port 1/2 on $mux $techmap\dut.baseline.transition.$procmux$4464.
    dead port 2/2 on $mux $techmap\dut.baseline.transition.$procmux$4466.
    dead port 2/2 on $mux $techmap\law.$procmux$852.
    dead port 1/2 on $mux $techmap\law.$procmux$855.
    dead port 2/2 on $mux $techmap\law.$procmux$857.
    dead port 2/2 on $mux $techmap\dut.baseline.transition.$procmux$4490.
    dead port 2/2 on $mux $techmap\dut.baseline.transition.$procmux$4492.
    dead port 2/2 on $mux $techmap\law.$procmux$868.
    dead port 2/2 on $mux $techmap\law.$procmux$870.
    dead port 2/2 on $mux $techmap\dut.baseline.transition.$procmux$4494.
    dead port 1/2 on $mux $techmap\dut.baseline.transition.$procmux$4497.
    dead port 2/2 on $mux $techmap\dut.baseline.transition.$procmux$4499.
    dead port 2/2 on $mux $techmap\law.$procmux$872.
    dead port 1/2 on $mux $techmap\law.$procmux$875.
    dead port 2/2 on $mux $techmap\law.$procmux$877.
    dead port 2/2 on $mux $techmap\dut.baseline.transition.$procmux$1586.
    dead port 1/2 on $mux $techmap\dut.baseline.transition.$procmux$1589.
    dead port 2/2 on $mux $techmap\dut.baseline.transition.$procmux$1591.
    dead port 2/2 on $mux $techmap\law.$procmux$890.
    dead port 2/2 on $mux $techmap\law.$procmux$892.
    dead port 2/2 on $mux $techmap\dut.baseline.transition.$procmux$4527.
    dead port 2/2 on $mux $techmap\dut.baseline.transition.$procmux$4529.
    dead port 2/2 on $mux $techmap\dut.baseline.transition.$procmux$4531.
    dead port 1/2 on $mux $techmap\dut.baseline.transition.$procmux$4534.
    dead port 2/2 on $mux $techmap\law.$procmux$894.
    dead port 1/2 on $mux $techmap\law.$procmux$897.
    dead port 2/2 on $mux $techmap\law.$procmux$899.
    dead port 2/2 on $mux $techmap\law.$procmux$910.
    dead port 2/2 on $mux $techmap\dut.baseline.transition.$procmux$4536.
    dead port 2/2 on $mux $techmap\law.$procmux$912.
    dead port 2/2 on $mux $techmap\law.$procmux$914.
    dead port 2/2 on $mux $techmap\dut.baseline.transition.$procmux$4566.
    dead port 2/2 on $mux $techmap\dut.baseline.transition.$procmux$4568.
    dead port 2/2 on $mux $techmap\dut.baseline.transition.$procmux$1608.
    dead port 2/2 on $mux $techmap\law.$procmux$916.
    dead port 1/2 on $mux $techmap\law.$procmux$919.
    dead port 2/2 on $mux $techmap\law.$procmux$921.
    dead port 2/2 on $mux $techmap\dut.baseline.transition.$procmux$4570.
    dead port 1/2 on $mux $techmap\dut.baseline.transition.$procmux$4573.
    dead port 2/2 on $mux $techmap\law.$procmux$934.
    dead port 2/2 on $mux $techmap\law.$procmux$936.
    dead port 2/2 on $mux $techmap\dut.baseline.transition.$procmux$5493.
    dead port 2/2 on $mux $techmap\dut.baseline.transition.$procmux$4575.
    dead port 2/2 on $mux $techmap\dut.baseline.transition.$procmux$1610.
    dead port 2/2 on $mux $techmap\dut.baseline.transition.$procmux$1612.
    dead port 2/2 on $mux $techmap\law.$procmux$938.
    dead port 1/2 on $mux $techmap\law.$procmux$941.
    dead port 2/2 on $mux $techmap\law.$procmux$943.
    dead port 2/2 on $mux $techmap\dut.baseline.transition.$procmux$4593.
    dead port 2/2 on $mux $techmap\dut.baseline.transition.$procmux$4595.
    dead port 2/2 on $mux $techmap\dut.baseline.transition.$procmux$5495.
    dead port 2/2 on $mux $techmap\dut.baseline.transition.$procmux$4597.
    dead port 2/2 on $mux $techmap\law.$procmux$955.
    dead port 2/2 on $mux $techmap\law.$procmux$957.
    dead port 2/2 on $mux $techmap\dut.baseline.transition.$procmux$4725.
    dead port 1/2 on $mux $techmap\dut.baseline.transition.$procmux$4600.
    dead port 2/2 on $mux $techmap\dut.baseline.transition.$procmux$4602.
    dead port 2/2 on $mux $techmap\law.$procmux$959.
    dead port 1/2 on $mux $techmap\law.$procmux$962.
    dead port 2/2 on $mux $techmap\law.$procmux$964.
    dead port 2/2 on $mux $techmap\law.$procmux$980.
    dead port 2/2 on $mux $techmap\dut.baseline.transition.$procmux$4616.
    dead port 2/2 on $mux $techmap\law.$procmux$982.
    dead port 2/2 on $mux $techmap\law.$procmux$984.
    dead port 2/2 on $mux $techmap\dut.baseline.transition.$procmux$5497.
    dead port 2/2 on $mux $techmap\dut.baseline.transition.$procmux$4618.
    dead port 2/2 on $mux $techmap\dut.baseline.transition.$procmux$4620.
    dead port 1/2 on $mux $techmap\dut.baseline.transition.$procmux$4623.
    dead port 2/2 on $mux $techmap\dut.baseline.transition.$procmux$4625.
    dead port 2/2 on $mux $techmap\law.$procmux$986.
    dead port 1/2 on $mux $techmap\law.$procmux$989.
    dead port 2/2 on $mux $techmap\law.$procmux$991.
    dead port 2/2 on $mux $techmap\dut.baseline.transition.$procmux$1614.
    dead port 1/2 on $mux $techmap\dut.baseline.transition.$procmux$1617.
    dead port 2/2 on $mux $techmap\dut.baseline.transition.$procmux$4647.
    dead port 2/2 on $mux $techmap\dut.baseline.transition.$procmux$4649.
    dead port 2/2 on $mux $techmap\dut.baseline.transition.$procmux$1619.
    dead port 2/2 on $mux $techmap\dut.baseline.transition.$procmux$4651.
    dead port 1/2 on $mux $techmap\dut.baseline.transition.$procmux$4654.
    dead port 2/2 on $mux $techmap\dut.baseline.transition.$procmux$4656.
    dead port 2/2 on $mux $techmap\dut.baseline.transition.$procmux$1652.
    dead port 2/2 on $mux $techmap\dut.baseline.transition.$procmux$4686.
    dead port 2/2 on $mux $techmap\dut.baseline.transition.$procmux$4688.
    dead port 1/2 on $mux $techmap\dut.baseline.transition.$procmux$5500.
    dead port 2/2 on $mux $techmap\dut.baseline.transition.$procmux$4690.
    dead port 1/2 on $mux $techmap\dut.baseline.transition.$procmux$4693.
    dead port 2/2 on $mux $techmap\dut.baseline.transition.$procmux$4695.
Removed 2196 multiplexer ports.
<suppressed ~41 debug messages>

9.4. Executing OPT_REDUCE pass (consolidate $*mux and $reduce_* inputs).
  Optimizing cells in module \ingress_boundary_formal.
    New input vector for $reduce_or cell $techmap\law.$procmux$7313_ANY: { $techmap\law.$procmux$1014_CMP [2] $techmap\law.$procmux$1014_CMP [3] }
    New input vector for $reduce_or cell $techmap\dut.baseline.transition.$procmux$2563_ANY: { $techmap\dut.baseline.transition.$procmux$1014_CMP [0] $techmap\dut.baseline.transition.$procmux$1010_CMP }
    New input vector for $reduce_or cell $techmap\law.$procmux$2563_ANY: { $techmap\law.$procmux$1014_CMP [0] $techmap\law.$procmux$1010_CMP }
    New input vector for $reduce_or cell $techmap\dut.baseline.transition.$procmux$1657_ANY: { $techmap\dut.baseline.transition.$procmux$1014_CMP [0] $techmap\dut.baseline.transition.$procmux$1014_CMP [2] $techmap\dut.baseline.transition.$procmux$1014_CMP [3] $techmap\dut.baseline.transition.$procmux$1014_CMP [4] $techmap\dut.baseline.transition.$procmux$1010_CMP }
    New input vector for $reduce_or cell $techmap\law.$procmux$1014_ANY: { $techmap\law.$procmux$1014_CMP [0] $techmap\law.$procmux$1014_CMP [2] $techmap\law.$procmux$1014_CMP [3] $techmap\law.$procmux$1014_CMP [4] $techmap\law.$procmux$1010_CMP }
    New input vector for $reduce_or cell $techmap\dut.baseline.transition.$procmux$7313_ANY: { $techmap\dut.baseline.transition.$procmux$1014_CMP [2] $techmap\dut.baseline.transition.$procmux$1014_CMP [3] }
    New ctrl vector for $pmux cell $techmap\law.$procmux$4339: $auto$opt_reduce.cc:132:opt_mux$7331
    New ctrl vector for $pmux cell $techmap\law.$procmux$4379: $auto$opt_reduce.cc:132:opt_mux$7333
    New ctrl vector for $pmux cell $techmap\law.$procmux$4400: $auto$opt_reduce.cc:132:opt_mux$7335
    New ctrl vector for $pmux cell $techmap\law.$procmux$4424: $auto$opt_reduce.cc:132:opt_mux$7337
    New ctrl vector for $pmux cell $techmap\law.$procmux$4453: $auto$opt_reduce.cc:132:opt_mux$7339
    New ctrl vector for $pmux cell $techmap\law.$procmux$4486: $auto$opt_reduce.cc:132:opt_mux$7341
    New ctrl vector for $pmux cell $techmap\law.$procmux$4523: $auto$opt_reduce.cc:132:opt_mux$7343
    New ctrl vector for $pmux cell $techmap\law.$procmux$4589: $auto$opt_reduce.cc:132:opt_mux$7345
    New ctrl vector for $pmux cell $techmap\law.$procmux$4612: $auto$opt_reduce.cc:132:opt_mux$7347
    New ctrl vector for $pmux cell $techmap\law.$procmux$4643: $auto$opt_reduce.cc:132:opt_mux$7349
    New ctrl vector for $pmux cell $techmap\law.$procmux$4682: $auto$opt_reduce.cc:132:opt_mux$7351
    New ctrl vector for $pmux cell $techmap\law.$procmux$4717: $auto$opt_reduce.cc:132:opt_mux$7353
    New ctrl vector for $pmux cell $techmap\dut.baseline.transition.$procmux$950: { $techmap\dut.baseline.transition.$procmux$1014_CMP [0] $techmap\dut.baseline.transition.$procmux$1010_CMP $auto$opt_reduce.cc:132:opt_mux$7355 }
    New ctrl vector for $pmux cell $techmap\dut.baseline.transition.$procmux$4093: $auto$opt_reduce.cc:132:opt_mux$7357
    New ctrl vector for $pmux cell $techmap\dut.baseline.transition.$procmux$4115: $auto$opt_reduce.cc:132:opt_mux$7359
    New ctrl vector for $pmux cell $techmap\dut.baseline.transition.$procmux$4141: $auto$opt_reduce.cc:132:opt_mux$7361
    New ctrl vector for $pmux cell $techmap\dut.ingress.$procmux$778: $auto$opt_reduce.cc:132:opt_mux$7363
    New ctrl vector for $pmux cell $techmap\dut.baseline.transition.$procmux$4169: $auto$opt_reduce.cc:132:opt_mux$7365
    New ctrl vector for $pmux cell $techmap\dut.baseline.transition.$procmux$4199: $auto$opt_reduce.cc:132:opt_mux$7367
    New ctrl vector for $mux cell $techmap\dut.baseline.transition.$procmux$7202: { }
    New ctrl vector for $pmux cell $techmap\dut.baseline.transition.$procmux$4231: $auto$opt_reduce.cc:132:opt_mux$7369
    New ctrl vector for $pmux cell $techmap\dut.baseline.transition.$procmux$4265: $auto$opt_reduce.cc:132:opt_mux$7371
    New ctrl vector for $pmux cell $techmap\dut.baseline.transition.$procmux$4301: $auto$opt_reduce.cc:132:opt_mux$7373
    New ctrl vector for $pmux cell $techmap\dut.baseline.transition.$procmux$4339: $auto$opt_reduce.cc:132:opt_mux$7375
    New ctrl vector for $pmux cell $techmap\dut.baseline.transition.$procmux$4379: $auto$opt_reduce.cc:132:opt_mux$7377
    New ctrl vector for $pmux cell $techmap\dut.baseline.transition.$procmux$4400: $auto$opt_reduce.cc:132:opt_mux$7379
    New ctrl vector for $pmux cell $techmap\dut.baseline.transition.$procmux$4424: $auto$opt_reduce.cc:132:opt_mux$7381
    New ctrl vector for $mux cell $techmap\law.$procmux$7202: { }
    New ctrl vector for $pmux cell $techmap\dut.baseline.transition.$procmux$4453: $auto$opt_reduce.cc:132:opt_mux$7383
    New ctrl vector for $pmux cell $techmap\dut.baseline.transition.$procmux$4486: $auto$opt_reduce.cc:132:opt_mux$7385
    New ctrl vector for $pmux cell $techmap\dut.baseline.transition.$procmux$4523: $auto$opt_reduce.cc:132:opt_mux$7387
    New ctrl vector for $pmux cell $techmap\law.$procmux$4093: $auto$opt_reduce.cc:132:opt_mux$7389
    New ctrl vector for $pmux cell $techmap\law.$procmux$4115: $auto$opt_reduce.cc:132:opt_mux$7391
    New ctrl vector for $pmux cell $techmap\law.$procmux$4141: $auto$opt_reduce.cc:132:opt_mux$7393
    New ctrl vector for $pmux cell $techmap\dut.baseline.transition.$procmux$4589: $auto$opt_reduce.cc:132:opt_mux$7395
    New ctrl vector for $pmux cell $techmap\law.$procmux$4169: $auto$opt_reduce.cc:132:opt_mux$7397
    New ctrl vector for $pmux cell $techmap\law.$procmux$950: { $techmap\law.$procmux$1014_CMP [0] $techmap\law.$procmux$1010_CMP $auto$opt_reduce.cc:132:opt_mux$7399 }
    New ctrl vector for $pmux cell $techmap\law.$procmux$4199: $auto$opt_reduce.cc:132:opt_mux$7401
    New ctrl vector for $pmux cell $techmap\dut.baseline.transition.$procmux$4612: $auto$opt_reduce.cc:132:opt_mux$7403
    New ctrl vector for $pmux cell $techmap\law.$procmux$4231: $auto$opt_reduce.cc:132:opt_mux$7405
    New ctrl vector for $pmux cell $techmap\dut.baseline.transition.$procmux$4643: $auto$opt_reduce.cc:132:opt_mux$7407
    New ctrl vector for $pmux cell $techmap\law.$procmux$4265: $auto$opt_reduce.cc:132:opt_mux$7409
    New ctrl vector for $pmux cell $techmap\dut.baseline.transition.$procmux$4682: $auto$opt_reduce.cc:132:opt_mux$7411
    New ctrl vector for $pmux cell $techmap\law.$procmux$4301: $auto$opt_reduce.cc:132:opt_mux$7413
    New ctrl vector for $pmux cell $techmap\dut.baseline.transition.$procmux$4717: $auto$opt_reduce.cc:132:opt_mux$7415
    New input vector for $reduce_or cell $auto$opt_reduce.cc:126:opt_mux$7346: { $techmap\law.$procmux$4117_CMP $techmap\law.$procmux$4095_CMP $techmap\law.$procmux$4094_CMP }
    New input vector for $reduce_or cell $auto$opt_reduce.cc:126:opt_mux$7358: { $techmap\dut.baseline.transition.$procmux$6390_CMP $techmap\dut.baseline.transition.$procmux$6365_CMP $techmap\dut.baseline.transition.$procmux$6341_CMP }
    New input vector for $reduce_or cell $auto$opt_reduce.cc:126:opt_mux$7390: { $techmap\law.$procmux$4117_CMP $techmap\law.$procmux$4094_CMP $techmap\law.$procmux$4072_CMP }
    New input vector for $reduce_or cell $auto$opt_reduce.cc:126:opt_mux$7402: { $techmap\dut.baseline.transition.$procmux$6390_CMP $techmap\dut.baseline.transition.$procmux$6366_CMP $techmap\dut.baseline.transition.$procmux$6365_CMP }
  Optimizing cells in module \ingress_boundary_formal.
Performed a total of 55 changes.

9.5. Executing OPT_MERGE pass (detect identical cells).
Finding identical cells in module `\ingress_boundary_formal'.
<suppressed ~183 debug messages>
Removed a total of 61 cells.

9.6. Executing OPT_RMDFF pass (remove dff with constant values).

9.7. Executing OPT_CLEAN pass (remove unused cells and wires).
Finding unused cells or wires in module \ingress_boundary_formal..
Removed 3 unused cells and 3693 unused wires.
<suppressed ~10 debug messages>

9.8. Executing OPT_EXPR pass (perform const folding).
Optimizing module ingress_boundary_formal.

9.9. Rerunning OPT passes. (Maybe there is more to do..)

9.10. Executing OPT_MUXTREE pass (detect dead branches in mux trees).
Running muxtree optimizer on module \ingress_boundary_formal..
  Creating internal representation of mux trees.
  Evaluating internal representation of mux trees.
  Analyzing evaluation results.
Removed 0 multiplexer ports.
<suppressed ~85 debug messages>

9.11. Executing OPT_REDUCE pass (consolidate $*mux and $reduce_* inputs).
  Optimizing cells in module \ingress_boundary_formal.
Performed a total of 0 changes.

9.12. Executing OPT_MERGE pass (detect identical cells).
Finding identical cells in module `\ingress_boundary_formal'.
Removed a total of 0 cells.

9.13. Executing OPT_RMDFF pass (remove dff with constant values).

9.14. Executing OPT_CLEAN pass (remove unused cells and wires).
Finding unused cells or wires in module \ingress_boundary_formal..

9.15. Executing OPT_EXPR pass (perform const folding).
Optimizing module ingress_boundary_formal.

9.16. Finished OPT passes. (There is nothing left to do.)

10. Executing SAT pass (solving SAT problems in the circuit).

Setting up time step 1:
Final constraint equation: { } = { }
Import def constraint for this timestep: \clk
Import def constraint for this timestep: \reset
Import def constraint for this timestep: \lane_valid
Import def constraint for this timestep: \payloads
Imported 1046 cells to SAT database.
No constraints for initial state found.


Setting up time step 2:
Final constraint equation: { } = { }
Import def constraint for this timestep: \clk
Import def constraint for this timestep: \reset
Import def constraint for this timestep: \lane_valid
Import def constraint for this timestep: \payloads
Imported 1046 cells to SAT database.
Import proof-constraint: \ok = 1'1
Final proof equation: \ok = 1'1

Solving problem with 172447 variables and 508591 clauses..
SAT proof finished - no model found: SUCCESS!

                  /$$$$$$      /$$$$$$$$     /$$$$$$$    
                 /$$__  $$    | $$_____/    | $$__  $$   
                | $$  \ $$    | $$          | $$  \ $$   
                | $$  | $$    | $$$$$       | $$  | $$   
                | $$  | $$    | $$__/       | $$  | $$   
                | $$/$$ $$    | $$          | $$  | $$   
                |  $$$$$$/ /$$| $$$$$$$$ /$$| $$$$$$$//$$
                 \____ $$$|__/|________/|__/|_______/|__/
                       \__/                              

