
-- Executing script file `/tmp/kernel0-ingress-baseline-build/exclusive-synthesis.ys' --

1. Executing Verilog-2005 frontend: /tmp/ases-kernel0-ingress-reduction/docs/research/kernel-0/direct-rtl/kernel0.v
Parsing Verilog input from `/tmp/ases-kernel0-ingress-reduction/docs/research/kernel-0/direct-rtl/kernel0.v' to AST representation.
Generating RTLIL representation for module `\kernel0_step'.
Generating RTLIL representation for module `\kernel0_machine'.
Successfully finished Verilog frontend.

2. Executing AST frontend in derive mode using pre-parsed AST for module `\kernel0_machine'.
Parameter \COUPLED = 0
Parameter \EXCLUSIVE = 1
Generating RTLIL representation for module `$paramod\kernel0_machine\COUPLED=0\EXCLUSIVE=1'.

3. Executing SYNTH pass.

3.1. Executing HIERARCHY pass (managing design hierarchy).

3.1.1. Analyzing design hierarchy..
Top module:  \kernel0_machine
Used module:     \kernel0_step

3.1.2. Executing AST frontend in derive mode using pre-parsed AST for module `\kernel0_step'.
Parameter \COUPLED = 0
Parameter \EXCLUSIVE = 1
Generating RTLIL representation for module `$paramod\kernel0_step\COUPLED=0\EXCLUSIVE=1'.

3.1.3. Analyzing design hierarchy..
Top module:  \kernel0_machine
Used module:     $paramod\kernel0_step\COUPLED=0\EXCLUSIVE=1

3.1.4. Analyzing design hierarchy..
Top module:  \kernel0_machine
Used module:     $paramod\kernel0_step\COUPLED=0\EXCLUSIVE=1
Removing unused module `\kernel0_step'.
Removed 1 unused modules.

3.2. Executing PROC pass (convert processes to netlists).

3.2.1. Executing PROC_CLEAN pass (remove empty switches from decision trees).
Cleaned up 0 empty switches.

3.2.2. Executing PROC_RMDEAD pass (remove dead branches from decision trees).
Marked 1 switch rules as full_case in process $proc$/tmp/ases-kernel0-ingress-reduction/docs/research/kernel-0/direct-rtl/kernel0.v:163$354 in module kernel0_machine.
Marked 48 switch rules as full_case in process $proc$/tmp/ases-kernel0-ingress-reduction/docs/research/kernel-0/direct-rtl/kernel0.v:53$366 in module $paramod\kernel0_step\COUPLED=0\EXCLUSIVE=1.
Removed a total of 0 dead cases.

3.2.3. Executing PROC_INIT pass (extract init attributes).

3.2.4. Executing PROC_ARST pass (detect async resets in processes).

3.2.5. Executing PROC_MUX pass (convert decision trees to multiplexers).
Creating decoders for process `\kernel0_machine.$proc$/tmp/ases-kernel0-ingress-reduction/docs/research/kernel-0/direct-rtl/kernel0.v:163$354'.
     1/3: $0\state[21:0]
     2/3: $0\committed[0:0]
     3/3: $0\resolved[0:0]
Creating decoders for process `$paramod\kernel0_step\COUPLED=0\EXCLUSIVE=1.$proc$/tmp/ases-kernel0-ingress-reduction/docs/research/kernel-0/direct-rtl/kernel0.v:53$366'.
     1/276: $9$func$\valid_state$/tmp/ases-kernel0-ingress-reduction/docs/research/kernel-0/direct-rtl/kernel0.v:143$361$\valid_state[0:0]$704
     2/276: $8$func$\valid_state$/tmp/ases-kernel0-ingress-reduction/docs/research/kernel-0/direct-rtl/kernel0.v:143$361$\valid_state[0:0]$695
     3/276: $7$func$\valid_state$/tmp/ases-kernel0-ingress-reduction/docs/research/kernel-0/direct-rtl/kernel0.v:143$361$\valid_state[0:0]$691
     4/276: $6$func$\valid_state$/tmp/ases-kernel0-ingress-reduction/docs/research/kernel-0/direct-rtl/kernel0.v:143$361$\valid_state[0:0]$687
     5/276: $5$func$\valid_state$/tmp/ases-kernel0-ingress-reduction/docs/research/kernel-0/direct-rtl/kernel0.v:143$361$\valid_state[0:0]$683
     6/276: $4$func$\valid_state$/tmp/ases-kernel0-ingress-reduction/docs/research/kernel-0/direct-rtl/kernel0.v:143$361$\valid_state[0:0]$679
     7/276: $3$func$\valid_state$/tmp/ases-kernel0-ingress-reduction/docs/research/kernel-0/direct-rtl/kernel0.v:143$361$\valid_state[0:0]$670
     8/276: $2$func$\valid_state$/tmp/ases-kernel0-ingress-reduction/docs/research/kernel-0/direct-rtl/kernel0.v:143$361$\valid_state[0:0]$658
     9/276: $1$func$\valid_state$/tmp/ases-kernel0-ingress-reduction/docs/research/kernel-0/direct-rtl/kernel0.v:143$361$\valid_state[0:0]$653
    10/276: $1$func$\valid_state$/tmp/ases-kernel0-ingress-reduction/docs/research/kernel-0/direct-rtl/kernel0.v:143$361$\i[31:0]$654
    11/276: $1$func$\valid_state$/tmp/ases-kernel0-ingress-reduction/docs/research/kernel-0/direct-rtl/kernel0.v:143$361$\parent_rights[2:0]$651
    12/276: $6\proposed[21:0] [21:17]
    13/276: $24\proposed[21:0] [2]
    14/276: $24\proposed[21:0] [3]
    15/276: $12\admitted[0:0]
    16/276: $24\proposed[21:0] [0]
    17/276: $24\proposed[21:0] [1]
    18/276: $26\proposed[21:0] [18]
    19/276: $26\proposed[21:0] [16]
    20/276: $26\proposed[21:0] [14]
    21/276: $26\proposed[21:0] [12]
    22/276: $26\proposed[21:0] [10]
    23/276: $26\proposed[21:0] [8]
    24/276: $26\proposed[21:0] [6]
    25/276: $26\proposed[21:0] [4]
    26/276: $26\proposed[21:0] [2]
    27/276: $26\proposed[21:0] [0]
    28/276: $26\proposed[21:0] [20]
    29/276: $26\proposed[21:0] [15]
    30/276: $26\proposed[21:0] [11]
    31/276: $26\proposed[21:0] [7]
    32/276: $26\proposed[21:0] [3]
    33/276: $26\proposed[21:0] [19]
    34/276: $26\proposed[21:0] [13]
    35/276: $26\proposed[21:0] [5]
    36/276: $26\proposed[21:0] [17]
    37/276: $26\proposed[21:0] [1]
    38/276: $26\proposed[21:0] [9]
    39/276: $25\proposed[21:0] [21]
    40/276: $25\proposed[21:0] [18]
    41/276: $25\proposed[21:0] [16]
    42/276: $25\proposed[21:0] [14]
    43/276: $25\proposed[21:0] [12]
    44/276: $25\proposed[21:0] [10]
    45/276: $25\proposed[21:0] [8]
    46/276: $25\proposed[21:0] [6]
    47/276: $25\proposed[21:0] [4]
    48/276: $25\proposed[21:0] [2]
    49/276: $25\proposed[21:0] [0]
    50/276: $25\proposed[21:0] [20]
    51/276: $25\proposed[21:0] [15]
    52/276: $25\proposed[21:0] [11]
    53/276: $25\proposed[21:0] [7]
    54/276: $25\proposed[21:0] [3]
    55/276: $25\proposed[21:0] [19]
    56/276: $25\proposed[21:0] [13]
    57/276: $25\proposed[21:0] [5]
    58/276: $25\proposed[21:0] [17]
    59/276: $25\proposed[21:0] [1]
    60/276: $25\proposed[21:0] [9]
    61/276: $26\proposed[21:0] [21]
    62/276: $11\admitted[0:0]
    63/276: $10\admitted[0:0]
    64/276: $23\proposed[21:0]
    65/276: $5\needed[2:0]
    66/276: $6\proposed[21:0] [16:8]
    67/276: $21\proposed[7:7]
    68/276: $22\proposed[21:17] [2:0]
    69/276: $9\admitted[0:0]
    70/276: $6\proposed[21:0] [7]
    71/276: $6\proposed[21:0] [6:0]
    72/276: $24\proposed[21:0] [21:4]
    73/276: $22\proposed[21:17] [4:3]
    74/276: $20\proposed[21:0] [18]
    75/276: $20\proposed[21:0] [16]
    76/276: $20\proposed[21:0] [14]
    77/276: $20\proposed[21:0] [12]
    78/276: $20\proposed[21:0] [10]
    79/276: $20\proposed[21:0] [8]
    80/276: $20\proposed[21:0] [6]
    81/276: $20\proposed[21:0] [4]
    82/276: $20\proposed[21:0] [2]
    83/276: $20\proposed[21:0] [0]
    84/276: $20\proposed[21:0] [20]
    85/276: $20\proposed[21:0] [15]
    86/276: $20\proposed[21:0] [11]
    87/276: $20\proposed[21:0] [7]
    88/276: $20\proposed[21:0] [3]
    89/276: $20\proposed[21:0] [19]
    90/276: $20\proposed[21:0] [13]
    91/276: $20\proposed[21:0] [5]
    92/276: $20\proposed[21:0] [17]
    93/276: $20\proposed[21:0] [1]
    94/276: $20\proposed[21:0] [9]
    95/276: $19\proposed[21:0] [21]
    96/276: $19\proposed[21:0] [17]
    97/276: $19\proposed[21:0] [19]
    98/276: $19\proposed[21:0] [15]
    99/276: $19\proposed[21:0] [13]
   100/276: $19\proposed[21:0] [11]
   101/276: $19\proposed[21:0] [9]
   102/276: $19\proposed[21:0] [7]
   103/276: $19\proposed[21:0] [5]
   104/276: $19\proposed[21:0] [3]
   105/276: $19\proposed[21:0] [1]
   106/276: $19\proposed[21:0] [20]
   107/276: $19\proposed[21:0] [16]
   108/276: $19\proposed[21:0] [12]
   109/276: $19\proposed[21:0] [8]
   110/276: $19\proposed[21:0] [4]
   111/276: $19\proposed[21:0] [0]
   112/276: $19\proposed[21:0] [14]
   113/276: $19\proposed[21:0] [18]
   114/276: $19\proposed[21:0] [10]
   115/276: $19\proposed[21:0] [2]
   116/276: $19\proposed[21:0] [6]
   117/276: $18\proposed[21:17] [4:3]
   118/276: $18\proposed[21:17] [2:0]
   119/276: $17\proposed[21:0] [21]
   120/276: $17\proposed[21:0] [17]
   121/276: $17\proposed[21:0] [19]
   122/276: $17\proposed[21:0] [15]
   123/276: $17\proposed[21:0] [13]
   124/276: $17\proposed[21:0] [11]
   125/276: $17\proposed[21:0] [9]
   126/276: $17\proposed[21:0] [7]
   127/276: $17\proposed[21:0] [5]
   128/276: $17\proposed[21:0] [3]
   129/276: $17\proposed[21:0] [1]
   130/276: $17\proposed[21:0] [20]
   131/276: $17\proposed[21:0] [16]
   132/276: $17\proposed[21:0] [12]
   133/276: $17\proposed[21:0] [8]
   134/276: $17\proposed[21:0] [4]
   135/276: $17\proposed[21:0] [0]
   136/276: $17\proposed[21:0] [14]
   137/276: $17\proposed[21:0] [18]
   138/276: $17\proposed[21:0] [10]
   139/276: $17\proposed[21:0] [2]
   140/276: $17\proposed[21:0] [6]
   141/276: $8\admitted[0:0]
   142/276: $16\proposed[21:0]
   143/276: $11\proposed[21:0] [21:17]
   144/276: $14\proposed[21:17] [2:0]
   145/276: $15\proposed[21:20]
   146/276: $13\proposed[21:20]
   147/276: $12\proposed[21:0] [21]
   148/276: $12\proposed[21:0] [17]
   149/276: $12\proposed[21:0] [19]
   150/276: $12\proposed[21:0] [15]
   151/276: $12\proposed[21:0] [13]
   152/276: $12\proposed[21:0] [11]
   153/276: $12\proposed[21:0] [9]
   154/276: $12\proposed[21:0] [7]
   155/276: $12\proposed[21:0] [5]
   156/276: $12\proposed[21:0] [3]
   157/276: $12\proposed[21:0] [1]
   158/276: $12\proposed[21:0] [20]
   159/276: $12\proposed[21:0] [16]
   160/276: $12\proposed[21:0] [12]
   161/276: $12\proposed[21:0] [8]
   162/276: $12\proposed[21:0] [4]
   163/276: $12\proposed[21:0] [0]
   164/276: $12\proposed[21:0] [14]
   165/276: $12\proposed[21:0] [18]
   166/276: $12\proposed[21:0] [10]
   167/276: $12\proposed[21:0] [2]
   168/276: $12\proposed[21:0] [6]
   169/276: $7\admitted[0:0]
   170/276: $11\proposed[21:0] [16:0]
   171/276: $14\proposed[21:17] [4:3]
   172/276: $7\proposed[21:0] [21:20]
   173/276: $9\proposed[21:0] [21]
   174/276: $9\proposed[21:0] [18]
   175/276: $9\proposed[21:0] [16]
   176/276: $9\proposed[21:0] [14]
   177/276: $9\proposed[21:0] [12]
   178/276: $9\proposed[21:0] [10]
   179/276: $9\proposed[21:0] [8]
   180/276: $9\proposed[21:0] [6]
   181/276: $9\proposed[21:0] [4]
   182/276: $9\proposed[21:0] [2]
   183/276: $9\proposed[21:0] [0]
   184/276: $9\proposed[21:0] [20]
   185/276: $9\proposed[21:0] [15]
   186/276: $9\proposed[21:0] [11]
   187/276: $9\proposed[21:0] [7]
   188/276: $9\proposed[21:0] [3]
   189/276: $9\proposed[21:0] [19]
   190/276: $9\proposed[21:0] [13]
   191/276: $9\proposed[21:0] [5]
   192/276: $9\proposed[21:0] [17]
   193/276: $9\proposed[21:0] [1]
   194/276: $9\proposed[21:0] [9]
   195/276: $8\proposed[21:0] [21]
   196/276: $8\proposed[21:0] [17]
   197/276: $8\proposed[21:0] [19]
   198/276: $8\proposed[21:0] [15]
   199/276: $8\proposed[21:0] [13]
   200/276: $8\proposed[21:0] [11]
   201/276: $8\proposed[21:0] [9]
   202/276: $8\proposed[21:0] [7]
   203/276: $8\proposed[21:0] [5]
   204/276: $8\proposed[21:0] [3]
   205/276: $8\proposed[21:0] [1]
   206/276: $8\proposed[21:0] [20]
   207/276: $8\proposed[21:0] [16]
   208/276: $8\proposed[21:0] [12]
   209/276: $8\proposed[21:0] [8]
   210/276: $8\proposed[21:0] [4]
   211/276: $8\proposed[21:0] [0]
   212/276: $8\proposed[21:0] [14]
   213/276: $8\proposed[21:0] [18]
   214/276: $8\proposed[21:0] [10]
   215/276: $8\proposed[21:0] [2]
   216/276: $8\proposed[21:0] [6]
   217/276: $6\admitted[0:0]
   218/276: $7\proposed[21:0] [19:0]
   219/276: $10\proposed[21:20]
   220/276: $5\admitted[0:0]
   221/276: $20\proposed[21:0] [21]
   222/276: $4\needed[2:0]
   223/276: $3\needed[2:0]
   224/276: $4\admitted[0:0]
   225/276: $5\proposed[21:0]
   226/276: $2\proposed[21:0] [21:4]
   227/276: $2\proposed[21:0] [2:1]
   228/276: $4\proposed[3:3]
   229/276: $3\proposed[0:0]
   230/276: $2\admitted[0:0]
   231/276: $2\proposed[21:0] [3]
   232/276: $3\admitted[0:0]
   233/276: $2\needed[2:0]
   234/276: $2\proposed[21:0] [0]
   235/276: $1\needed[2:0]
   236/276: $1\admitted[0:0]
   237/276: $1\proposed[21:0]
   238/276: $9$func$\valid_state$/tmp/ases-kernel0-ingress-reduction/docs/research/kernel-0/direct-rtl/kernel0.v:76$356$\valid_state[0:0]$513
   239/276: $8$func$\valid_state$/tmp/ases-kernel0-ingress-reduction/docs/research/kernel-0/direct-rtl/kernel0.v:76$356$\valid_state[0:0]$504
   240/276: $7$func$\valid_state$/tmp/ases-kernel0-ingress-reduction/docs/research/kernel-0/direct-rtl/kernel0.v:76$356$\valid_state[0:0]$500
   241/276: $6$func$\valid_state$/tmp/ases-kernel0-ingress-reduction/docs/research/kernel-0/direct-rtl/kernel0.v:76$356$\valid_state[0:0]$496
   242/276: $5$func$\valid_state$/tmp/ases-kernel0-ingress-reduction/docs/research/kernel-0/direct-rtl/kernel0.v:76$356$\valid_state[0:0]$492
   243/276: $4$func$\valid_state$/tmp/ases-kernel0-ingress-reduction/docs/research/kernel-0/direct-rtl/kernel0.v:76$356$\valid_state[0:0]$488
   244/276: $3$func$\valid_state$/tmp/ases-kernel0-ingress-reduction/docs/research/kernel-0/direct-rtl/kernel0.v:76$356$\valid_state[0:0]$479
   245/276: $2$func$\valid_state$/tmp/ases-kernel0-ingress-reduction/docs/research/kernel-0/direct-rtl/kernel0.v:76$356$\valid_state[0:0]$467
   246/276: $1$func$\valid_state$/tmp/ases-kernel0-ingress-reduction/docs/research/kernel-0/direct-rtl/kernel0.v:76$356$\valid_state[0:0]$463
   247/276: $1$func$\valid_state$/tmp/ases-kernel0-ingress-reduction/docs/research/kernel-0/direct-rtl/kernel0.v:76$356$\i[31:0]$462
   248/276: $1$func$\valid_state$/tmp/ases-kernel0-ingress-reduction/docs/research/kernel-0/direct-rtl/kernel0.v:76$356$\parent_rights[2:0]$460
   249/276: $1\wellformed[0:0]
   250/276: $1\actor_rights[2:0]
   251/276: $0\state_out[21:0]
   252/276: $0\commit[0:0]
   253/276: $0$func$\valid_state$/tmp/ases-kernel0-ingress-reduction/docs/research/kernel-0/direct-rtl/kernel0.v:143$361$\i[31:0]$384
   254/276: $0$func$\valid_state$/tmp/ases-kernel0-ingress-reduction/docs/research/kernel-0/direct-rtl/kernel0.v:143$361$\valid_state[0:0]$376
   255/276: $0$func$\valid_state$/tmp/ases-kernel0-ingress-reduction/docs/research/kernel-0/direct-rtl/kernel0.v:143$361$\parent_rights[2:0]$382
   256/276: $0$func$\valid_state$/tmp/ases-kernel0-ingress-reduction/docs/research/kernel-0/direct-rtl/kernel0.v:143$361$\parent[1:0]$383
   257/276: $0$func$\valid_state$/tmp/ases-kernel0-ingress-reduction/docs/research/kernel-0/direct-rtl/kernel0.v:143$361$\r3[2:0]$381
   258/276: $0$func$\valid_state$/tmp/ases-kernel0-ingress-reduction/docs/research/kernel-0/direct-rtl/kernel0.v:143$361$\r2[2:0]$380
   259/276: $0$func$\valid_state$/tmp/ases-kernel0-ingress-reduction/docs/research/kernel-0/direct-rtl/kernel0.v:143$361$\r1[2:0]$379
   260/276: $0$func$\valid_state$/tmp/ases-kernel0-ingress-reduction/docs/research/kernel-0/direct-rtl/kernel0.v:143$361$\r0[2:0]$378
   261/276: $0$func$\valid_state$/tmp/ases-kernel0-ingress-reduction/docs/research/kernel-0/direct-rtl/kernel0.v:143$361$\s[21:0]$377
   262/276: $0\needed[2:0]
   263/276: $0\admitted[0:0]
   264/276: $0\proposed[21:0]
   265/276: $0$func$\valid_state$/tmp/ases-kernel0-ingress-reduction/docs/research/kernel-0/direct-rtl/kernel0.v:76$356$\valid_state[0:0]$373
   266/276: $0$func$\valid_state$/tmp/ases-kernel0-ingress-reduction/docs/research/kernel-0/direct-rtl/kernel0.v:76$356$\i[31:0]$367
   267/276: $0$func$\valid_state$/tmp/ases-kernel0-ingress-reduction/docs/research/kernel-0/direct-rtl/kernel0.v:76$356$\parent_rights[2:0]$371
   268/276: $0$func$\valid_state$/tmp/ases-kernel0-ingress-reduction/docs/research/kernel-0/direct-rtl/kernel0.v:76$356$\parent[1:0]$370
   269/276: $0$func$\valid_state$/tmp/ases-kernel0-ingress-reduction/docs/research/kernel-0/direct-rtl/kernel0.v:76$356$\r3[2:0]$368
   270/276: $0$func$\valid_state$/tmp/ases-kernel0-ingress-reduction/docs/research/kernel-0/direct-rtl/kernel0.v:76$356$\r2[2:0]$374
   271/276: $0$func$\valid_state$/tmp/ases-kernel0-ingress-reduction/docs/research/kernel-0/direct-rtl/kernel0.v:76$356$\r1[2:0]$375
   272/276: $0$func$\valid_state$/tmp/ases-kernel0-ingress-reduction/docs/research/kernel-0/direct-rtl/kernel0.v:76$356$\r0[2:0]$369
   273/276: $0$func$\valid_state$/tmp/ases-kernel0-ingress-reduction/docs/research/kernel-0/direct-rtl/kernel0.v:76$356$\s[21:0]$372
   274/276: $0\wellformed[0:0]
   275/276: $0\actor_rights[2:0]
   276/276: $0\current_rights[2:0]

3.2.6. Executing PROC_DLATCH pass (convert process syncs to latches).
No latch inferred for signal `$paramod\kernel0_step\COUPLED=0\EXCLUSIVE=1.\state_out' from process `$paramod\kernel0_step\COUPLED=0\EXCLUSIVE=1.$proc$/tmp/ases-kernel0-ingress-reduction/docs/research/kernel-0/direct-rtl/kernel0.v:53$366'.
No latch inferred for signal `$paramod\kernel0_step\COUPLED=0\EXCLUSIVE=1.\commit' from process `$paramod\kernel0_step\COUPLED=0\EXCLUSIVE=1.$proc$/tmp/ases-kernel0-ingress-reduction/docs/research/kernel-0/direct-rtl/kernel0.v:53$366'.
No latch inferred for signal `$paramod\kernel0_step\COUPLED=0\EXCLUSIVE=1.\proposed' from process `$paramod\kernel0_step\COUPLED=0\EXCLUSIVE=1.$proc$/tmp/ases-kernel0-ingress-reduction/docs/research/kernel-0/direct-rtl/kernel0.v:53$366'.
No latch inferred for signal `$paramod\kernel0_step\COUPLED=0\EXCLUSIVE=1.\admitted' from process `$paramod\kernel0_step\COUPLED=0\EXCLUSIVE=1.$proc$/tmp/ases-kernel0-ingress-reduction/docs/research/kernel-0/direct-rtl/kernel0.v:53$366'.
No latch inferred for signal `$paramod\kernel0_step\COUPLED=0\EXCLUSIVE=1.\wellformed' from process `$paramod\kernel0_step\COUPLED=0\EXCLUSIVE=1.$proc$/tmp/ases-kernel0-ingress-reduction/docs/research/kernel-0/direct-rtl/kernel0.v:53$366'.
No latch inferred for signal `$paramod\kernel0_step\COUPLED=0\EXCLUSIVE=1.\current_rights' from process `$paramod\kernel0_step\COUPLED=0\EXCLUSIVE=1.$proc$/tmp/ases-kernel0-ingress-reduction/docs/research/kernel-0/direct-rtl/kernel0.v:53$366'.
No latch inferred for signal `$paramod\kernel0_step\COUPLED=0\EXCLUSIVE=1.\actor_rights' from process `$paramod\kernel0_step\COUPLED=0\EXCLUSIVE=1.$proc$/tmp/ases-kernel0-ingress-reduction/docs/research/kernel-0/direct-rtl/kernel0.v:53$366'.
No latch inferred for signal `$paramod\kernel0_step\COUPLED=0\EXCLUSIVE=1.\needed' from process `$paramod\kernel0_step\COUPLED=0\EXCLUSIVE=1.$proc$/tmp/ases-kernel0-ingress-reduction/docs/research/kernel-0/direct-rtl/kernel0.v:53$366'.
No latch inferred for signal `$paramod\kernel0_step\COUPLED=0\EXCLUSIVE=1.$func$\valid_state$/tmp/ases-kernel0-ingress-reduction/docs/research/kernel-0/direct-rtl/kernel0.v:76$356$\i' from process `$paramod\kernel0_step\COUPLED=0\EXCLUSIVE=1.$proc$/tmp/ases-kernel0-ingress-reduction/docs/research/kernel-0/direct-rtl/kernel0.v:53$366'.
No latch inferred for signal `$paramod\kernel0_step\COUPLED=0\EXCLUSIVE=1.$func$\valid_state$/tmp/ases-kernel0-ingress-reduction/docs/research/kernel-0/direct-rtl/kernel0.v:76$356$\r3' from process `$paramod\kernel0_step\COUPLED=0\EXCLUSIVE=1.$proc$/tmp/ases-kernel0-ingress-reduction/docs/research/kernel-0/direct-rtl/kernel0.v:53$366'.
No latch inferred for signal `$paramod\kernel0_step\COUPLED=0\EXCLUSIVE=1.$func$\valid_state$/tmp/ases-kernel0-ingress-reduction/docs/research/kernel-0/direct-rtl/kernel0.v:76$356$\r0' from process `$paramod\kernel0_step\COUPLED=0\EXCLUSIVE=1.$proc$/tmp/ases-kernel0-ingress-reduction/docs/research/kernel-0/direct-rtl/kernel0.v:53$366'.
No latch inferred for signal `$paramod\kernel0_step\COUPLED=0\EXCLUSIVE=1.$func$\valid_state$/tmp/ases-kernel0-ingress-reduction/docs/research/kernel-0/direct-rtl/kernel0.v:76$356$\parent' from process `$paramod\kernel0_step\COUPLED=0\EXCLUSIVE=1.$proc$/tmp/ases-kernel0-ingress-reduction/docs/research/kernel-0/direct-rtl/kernel0.v:53$366'.
No latch inferred for signal `$paramod\kernel0_step\COUPLED=0\EXCLUSIVE=1.$func$\valid_state$/tmp/ases-kernel0-ingress-reduction/docs/research/kernel-0/direct-rtl/kernel0.v:76$356$\parent_rights' from process `$paramod\kernel0_step\COUPLED=0\EXCLUSIVE=1.$proc$/tmp/ases-kernel0-ingress-reduction/docs/research/kernel-0/direct-rtl/kernel0.v:53$366'.
No latch inferred for signal `$paramod\kernel0_step\COUPLED=0\EXCLUSIVE=1.$func$\valid_state$/tmp/ases-kernel0-ingress-reduction/docs/research/kernel-0/direct-rtl/kernel0.v:76$356$\s' from process `$paramod\kernel0_step\COUPLED=0\EXCLUSIVE=1.$proc$/tmp/ases-kernel0-ingress-reduction/docs/research/kernel-0/direct-rtl/kernel0.v:53$366'.
No latch inferred for signal `$paramod\kernel0_step\COUPLED=0\EXCLUSIVE=1.$func$\valid_state$/tmp/ases-kernel0-ingress-reduction/docs/research/kernel-0/direct-rtl/kernel0.v:76$356$\valid_state' from process `$paramod\kernel0_step\COUPLED=0\EXCLUSIVE=1.$proc$/tmp/ases-kernel0-ingress-reduction/docs/research/kernel-0/direct-rtl/kernel0.v:53$366'.
No latch inferred for signal `$paramod\kernel0_step\COUPLED=0\EXCLUSIVE=1.$func$\valid_state$/tmp/ases-kernel0-ingress-reduction/docs/research/kernel-0/direct-rtl/kernel0.v:76$356$\r2' from process `$paramod\kernel0_step\COUPLED=0\EXCLUSIVE=1.$proc$/tmp/ases-kernel0-ingress-reduction/docs/research/kernel-0/direct-rtl/kernel0.v:53$366'.
No latch inferred for signal `$paramod\kernel0_step\COUPLED=0\EXCLUSIVE=1.$func$\valid_state$/tmp/ases-kernel0-ingress-reduction/docs/research/kernel-0/direct-rtl/kernel0.v:76$356$\r1' from process `$paramod\kernel0_step\COUPLED=0\EXCLUSIVE=1.$proc$/tmp/ases-kernel0-ingress-reduction/docs/research/kernel-0/direct-rtl/kernel0.v:53$366'.
No latch inferred for signal `$paramod\kernel0_step\COUPLED=0\EXCLUSIVE=1.$func$\valid_state$/tmp/ases-kernel0-ingress-reduction/docs/research/kernel-0/direct-rtl/kernel0.v:143$361$\valid_state' from process `$paramod\kernel0_step\COUPLED=0\EXCLUSIVE=1.$proc$/tmp/ases-kernel0-ingress-reduction/docs/research/kernel-0/direct-rtl/kernel0.v:53$366'.
No latch inferred for signal `$paramod\kernel0_step\COUPLED=0\EXCLUSIVE=1.$func$\valid_state$/tmp/ases-kernel0-ingress-reduction/docs/research/kernel-0/direct-rtl/kernel0.v:143$361$\s' from process `$paramod\kernel0_step\COUPLED=0\EXCLUSIVE=1.$proc$/tmp/ases-kernel0-ingress-reduction/docs/research/kernel-0/direct-rtl/kernel0.v:53$366'.
No latch inferred for signal `$paramod\kernel0_step\COUPLED=0\EXCLUSIVE=1.$func$\valid_state$/tmp/ases-kernel0-ingress-reduction/docs/research/kernel-0/direct-rtl/kernel0.v:143$361$\r0' from process `$paramod\kernel0_step\COUPLED=0\EXCLUSIVE=1.$proc$/tmp/ases-kernel0-ingress-reduction/docs/research/kernel-0/direct-rtl/kernel0.v:53$366'.
No latch inferred for signal `$paramod\kernel0_step\COUPLED=0\EXCLUSIVE=1.$func$\valid_state$/tmp/ases-kernel0-ingress-reduction/docs/research/kernel-0/direct-rtl/kernel0.v:143$361$\r1' from process `$paramod\kernel0_step\COUPLED=0\EXCLUSIVE=1.$proc$/tmp/ases-kernel0-ingress-reduction/docs/research/kernel-0/direct-rtl/kernel0.v:53$366'.
No latch inferred for signal `$paramod\kernel0_step\COUPLED=0\EXCLUSIVE=1.$func$\valid_state$/tmp/ases-kernel0-ingress-reduction/docs/research/kernel-0/direct-rtl/kernel0.v:143$361$\r2' from process `$paramod\kernel0_step\COUPLED=0\EXCLUSIVE=1.$proc$/tmp/ases-kernel0-ingress-reduction/docs/research/kernel-0/direct-rtl/kernel0.v:53$366'.
No latch inferred for signal `$paramod\kernel0_step\COUPLED=0\EXCLUSIVE=1.$func$\valid_state$/tmp/ases-kernel0-ingress-reduction/docs/research/kernel-0/direct-rtl/kernel0.v:143$361$\r3' from process `$paramod\kernel0_step\COUPLED=0\EXCLUSIVE=1.$proc$/tmp/ases-kernel0-ingress-reduction/docs/research/kernel-0/direct-rtl/kernel0.v:53$366'.
No latch inferred for signal `$paramod\kernel0_step\COUPLED=0\EXCLUSIVE=1.$func$\valid_state$/tmp/ases-kernel0-ingress-reduction/docs/research/kernel-0/direct-rtl/kernel0.v:143$361$\parent_rights' from process `$paramod\kernel0_step\COUPLED=0\EXCLUSIVE=1.$proc$/tmp/ases-kernel0-ingress-reduction/docs/research/kernel-0/direct-rtl/kernel0.v:53$366'.
No latch inferred for signal `$paramod\kernel0_step\COUPLED=0\EXCLUSIVE=1.$func$\valid_state$/tmp/ases-kernel0-ingress-reduction/docs/research/kernel-0/direct-rtl/kernel0.v:143$361$\parent' from process `$paramod\kernel0_step\COUPLED=0\EXCLUSIVE=1.$proc$/tmp/ases-kernel0-ingress-reduction/docs/research/kernel-0/direct-rtl/kernel0.v:53$366'.
No latch inferred for signal `$paramod\kernel0_step\COUPLED=0\EXCLUSIVE=1.$func$\valid_state$/tmp/ases-kernel0-ingress-reduction/docs/research/kernel-0/direct-rtl/kernel0.v:143$361$\i' from process `$paramod\kernel0_step\COUPLED=0\EXCLUSIVE=1.$proc$/tmp/ases-kernel0-ingress-reduction/docs/research/kernel-0/direct-rtl/kernel0.v:53$366'.

3.2.7. Executing PROC_DFF pass (convert process syncs to FFs).
Creating register for signal `\kernel0_machine.\resolved' using process `\kernel0_machine.$proc$/tmp/ases-kernel0-ingress-reduction/docs/research/kernel-0/direct-rtl/kernel0.v:163$354'.
  created $dff cell `$procdff$7258' with positive edge clock.
Creating register for signal `\kernel0_machine.\committed' using process `\kernel0_machine.$proc$/tmp/ases-kernel0-ingress-reduction/docs/research/kernel-0/direct-rtl/kernel0.v:163$354'.
  created $dff cell `$procdff$7259' with positive edge clock.
Creating register for signal `\kernel0_machine.\state' using process `\kernel0_machine.$proc$/tmp/ases-kernel0-ingress-reduction/docs/research/kernel-0/direct-rtl/kernel0.v:163$354'.
  created $dff cell `$procdff$7260' with positive edge clock.

3.2.8. Executing PROC_CLEAN pass (remove empty switches from decision trees).
Found and cleaned up 2 empty switches in `\kernel0_machine.$proc$/tmp/ases-kernel0-ingress-reduction/docs/research/kernel-0/direct-rtl/kernel0.v:163$354'.
Removing empty process `kernel0_machine.$proc$/tmp/ases-kernel0-ingress-reduction/docs/research/kernel-0/direct-rtl/kernel0.v:163$354'.
Found and cleaned up 48 empty switches in `$paramod\kernel0_step\COUPLED=0\EXCLUSIVE=1.$proc$/tmp/ases-kernel0-ingress-reduction/docs/research/kernel-0/direct-rtl/kernel0.v:53$366'.
Removing empty process `$paramod\kernel0_step\COUPLED=0\EXCLUSIVE=1.$proc$/tmp/ases-kernel0-ingress-reduction/docs/research/kernel-0/direct-rtl/kernel0.v:53$366'.
Cleaned up 50 empty switches.

3.3. Executing FLATTEN pass (flatten design).
Using template $paramod\kernel0_step\COUPLED=0\EXCLUSIVE=1 for cells of type $paramod\kernel0_step\COUPLED=0\EXCLUSIVE=1.
<suppressed ~1 debug messages>
No more expansions possible.
Deleting now unused module $paramod\kernel0_step\COUPLED=0\EXCLUSIVE=1.

3.4. Executing OPT_EXPR pass (perform const folding).
Optimizing module kernel0_machine.
<suppressed ~114 debug messages>

3.5. Executing OPT_CLEAN pass (remove unused cells and wires).
Finding unused cells or wires in module \kernel0_machine..
Removed 21 unused cells and 1254 unused wires.
<suppressed ~35 debug messages>

3.6. Executing CHECK pass (checking for obvious problems).
checking module kernel0_machine..
found and reported 0 problems.

3.7. Executing OPT pass (performing simple optimizations).

3.7.1. Executing OPT_EXPR pass (perform const folding).
Optimizing module kernel0_machine.

3.7.2. Executing OPT_MERGE pass (detect identical cells).
Finding identical cells in module `\kernel0_machine'.
<suppressed ~2829 debug messages>
Removed a total of 943 cells.

3.7.3. Executing OPT_MUXTREE pass (detect dead branches in mux trees).
Running muxtree optimizer on module \kernel0_machine..
  Creating internal representation of mux trees.
  Evaluating internal representation of mux trees.
      Replacing known input bits on port A of cell $techmap\transition.$procmux$4689: \state -> { \state [21:1] 1'1 }
      Replacing known input bits on port A of cell $techmap\transition.$procmux$4498: \state [0] -> 1'1
      Replacing known input bits on port A of cell $techmap\transition.$procmux$2478: \state -> { \state [21:1] 1'1 }
      Replacing known input bits on port A of cell $techmap\transition.$procmux$865: \state [0] -> 1'1
      Replacing known input bits on port A of cell $techmap\transition.$procmux$1245: \state [0] -> 1'1
      Replacing known input bits on port A of cell $techmap\transition.$procmux$2015: \state [0] -> 1'1
      Replacing known input bits on port A of cell $techmap\transition.$procmux$5499: \state [16:0] -> { \state [16:1] 1'1 }
      Replacing known input bits on port A of cell $techmap\transition.$procmux$5301: \state [0] -> 1'1
      Replacing known input bits on port A of cell $techmap\transition.$procmux$7004: \state [19:0] -> { \state [19:1] 1'1 }
      Replacing known input bits on port A of cell $techmap\transition.$procmux$6799: \state [0] -> 1'1
      Replacing known input bits on port A of cell $techmap\transition.$procmux$7105: \state -> { \state [21:1] 1'0 }
      Replacing known input bits on port A of cell $techmap\transition.$procmux$2589: \state [6:0] -> { \state [6:1] 1'1 }
      Replacing known input bits on port B of cell $techmap\transition.$procmux$7136: \state [0] -> 1'1
  Analyzing evaluation results.
    dead port 2/2 on $mux $techmap\transition.$procmux$2520.
    dead port 2/2 on $mux $techmap\transition.$procmux$2529.
    dead port 2/2 on $mux $techmap\transition.$procmux$2531.
    dead port 1/2 on $mux $techmap\transition.$procmux$2534.
    dead port 2/2 on $mux $techmap\transition.$procmux$2536.
    dead port 2/2 on $mux $techmap\transition.$procmux$2545.
    dead port 2/2 on $mux $techmap\transition.$procmux$2547.
    dead port 1/2 on $mux $techmap\transition.$procmux$2550.
    dead port 2/2 on $mux $techmap\transition.$procmux$2552.
    dead port 2/2 on $mux $techmap\transition.$procmux$2561.
    dead port 2/2 on $mux $techmap\transition.$procmux$2563.
    dead port 1/2 on $mux $techmap\transition.$procmux$2566.
    dead port 2/2 on $mux $techmap\transition.$procmux$2568.
    dead port 2/2 on $mux $techmap\transition.$procmux$1124.
    dead port 2/2 on $mux $techmap\transition.$procmux$1278.
    dead port 1/2 on $mux $techmap\transition.$procmux$1281.
    dead port 2/2 on $mux $techmap\transition.$procmux$1283.
    dead port 2/2 on $mux $techmap\transition.$procmux$2579.
    dead port 1/2 on $mux $techmap\transition.$procmux$2582.
    dead port 2/2 on $mux $techmap\transition.$procmux$2584.
    dead port 1/2 on $mux $techmap\transition.$procmux$1127.
    dead port 2/2 on $mux $techmap\transition.$procmux$1302.
    dead port 2/2 on $mux $techmap\transition.$procmux$1304.
    dead port 2/2 on $mux $techmap\transition.$procmux$1306.
    dead port 2/2 on $mux $techmap\transition.$procmux$2327.
    dead port 2/2 on $mux $techmap\transition.$procmux$2594.
    dead port 1/2 on $mux $techmap\transition.$procmux$2597.
    dead port 2/2 on $mux $techmap\transition.$procmux$2599.
    dead port 2/2 on $mux $techmap\transition.$procmux$2612.
    dead port 2/2 on $mux $techmap\transition.$procmux$2614.
    dead port 1/2 on $mux $techmap\transition.$procmux$2330.
    dead port 2/2 on $mux $techmap\transition.$procmux$1308.
    dead port 1/2 on $mux $techmap\transition.$procmux$1311.
    dead port 2/2 on $mux $techmap\transition.$procmux$1313.
    dead port 2/2 on $mux $techmap\transition.$procmux$2616.
    dead port 1/2 on $mux $techmap\transition.$procmux$2619.
    dead port 2/2 on $mux $techmap\transition.$procmux$2621.
    dead port 2/2 on $mux $techmap\transition.$procmux$2630.
    dead port 2/2 on $mux $techmap\transition.$procmux$1336.
    dead port 2/2 on $mux $techmap\transition.$procmux$2632.
    dead port 1/2 on $mux $techmap\transition.$procmux$2635.
    dead port 2/2 on $mux $techmap\transition.$procmux$2637.
    dead port 2/2 on $mux $techmap\transition.$procmux$2651.
    dead port 2/2 on $mux $techmap\transition.$procmux$2653.
    dead port 2/2 on $mux $techmap\transition.$procmux$2655.
    dead port 1/2 on $mux $techmap\transition.$procmux$2658.
    dead port 2/2 on $mux $techmap\transition.$procmux$2660.
    dead port 2/2 on $mux $techmap\transition.$procmux$2676.
    dead port 2/2 on $mux $techmap\transition.$procmux$2678.
    dead port 2/2 on $mux $techmap\transition.$procmux$1338.
    dead port 2/2 on $mux $techmap\transition.$procmux$2680.
    dead port 1/2 on $mux $techmap\transition.$procmux$2683.
    dead port 2/2 on $mux $techmap\transition.$procmux$2685.
    dead port 2/2 on $mux $techmap\transition.$procmux$2703.
    dead port 2/2 on $mux $techmap\transition.$procmux$2705.
    dead port 2/2 on $mux $techmap\transition.$procmux$1340.
    dead port 2/2 on $mux $techmap\transition.$procmux$2707.
    dead port 1/2 on $mux $techmap\transition.$procmux$2710.
    dead port 2/2 on $mux $techmap\transition.$procmux$2712.
    dead port 2/2 on $mux $techmap\transition.$procmux$2732.
    dead port 2/2 on $mux $techmap\transition.$procmux$2734.
    dead port 2/2 on $mux $techmap\transition.$procmux$2332.
    dead port 2/2 on $mux $techmap\transition.$procmux$2736.
    dead port 1/2 on $mux $techmap\transition.$procmux$2739.
    dead port 2/2 on $mux $techmap\transition.$procmux$2741.
    dead port 2/2 on $mux $techmap\transition.$procmux$2763.
    dead port 2/2 on $mux $techmap\transition.$procmux$2765.
    dead port 2/2 on $mux $techmap\transition.$procmux$2767.
    dead port 1/2 on $mux $techmap\transition.$procmux$2770.
    dead port 2/2 on $mux $techmap\transition.$procmux$2772.
    dead port 2/2 on $mux $techmap\transition.$procmux$2796.
    dead port 2/2 on $mux $techmap\transition.$procmux$2798.
    dead port 2/2 on $mux $techmap\transition.$procmux$2800.
    dead port 1/2 on $mux $techmap\transition.$procmux$2803.
    dead port 2/2 on $mux $techmap\transition.$procmux$2805.
    dead port 2/2 on $mux $techmap\transition.$procmux$2831.
    dead port 2/2 on $mux $techmap\transition.$procmux$2833.
    dead port 2/2 on $mux $techmap\transition.$procmux$2835.
    dead port 1/2 on $mux $techmap\transition.$procmux$2838.
    dead port 2/2 on $mux $techmap\transition.$procmux$2840.
    dead port 2/2 on $mux $techmap\transition.$procmux$2868.
    dead port 2/2 on $mux $techmap\transition.$procmux$2870.
    dead port 2/2 on $mux $techmap\transition.$procmux$2872.
    dead port 1/2 on $mux $techmap\transition.$procmux$2875.
    dead port 2/2 on $mux $techmap\transition.$procmux$2877.
    dead port 2/2 on $mux $techmap\transition.$procmux$2907.
    dead port 2/2 on $mux $techmap\transition.$procmux$2909.
    dead port 2/2 on $mux $techmap\transition.$procmux$2911.
    dead port 1/2 on $mux $techmap\transition.$procmux$2914.
    dead port 2/2 on $mux $techmap\transition.$procmux$2916.
    dead port 2/2 on $mux $techmap\transition.$procmux$2948.
    dead port 2/2 on $mux $techmap\transition.$procmux$2950.
    dead port 2/2 on $mux $techmap\transition.$procmux$1342.
    dead port 2/2 on $mux $techmap\transition.$procmux$2952.
    dead port 1/2 on $mux $techmap\transition.$procmux$2955.
    dead port 2/2 on $mux $techmap\transition.$procmux$2957.
    dead port 2/2 on $mux $techmap\transition.$procmux$2969.
    dead port 2/2 on $mux $techmap\transition.$procmux$2971.
    dead port 1/2 on $mux $techmap\transition.$procmux$1345.
    dead port 2/2 on $mux $techmap\transition.$procmux$2973.
    dead port 1/2 on $mux $techmap\transition.$procmux$2976.
    dead port 2/2 on $mux $techmap\transition.$procmux$2978.
    dead port 2/2 on $mux $techmap\transition.$procmux$2995.
    dead port 2/2 on $mux $techmap\transition.$procmux$2997.
    dead port 2/2 on $mux $techmap\transition.$procmux$1347.
    dead port 2/2 on $mux $techmap\transition.$procmux$2999.
    dead port 1/2 on $mux $techmap\transition.$procmux$3002.
    dead port 2/2 on $mux $techmap\transition.$procmux$3004.
    dead port 2/2 on $mux $techmap\transition.$procmux$3025.
    dead port 2/2 on $mux $techmap\transition.$procmux$3027.
    dead port 2/2 on $mux $techmap\transition.$procmux$3029.
    dead port 1/2 on $mux $techmap\transition.$procmux$3032.
    dead port 2/2 on $mux $techmap\transition.$procmux$3034.
    dead port 2/2 on $mux $techmap\transition.$procmux$3059.
    dead port 2/2 on $mux $techmap\transition.$procmux$3061.
    dead port 2/2 on $mux $techmap\transition.$procmux$3063.
    dead port 1/2 on $mux $techmap\transition.$procmux$3066.
    dead port 2/2 on $mux $techmap\transition.$procmux$3068.
    dead port 2/2 on $mux $techmap\transition.$procmux$3097.
    dead port 2/2 on $mux $techmap\transition.$procmux$3099.
    dead port 2/2 on $mux $techmap\transition.$procmux$1374.
    dead port 2/2 on $mux $techmap\transition.$procmux$3101.
    dead port 1/2 on $mux $techmap\transition.$procmux$3104.
    dead port 2/2 on $mux $techmap\transition.$procmux$3106.
    dead port 2/2 on $mux $techmap\transition.$procmux$3119.
    dead port 2/2 on $mux $techmap\transition.$procmux$3121.
    dead port 2/2 on $mux $techmap\transition.$procmux$3123.
    dead port 1/2 on $mux $techmap\transition.$procmux$3126.
    dead port 2/2 on $mux $techmap\transition.$procmux$3128.
    dead port 2/2 on $mux $techmap\transition.$procmux$3147.
    dead port 2/2 on $mux $techmap\transition.$procmux$3149.
    dead port 2/2 on $mux $techmap\transition.$procmux$1376.
    dead port 2/2 on $mux $techmap\transition.$procmux$3151.
    dead port 1/2 on $mux $techmap\transition.$procmux$3154.
    dead port 2/2 on $mux $techmap\transition.$procmux$3156.
    dead port 2/2 on $mux $techmap\transition.$procmux$3183.
    dead port 2/2 on $mux $techmap\transition.$procmux$3185.
    dead port 2/2 on $mux $techmap\transition.$procmux$1378.
    dead port 2/2 on $mux $techmap\transition.$procmux$3187.
    dead port 1/2 on $mux $techmap\transition.$procmux$3190.
    dead port 2/2 on $mux $techmap\transition.$procmux$3192.
    dead port 2/2 on $mux $techmap\transition.$procmux$3207.
    dead port 2/2 on $mux $techmap\transition.$procmux$3209.
    dead port 2/2 on $mux $techmap\transition.$procmux$1129.
    dead port 2/2 on $mux $techmap\transition.$procmux$3211.
    dead port 1/2 on $mux $techmap\transition.$procmux$3214.
    dead port 2/2 on $mux $techmap\transition.$procmux$3216.
    dead port 2/2 on $mux $techmap\transition.$procmux$3247.
    dead port 2/2 on $mux $techmap\transition.$procmux$3249.
    dead port 2/2 on $mux $techmap\transition.$procmux$3251.
    dead port 1/2 on $mux $techmap\transition.$procmux$3254.
    dead port 2/2 on $mux $techmap\transition.$procmux$3256.
    dead port 2/2 on $mux $techmap\transition.$procmux$3279.
    dead port 2/2 on $mux $techmap\transition.$procmux$3281.
    dead port 2/2 on $mux $techmap\transition.$procmux$3283.
    dead port 1/2 on $mux $techmap\transition.$procmux$3286.
    dead port 2/2 on $mux $techmap\transition.$procmux$3288.
    dead port 2/2 on $mux $techmap\transition.$procmux$3299.
    dead port 2/2 on $mux $techmap\transition.$procmux$3301.
    dead port 2/2 on $mux $techmap\transition.$procmux$3303.
    dead port 1/2 on $mux $techmap\transition.$procmux$3306.
    dead port 2/2 on $mux $techmap\transition.$procmux$3308.
    dead port 2/2 on $mux $techmap\transition.$procmux$3323.
    dead port 2/2 on $mux $techmap\transition.$procmux$3325.
    dead port 2/2 on $mux $techmap\transition.$procmux$2366.
    dead port 2/2 on $mux $techmap\transition.$procmux$3327.
    dead port 1/2 on $mux $techmap\transition.$procmux$3330.
    dead port 2/2 on $mux $techmap\transition.$procmux$3332.
    dead port 2/2 on $mux $techmap\transition.$procmux$1380.
    dead port 2/2 on $mux $techmap\transition.$procmux$3345.
    dead port 2/2 on $mux $techmap\transition.$procmux$3347.
    dead port 1/2 on $mux $techmap\transition.$procmux$1383.
    dead port 2/2 on $mux $techmap\transition.$procmux$3349.
    dead port 1/2 on $mux $techmap\transition.$procmux$3352.
    dead port 2/2 on $mux $techmap\transition.$procmux$3354.
    dead port 2/2 on $mux $techmap\transition.$procmux$1385.
    dead port 2/2 on $mux $techmap\transition.$procmux$3371.
    dead port 2/2 on $mux $techmap\transition.$procmux$3373.
    dead port 2/2 on $mux $techmap\transition.$procmux$3375.
    dead port 1/2 on $mux $techmap\transition.$procmux$3378.
    dead port 2/2 on $mux $techmap\transition.$procmux$3380.
    dead port 2/2 on $mux $techmap\transition.$procmux$3399.
    dead port 2/2 on $mux $techmap\transition.$procmux$3401.
    dead port 2/2 on $mux $techmap\transition.$procmux$1416.
    dead port 2/2 on $mux $techmap\transition.$procmux$3403.
    dead port 1/2 on $mux $techmap\transition.$procmux$3406.
    dead port 2/2 on $mux $techmap\transition.$procmux$3408.
    dead port 2/2 on $mux $techmap\transition.$procmux$3429.
    dead port 2/2 on $mux $techmap\transition.$procmux$3431.
    dead port 2/2 on $mux $techmap\transition.$procmux$1418.
    dead port 2/2 on $mux $techmap\transition.$procmux$3433.
    dead port 1/2 on $mux $techmap\transition.$procmux$3436.
    dead port 2/2 on $mux $techmap\transition.$procmux$3438.
    dead port 2/2 on $mux $techmap\transition.$procmux$1420.
    dead port 2/2 on $mux $techmap\transition.$procmux$3461.
    dead port 2/2 on $mux $techmap\transition.$procmux$3463.
    dead port 2/2 on $mux $techmap\transition.$procmux$3465.
    dead port 1/2 on $mux $techmap\transition.$procmux$3468.
    dead port 2/2 on $mux $techmap\transition.$procmux$3470.
    dead port 2/2 on $mux $techmap\transition.$procmux$2368.
    dead port 2/2 on $mux $techmap\transition.$procmux$3495.
    dead port 2/2 on $mux $techmap\transition.$procmux$3497.
    dead port 2/2 on $mux $techmap\transition.$procmux$3499.
    dead port 1/2 on $mux $techmap\transition.$procmux$3502.
    dead port 2/2 on $mux $techmap\transition.$procmux$3504.
    dead port 2/2 on $mux $techmap\transition.$procmux$3531.
    dead port 2/2 on $mux $techmap\transition.$procmux$3533.
    dead port 2/2 on $mux $techmap\transition.$procmux$3535.
    dead port 1/2 on $mux $techmap\transition.$procmux$3538.
    dead port 2/2 on $mux $techmap\transition.$procmux$3540.
    dead port 2/2 on $mux $techmap\transition.$procmux$3569.
    dead port 2/2 on $mux $techmap\transition.$procmux$3571.
    dead port 2/2 on $mux $techmap\transition.$procmux$1422.
    dead port 2/2 on $mux $techmap\transition.$procmux$3573.
    dead port 1/2 on $mux $techmap\transition.$procmux$3576.
    dead port 2/2 on $mux $techmap\transition.$procmux$3578.
    dead port 1/2 on $mux $techmap\transition.$procmux$1425.
    dead port 2/2 on $mux $techmap\transition.$procmux$3608.
    dead port 2/2 on $mux $techmap\transition.$procmux$3610.
    dead port 2/2 on $mux $techmap\transition.$procmux$1427.
    dead port 2/2 on $mux $techmap\transition.$procmux$3612.
    dead port 1/2 on $mux $techmap\transition.$procmux$3615.
    dead port 2/2 on $mux $techmap\transition.$procmux$3617.
    dead port 2/2 on $mux $techmap\transition.$procmux$3629.
    dead port 2/2 on $mux $techmap\transition.$procmux$3631.
    dead port 2/2 on $mux $techmap\transition.$procmux$1442.
    dead port 2/2 on $mux $techmap\transition.$procmux$3633.
    dead port 1/2 on $mux $techmap\transition.$procmux$3636.
    dead port 2/2 on $mux $techmap\transition.$procmux$3638.
    dead port 2/2 on $mux $techmap\transition.$procmux$1444.
    dead port 2/2 on $mux $techmap\transition.$procmux$1446.
    dead port 2/2 on $mux $techmap\transition.$procmux$3654.
    dead port 2/2 on $mux $techmap\transition.$procmux$3656.
    dead port 2/2 on $mux $techmap\transition.$procmux$2370.
    dead port 2/2 on $mux $techmap\transition.$procmux$3658.
    dead port 1/2 on $mux $techmap\transition.$procmux$3661.
    dead port 2/2 on $mux $techmap\transition.$procmux$3663.
    dead port 2/2 on $mux $techmap\transition.$procmux$3683.
    dead port 2/2 on $mux $techmap\transition.$procmux$3685.
    dead port 2/2 on $mux $techmap\transition.$procmux$3687.
    dead port 1/2 on $mux $techmap\transition.$procmux$3690.
    dead port 2/2 on $mux $techmap\transition.$procmux$3692.
    dead port 2/2 on $mux $techmap\transition.$procmux$1448.
    dead port 1/2 on $mux $techmap\transition.$procmux$1451.
    dead port 2/2 on $mux $techmap\transition.$procmux$3716.
    dead port 2/2 on $mux $techmap\transition.$procmux$3718.
    dead port 2/2 on $mux $techmap\transition.$procmux$1453.
    dead port 2/2 on $mux $techmap\transition.$procmux$3720.
    dead port 1/2 on $mux $techmap\transition.$procmux$3723.
    dead port 2/2 on $mux $techmap\transition.$procmux$3725.
    dead port 2/2 on $mux $techmap\transition.$procmux$1474.
    dead port 2/2 on $mux $techmap\transition.$procmux$3753.
    dead port 2/2 on $mux $techmap\transition.$procmux$3755.
    dead port 2/2 on $mux $techmap\transition.$procmux$3757.
    dead port 1/2 on $mux $techmap\transition.$procmux$3760.
    dead port 2/2 on $mux $techmap\transition.$procmux$3762.
    dead port 2/2 on $mux $techmap\transition.$procmux$1476.
    dead port 2/2 on $mux $techmap\transition.$procmux$3792.
    dead port 2/2 on $mux $techmap\transition.$procmux$3794.
    dead port 2/2 on $mux $techmap\transition.$procmux$1478.
    dead port 2/2 on $mux $techmap\transition.$procmux$3796.
    dead port 1/2 on $mux $techmap\transition.$procmux$3799.
    dead port 2/2 on $mux $techmap\transition.$procmux$3801.
    dead port 1/2 on $mux $techmap\transition.$procmux$2301.
    dead port 2/2 on $mux $techmap\transition.$procmux$3819.
    dead port 2/2 on $mux $techmap\transition.$procmux$3821.
    dead port 2/2 on $mux $techmap\transition.$procmux$3823.
    dead port 1/2 on $mux $techmap\transition.$procmux$3826.
    dead port 2/2 on $mux $techmap\transition.$procmux$3828.
    dead port 2/2 on $mux $techmap\transition.$procmux$1480.
    dead port 2/2 on $mux $techmap\transition.$procmux$3842.
    dead port 2/2 on $mux $techmap\transition.$procmux$3844.
    dead port 1/2 on $mux $techmap\transition.$procmux$1483.
    dead port 2/2 on $mux $techmap\transition.$procmux$3846.
    dead port 1/2 on $mux $techmap\transition.$procmux$3849.
    dead port 2/2 on $mux $techmap\transition.$procmux$3851.
    dead port 2/2 on $mux $techmap\transition.$procmux$1485.
    dead port 2/2 on $mux $techmap\transition.$procmux$3873.
    dead port 2/2 on $mux $techmap\transition.$procmux$3875.
    dead port 2/2 on $mux $techmap\transition.$procmux$1514.
    dead port 2/2 on $mux $techmap\transition.$procmux$3877.
    dead port 1/2 on $mux $techmap\transition.$procmux$3880.
    dead port 2/2 on $mux $techmap\transition.$procmux$3882.
    dead port 2/2 on $mux $techmap\transition.$procmux$1516.
    dead port 2/2 on $mux $techmap\transition.$procmux$1518.
    dead port 2/2 on $mux $techmap\transition.$procmux$3912.
    dead port 2/2 on $mux $techmap\transition.$procmux$3914.
    dead port 2/2 on $mux $techmap\transition.$procmux$3916.
    dead port 1/2 on $mux $techmap\transition.$procmux$3919.
    dead port 2/2 on $mux $techmap\transition.$procmux$3921.
    dead port 2/2 on $mux $techmap\transition.$procmux$3947.
    dead port 2/2 on $mux $techmap\transition.$procmux$3949.
    dead port 2/2 on $mux $techmap\transition.$procmux$3951.
    dead port 1/2 on $mux $techmap\transition.$procmux$3954.
    dead port 2/2 on $mux $techmap\transition.$procmux$3956.
    dead port 2/2 on $mux $techmap\transition.$procmux$3967.
    dead port 2/2 on $mux $techmap\transition.$procmux$3969.
    dead port 2/2 on $mux $techmap\transition.$procmux$3971.
    dead port 1/2 on $mux $techmap\transition.$procmux$3974.
    dead port 2/2 on $mux $techmap\transition.$procmux$3976.
    dead port 2/2 on $mux $techmap\transition.$procmux$3987.
    dead port 2/2 on $mux $techmap\transition.$procmux$3989.
    dead port 2/2 on $mux $techmap\transition.$procmux$1520.
    dead port 2/2 on $mux $techmap\transition.$procmux$3991.
    dead port 1/2 on $mux $techmap\transition.$procmux$3994.
    dead port 2/2 on $mux $techmap\transition.$procmux$3996.
    dead port 2/2 on $mux $techmap\transition.$procmux$4007.
    dead port 2/2 on $mux $techmap\transition.$procmux$4009.
    dead port 1/2 on $mux $techmap\transition.$procmux$1523.
    dead port 2/2 on $mux $techmap\transition.$procmux$4011.
    dead port 1/2 on $mux $techmap\transition.$procmux$4014.
    dead port 2/2 on $mux $techmap\transition.$procmux$4016.
    dead port 2/2 on $mux $techmap\transition.$procmux$4031.
    dead port 2/2 on $mux $techmap\transition.$procmux$4033.
    dead port 2/2 on $mux $techmap\transition.$procmux$1525.
    dead port 2/2 on $mux $techmap\transition.$procmux$4035.
    dead port 1/2 on $mux $techmap\transition.$procmux$4038.
    dead port 2/2 on $mux $techmap\transition.$procmux$4040.
    dead port 2/2 on $mux $techmap\transition.$procmux$4053.
    dead port 2/2 on $mux $techmap\transition.$procmux$4055.
    dead port 2/2 on $mux $techmap\transition.$procmux$1542.
    dead port 2/2 on $mux $techmap\transition.$procmux$4057.
    dead port 1/2 on $mux $techmap\transition.$procmux$4060.
    dead port 2/2 on $mux $techmap\transition.$procmux$4062.
    dead port 2/2 on $mux $techmap\transition.$procmux$4079.
    dead port 2/2 on $mux $techmap\transition.$procmux$4081.
    dead port 2/2 on $mux $techmap\transition.$procmux$1544.
    dead port 2/2 on $mux $techmap\transition.$procmux$4083.
    dead port 1/2 on $mux $techmap\transition.$procmux$4086.
    dead port 2/2 on $mux $techmap\transition.$procmux$4088.
    dead port 2/2 on $mux $techmap\transition.$procmux$1546.
    dead port 2/2 on $mux $techmap\transition.$procmux$4107.
    dead port 2/2 on $mux $techmap\transition.$procmux$4109.
    dead port 2/2 on $mux $techmap\transition.$procmux$1159.
    dead port 2/2 on $mux $techmap\transition.$procmux$4111.
    dead port 1/2 on $mux $techmap\transition.$procmux$4114.
    dead port 2/2 on $mux $techmap\transition.$procmux$4116.
    dead port 2/2 on $mux $techmap\transition.$procmux$4137.
    dead port 2/2 on $mux $techmap\transition.$procmux$4139.
    dead port 2/2 on $mux $techmap\transition.$procmux$4141.
    dead port 1/2 on $mux $techmap\transition.$procmux$4144.
    dead port 2/2 on $mux $techmap\transition.$procmux$4146.
    dead port 2/2 on $mux $techmap\transition.$procmux$4169.
    dead port 2/2 on $mux $techmap\transition.$procmux$4171.
    dead port 2/2 on $mux $techmap\transition.$procmux$4173.
    dead port 1/2 on $mux $techmap\transition.$procmux$4176.
    dead port 2/2 on $mux $techmap\transition.$procmux$4178.
    dead port 2/2 on $mux $techmap\transition.$procmux$4203.
    dead port 2/2 on $mux $techmap\transition.$procmux$4205.
    dead port 2/2 on $mux $techmap\transition.$procmux$1548.
    dead port 2/2 on $mux $techmap\transition.$procmux$4207.
    dead port 1/2 on $mux $techmap\transition.$procmux$4210.
    dead port 2/2 on $mux $techmap\transition.$procmux$4212.
    dead port 1/2 on $mux $techmap\transition.$procmux$1551.
    dead port 2/2 on $mux $techmap\transition.$procmux$4239.
    dead port 2/2 on $mux $techmap\transition.$procmux$4241.
    dead port 2/2 on $mux $techmap\transition.$procmux$1553.
    dead port 2/2 on $mux $techmap\transition.$procmux$4243.
    dead port 1/2 on $mux $techmap\transition.$procmux$4246.
    dead port 2/2 on $mux $techmap\transition.$procmux$4248.
    dead port 2/2 on $mux $techmap\transition.$procmux$4277.
    dead port 2/2 on $mux $techmap\transition.$procmux$4279.
    dead port 2/2 on $mux $techmap\transition.$procmux$4281.
    dead port 1/2 on $mux $techmap\transition.$procmux$4284.
    dead port 2/2 on $mux $techmap\transition.$procmux$4286.
    dead port 2/2 on $mux $techmap\transition.$procmux$1586.
    dead port 2/2 on $mux $techmap\transition.$procmux$4316.
    dead port 2/2 on $mux $techmap\transition.$procmux$4318.
    dead port 2/2 on $mux $techmap\transition.$procmux$4320.
    dead port 1/2 on $mux $techmap\transition.$procmux$4323.
    dead port 2/2 on $mux $techmap\transition.$procmux$4325.
    dead port 2/2 on $mux $techmap\transition.$procmux$1588.
    dead port 2/2 on $mux $techmap\transition.$procmux$1590.
    dead port 2/2 on $mux $techmap\transition.$procmux$4337.
    dead port 2/2 on $mux $techmap\transition.$procmux$4339.
    dead port 2/2 on $mux $techmap\transition.$procmux$4341.
    dead port 1/2 on $mux $techmap\transition.$procmux$4344.
    dead port 2/2 on $mux $techmap\transition.$procmux$4346.
    dead port 2/2 on $mux $techmap\transition.$procmux$4362.
    dead port 2/2 on $mux $techmap\transition.$procmux$4364.
    dead port 2/2 on $mux $techmap\transition.$procmux$4366.
    dead port 1/2 on $mux $techmap\transition.$procmux$4369.
    dead port 2/2 on $mux $techmap\transition.$procmux$4371.
    dead port 2/2 on $mux $techmap\transition.$procmux$1592.
    dead port 1/2 on $mux $techmap\transition.$procmux$1595.
    dead port 2/2 on $mux $techmap\transition.$procmux$4391.
    dead port 2/2 on $mux $techmap\transition.$procmux$4393.
    dead port 2/2 on $mux $techmap\transition.$procmux$1597.
    dead port 2/2 on $mux $techmap\transition.$procmux$4395.
    dead port 1/2 on $mux $techmap\transition.$procmux$4398.
    dead port 2/2 on $mux $techmap\transition.$procmux$4400.
    dead port 2/2 on $mux $techmap\transition.$procmux$1622.
    dead port 2/2 on $mux $techmap\transition.$procmux$4424.
    dead port 2/2 on $mux $techmap\transition.$procmux$4426.
    dead port 2/2 on $mux $techmap\transition.$procmux$4428.
    dead port 1/2 on $mux $techmap\transition.$procmux$4431.
    dead port 2/2 on $mux $techmap\transition.$procmux$4433.
    dead port 2/2 on $mux $techmap\transition.$procmux$1624.
    dead port 2/2 on $mux $techmap\transition.$procmux$1626.
    dead port 2/2 on $mux $techmap\transition.$procmux$1161.
    dead port 2/2 on $mux $techmap\transition.$procmux$4461.
    dead port 2/2 on $mux $techmap\transition.$procmux$4463.
    dead port 2/2 on $mux $techmap\transition.$procmux$4465.
    dead port 1/2 on $mux $techmap\transition.$procmux$4468.
    dead port 2/2 on $mux $techmap\transition.$procmux$4470.
    dead port 2/2 on $mux $techmap\transition.$procmux$4500.
    dead port 2/2 on $mux $techmap\transition.$procmux$4502.
    dead port 2/2 on $mux $techmap\transition.$procmux$4504.
    dead port 1/2 on $mux $techmap\transition.$procmux$4507.
    dead port 2/2 on $mux $techmap\transition.$procmux$4509.
    dead port 2/2 on $mux $techmap\transition.$procmux$1628.
    dead port 2/2 on $mux $techmap\transition.$procmux$4527.
    dead port 2/2 on $mux $techmap\transition.$procmux$4529.
    dead port 1/2 on $mux $techmap\transition.$procmux$1631.
    dead port 2/2 on $mux $techmap\transition.$procmux$4531.
    dead port 1/2 on $mux $techmap\transition.$procmux$4534.
    dead port 2/2 on $mux $techmap\transition.$procmux$4536.
    dead port 2/2 on $mux $techmap\transition.$procmux$1633.
    dead port 2/2 on $mux $techmap\transition.$procmux$4550.
    dead port 2/2 on $mux $techmap\transition.$procmux$4552.
    dead port 2/2 on $mux $techmap\transition.$procmux$1647.
    dead port 2/2 on $mux $techmap\transition.$procmux$4554.
    dead port 1/2 on $mux $techmap\transition.$procmux$4557.
    dead port 2/2 on $mux $techmap\transition.$procmux$4559.
    dead port 2/2 on $mux $techmap\transition.$procmux$1649.
    dead port 2/2 on $mux $techmap\transition.$procmux$1651.
    dead port 2/2 on $mux $techmap\transition.$procmux$4581.
    dead port 2/2 on $mux $techmap\transition.$procmux$4583.
    dead port 2/2 on $mux $techmap\transition.$procmux$1163.
    dead port 2/2 on $mux $techmap\transition.$procmux$4585.
    dead port 1/2 on $mux $techmap\transition.$procmux$4588.
    dead port 2/2 on $mux $techmap\transition.$procmux$4590.
    dead port 2/2 on $mux $techmap\transition.$procmux$4620.
    dead port 2/2 on $mux $techmap\transition.$procmux$4622.
    dead port 2/2 on $mux $techmap\transition.$procmux$4624.
    dead port 1/2 on $mux $techmap\transition.$procmux$4627.
    dead port 2/2 on $mux $techmap\transition.$procmux$4629.
    dead port 2/2 on $mux $techmap\transition.$procmux$1653.
    dead port 1/2 on $mux $techmap\transition.$procmux$1656.
    dead port 2/2 on $mux $techmap\transition.$procmux$4655.
    dead port 2/2 on $mux $techmap\transition.$procmux$4657.
    dead port 2/2 on $mux $techmap\transition.$procmux$1658.
    dead port 2/2 on $mux $techmap\transition.$procmux$4659.
    dead port 1/2 on $mux $techmap\transition.$procmux$4662.
    dead port 2/2 on $mux $techmap\transition.$procmux$4664.
    dead port 2/2 on $mux $techmap\transition.$procmux$4674.
    dead port 2/2 on $mux $techmap\transition.$procmux$4676.
    dead port 1/2 on $mux $techmap\transition.$procmux$4679.
    dead port 2/2 on $mux $techmap\transition.$procmux$4681.
    dead port 2/2 on $mux $techmap\transition.$procmux$4691.
    dead port 2/2 on $mux $techmap\transition.$procmux$4693.
    dead port 1/2 on $mux $techmap\transition.$procmux$4696.
    dead port 2/2 on $mux $techmap\transition.$procmux$4698.
    dead port 2/2 on $mux $techmap\transition.$procmux$4709.
    dead port 2/2 on $mux $techmap\transition.$procmux$1675.
    dead port 2/2 on $mux $techmap\transition.$procmux$4711.
    dead port 1/2 on $mux $techmap\transition.$procmux$4714.
    dead port 2/2 on $mux $techmap\transition.$procmux$4716.
    dead port 2/2 on $mux $techmap\transition.$procmux$4728.
    dead port 2/2 on $mux $techmap\transition.$procmux$4730.
    dead port 2/2 on $mux $techmap\transition.$procmux$4732.
    dead port 1/2 on $mux $techmap\transition.$procmux$4735.
    dead port 2/2 on $mux $techmap\transition.$procmux$4737.
    dead port 2/2 on $mux $techmap\transition.$procmux$4750.
    dead port 2/2 on $mux $techmap\transition.$procmux$4752.
    dead port 2/2 on $mux $techmap\transition.$procmux$4754.
    dead port 2/2 on $mux $techmap\transition.$procmux$1677.
    dead port 2/2 on $mux $techmap\transition.$procmux$4756.
    dead port 1/2 on $mux $techmap\transition.$procmux$4759.
    dead port 2/2 on $mux $techmap\transition.$procmux$4761.
    dead port 2/2 on $mux $techmap\transition.$procmux$4773.
    dead port 2/2 on $mux $techmap\transition.$procmux$4775.
    dead port 2/2 on $mux $techmap\transition.$procmux$1679.
    dead port 2/2 on $mux $techmap\transition.$procmux$4777.
    dead port 1/2 on $mux $techmap\transition.$procmux$4780.
    dead port 2/2 on $mux $techmap\transition.$procmux$4782.
    dead port 2/2 on $mux $techmap\transition.$procmux$4794.
    dead port 2/2 on $mux $techmap\transition.$procmux$4796.
    dead port 2/2 on $mux $techmap\transition.$procmux$2372.
    dead port 2/2 on $mux $techmap\transition.$procmux$4798.
    dead port 1/2 on $mux $techmap\transition.$procmux$4801.
    dead port 2/2 on $mux $techmap\transition.$procmux$4803.
    dead port 2/2 on $mux $techmap\transition.$procmux$2480.
    dead port 2/2 on $mux $techmap\transition.$procmux$2325.
    dead port 2/2 on $mux $techmap\transition.$procmux$4819.
    dead port 2/2 on $mux $techmap\transition.$procmux$4821.
    dead port 2/2 on $mux $techmap\transition.$procmux$4823.
    dead port 1/2 on $mux $techmap\transition.$procmux$4826.
    dead port 2/2 on $mux $techmap\transition.$procmux$4828.
    dead port 2/2 on $mux $techmap\transition.$procmux$1247.
    dead port 2/2 on $mux $techmap\transition.$procmux$4842.
    dead port 2/2 on $mux $techmap\transition.$procmux$4844.
    dead port 2/2 on $mux $techmap\transition.$procmux$4846.
    dead port 1/2 on $mux $techmap\transition.$procmux$4849.
    dead port 2/2 on $mux $techmap\transition.$procmux$4851.
    dead port 2/2 on $mux $techmap\transition.$procmux$1249.
    dead port 2/2 on $mux $techmap\transition.$procmux$4869.
    dead port 2/2 on $mux $techmap\transition.$procmux$4871.
    dead port 2/2 on $mux $techmap\transition.$procmux$1681.
    dead port 2/2 on $mux $techmap\transition.$procmux$4873.
    dead port 1/2 on $mux $techmap\transition.$procmux$4876.
    dead port 2/2 on $mux $techmap\transition.$procmux$4878.
    dead port 1/2 on $mux $techmap\transition.$procmux$1684.
    dead port 2/2 on $mux $techmap\transition.$procmux$1251.
    dead port 2/2 on $mux $techmap\transition.$procmux$2482.
    dead port 2/2 on $mux $techmap\transition.$procmux$4898.
    dead port 2/2 on $mux $techmap\transition.$procmux$4900.
    dead port 2/2 on $mux $techmap\transition.$procmux$1686.
    dead port 2/2 on $mux $techmap\transition.$procmux$4902.
    dead port 1/2 on $mux $techmap\transition.$procmux$4905.
    dead port 2/2 on $mux $techmap\transition.$procmux$4907.
    dead port 1/2 on $mux $techmap\transition.$procmux$2485.
    dead port 2/2 on $mux $techmap\transition.$procmux$2487.
    dead port 2/2 on $mux $techmap\transition.$procmux$4929.
    dead port 2/2 on $mux $techmap\transition.$procmux$4931.
    dead port 2/2 on $mux $techmap\transition.$procmux$4933.
    dead port 1/2 on $mux $techmap\transition.$procmux$4936.
    dead port 2/2 on $mux $techmap\transition.$procmux$4938.
    dead port 2/2 on $mux $techmap\transition.$procmux$1705.
    dead port 2/2 on $mux $techmap\transition.$procmux$4962.
    dead port 2/2 on $mux $techmap\transition.$procmux$4964.
    dead port 2/2 on $mux $techmap\transition.$procmux$4966.
    dead port 1/2 on $mux $techmap\transition.$procmux$4969.
    dead port 2/2 on $mux $techmap\transition.$procmux$4971.
    dead port 2/2 on $mux $techmap\transition.$procmux$1707.
    dead port 2/2 on $mux $techmap\transition.$procmux$4997.
    dead port 2/2 on $mux $techmap\transition.$procmux$4999.
    dead port 2/2 on $mux $techmap\transition.$procmux$1709.
    dead port 2/2 on $mux $techmap\transition.$procmux$5001.
    dead port 1/2 on $mux $techmap\transition.$procmux$5004.
    dead port 2/2 on $mux $techmap\transition.$procmux$5006.
    dead port 1/2 on $mux $techmap\transition.$procmux$2375.
    dead port 2/2 on $mux $techmap\transition.$procmux$5034.
    dead port 2/2 on $mux $techmap\transition.$procmux$5036.
    dead port 2/2 on $mux $techmap\transition.$procmux$5038.
    dead port 1/2 on $mux $techmap\transition.$procmux$5041.
    dead port 2/2 on $mux $techmap\transition.$procmux$5043.
    dead port 2/2 on $mux $techmap\transition.$procmux$5073.
    dead port 2/2 on $mux $techmap\transition.$procmux$5075.
    dead port 2/2 on $mux $techmap\transition.$procmux$5077.
    dead port 1/2 on $mux $techmap\transition.$procmux$5080.
    dead port 2/2 on $mux $techmap\transition.$procmux$5082.
    dead port 2/2 on $mux $techmap\transition.$procmux$5113.
    dead port 2/2 on $mux $techmap\transition.$procmux$5115.
    dead port 2/2 on $mux $techmap\transition.$procmux$5117.
    dead port 1/2 on $mux $techmap\transition.$procmux$5120.
    dead port 2/2 on $mux $techmap\transition.$procmux$5122.
    dead port 2/2 on $mux $techmap\transition.$procmux$1711.
    dead port 1/2 on $mux $techmap\transition.$procmux$1714.
    dead port 2/2 on $mux $techmap\transition.$procmux$5135.
    dead port 2/2 on $mux $techmap\transition.$procmux$5137.
    dead port 2/2 on $mux $techmap\transition.$procmux$1716.
    dead port 2/2 on $mux $techmap\transition.$procmux$5139.
    dead port 1/2 on $mux $techmap\transition.$procmux$5142.
    dead port 2/2 on $mux $techmap\transition.$procmux$5144.
    dead port 2/2 on $mux $techmap\transition.$procmux$1737.
    dead port 2/2 on $mux $techmap\transition.$procmux$5161.
    dead port 2/2 on $mux $techmap\transition.$procmux$5163.
    dead port 2/2 on $mux $techmap\transition.$procmux$5165.
    dead port 1/2 on $mux $techmap\transition.$procmux$5168.
    dead port 2/2 on $mux $techmap\transition.$procmux$5170.
    dead port 2/2 on $mux $techmap\transition.$procmux$1739.
    dead port 2/2 on $mux $techmap\transition.$procmux$1741.
    dead port 2/2 on $mux $techmap\transition.$procmux$2377.
    dead port 2/2 on $mux $techmap\transition.$procmux$5191.
    dead port 2/2 on $mux $techmap\transition.$procmux$5193.
    dead port 2/2 on $mux $techmap\transition.$procmux$5195.
    dead port 1/2 on $mux $techmap\transition.$procmux$5198.
    dead port 2/2 on $mux $techmap\transition.$procmux$5200.
    dead port 2/2 on $mux $techmap\transition.$procmux$5225.
    dead port 2/2 on $mux $techmap\transition.$procmux$5227.
    dead port 2/2 on $mux $techmap\transition.$procmux$5229.
    dead port 1/2 on $mux $techmap\transition.$procmux$5232.
    dead port 2/2 on $mux $techmap\transition.$procmux$5234.
    dead port 2/2 on $mux $techmap\transition.$procmux$1743.
    dead port 1/2 on $mux $techmap\transition.$procmux$1746.
    dead port 2/2 on $mux $techmap\transition.$procmux$1748.
    dead port 2/2 on $mux $techmap\transition.$procmux$5263.
    dead port 2/2 on $mux $techmap\transition.$procmux$5265.
    dead port 2/2 on $mux $techmap\transition.$procmux$5267.
    dead port 1/2 on $mux $techmap\transition.$procmux$5270.
    dead port 2/2 on $mux $techmap\transition.$procmux$5272.
    dead port 2/2 on $mux $techmap\transition.$procmux$5303.
    dead port 2/2 on $mux $techmap\transition.$procmux$5305.
    dead port 2/2 on $mux $techmap\transition.$procmux$1771.
    dead port 2/2 on $mux $techmap\transition.$procmux$5307.
    dead port 1/2 on $mux $techmap\transition.$procmux$5310.
    dead port 2/2 on $mux $techmap\transition.$procmux$5312.
    dead port 2/2 on $mux $techmap\transition.$procmux$1773.
    dead port 2/2 on $mux $techmap\transition.$procmux$1775.
    dead port 2/2 on $mux $techmap\transition.$procmux$5331.
    dead port 2/2 on $mux $techmap\transition.$procmux$5333.
    dead port 2/2 on $mux $techmap\transition.$procmux$5335.
    dead port 1/2 on $mux $techmap\transition.$procmux$5338.
    dead port 2/2 on $mux $techmap\transition.$procmux$5340.
    dead port 2/2 on $mux $techmap\transition.$procmux$5355.
    dead port 2/2 on $mux $techmap\transition.$procmux$5357.
    dead port 2/2 on $mux $techmap\transition.$procmux$5359.
    dead port 1/2 on $mux $techmap\transition.$procmux$5362.
    dead port 2/2 on $mux $techmap\transition.$procmux$5364.
    dead port 2/2 on $mux $techmap\transition.$procmux$1777.
    dead port 1/2 on $mux $techmap\transition.$procmux$1780.
    dead port 2/2 on $mux $techmap\transition.$procmux$5387.
    dead port 2/2 on $mux $techmap\transition.$procmux$5389.
    dead port 2/2 on $mux $techmap\transition.$procmux$1782.
    dead port 2/2 on $mux $techmap\transition.$procmux$5391.
    dead port 1/2 on $mux $techmap\transition.$procmux$5394.
    dead port 2/2 on $mux $techmap\transition.$procmux$5396.
    dead port 2/2 on $mux $techmap\transition.$procmux$1807.
    dead port 2/2 on $mux $techmap\transition.$procmux$5427.
    dead port 2/2 on $mux $techmap\transition.$procmux$5429.
    dead port 2/2 on $mux $techmap\transition.$procmux$5431.
    dead port 1/2 on $mux $techmap\transition.$procmux$5434.
    dead port 2/2 on $mux $techmap\transition.$procmux$5436.
    dead port 2/2 on $mux $techmap\transition.$procmux$1809.
    dead port 2/2 on $mux $techmap\transition.$procmux$1811.
    dead port 2/2 on $mux $techmap\transition.$procmux$2303.
    dead port 2/2 on $mux $techmap\transition.$procmux$5463.
    dead port 2/2 on $mux $techmap\transition.$procmux$5465.
    dead port 2/2 on $mux $techmap\transition.$procmux$5467.
    dead port 1/2 on $mux $techmap\transition.$procmux$5470.
    dead port 2/2 on $mux $techmap\transition.$procmux$5472.
    dead port 2/2 on $mux $techmap\transition.$procmux$5483.
    dead port 2/2 on $mux $techmap\transition.$procmux$5485.
    dead port 1/2 on $mux $techmap\transition.$procmux$5488.
    dead port 2/2 on $mux $techmap\transition.$procmux$5490.
    dead port 2/2 on $mux $techmap\transition.$procmux$5501.
    dead port 2/2 on $mux $techmap\transition.$procmux$5503.
    dead port 1/2 on $mux $techmap\transition.$procmux$5506.
    dead port 2/2 on $mux $techmap\transition.$procmux$5508.
    dead port 2/2 on $mux $techmap\transition.$procmux$5520.
    dead port 2/2 on $mux $techmap\transition.$procmux$5522.
    dead port 2/2 on $mux $techmap\transition.$procmux$5524.
    dead port 1/2 on $mux $techmap\transition.$procmux$5527.
    dead port 2/2 on $mux $techmap\transition.$procmux$5529.
    dead port 2/2 on $mux $techmap\transition.$procmux$5541.
    dead port 2/2 on $mux $techmap\transition.$procmux$5543.
    dead port 1/2 on $mux $techmap\transition.$procmux$5546.
    dead port 2/2 on $mux $techmap\transition.$procmux$5548.
    dead port 2/2 on $mux $techmap\transition.$procmux$5561.
    dead port 2/2 on $mux $techmap\transition.$procmux$5563.
    dead port 2/2 on $mux $techmap\transition.$procmux$1813.
    dead port 2/2 on $mux $techmap\transition.$procmux$5565.
    dead port 1/2 on $mux $techmap\transition.$procmux$5568.
    dead port 2/2 on $mux $techmap\transition.$procmux$5570.
    dead port 2/2 on $mux $techmap\transition.$procmux$5586.
    dead port 2/2 on $mux $techmap\transition.$procmux$5588.
    dead port 1/2 on $mux $techmap\transition.$procmux$1816.
    dead port 2/2 on $mux $techmap\transition.$procmux$5590.
    dead port 1/2 on $mux $techmap\transition.$procmux$5593.
    dead port 2/2 on $mux $techmap\transition.$procmux$5595.
    dead port 2/2 on $mux $techmap\transition.$procmux$5613.
    dead port 2/2 on $mux $techmap\transition.$procmux$5615.
    dead port 2/2 on $mux $techmap\transition.$procmux$1818.
    dead port 2/2 on $mux $techmap\transition.$procmux$5617.
    dead port 1/2 on $mux $techmap\transition.$procmux$5620.
    dead port 2/2 on $mux $techmap\transition.$procmux$5622.
    dead port 2/2 on $mux $techmap\transition.$procmux$5642.
    dead port 2/2 on $mux $techmap\transition.$procmux$5644.
    dead port 2/2 on $mux $techmap\transition.$procmux$5646.
    dead port 1/2 on $mux $techmap\transition.$procmux$5649.
    dead port 2/2 on $mux $techmap\transition.$procmux$5651.
    dead port 2/2 on $mux $techmap\transition.$procmux$5673.
    dead port 2/2 on $mux $techmap\transition.$procmux$5675.
    dead port 2/2 on $mux $techmap\transition.$procmux$5677.
    dead port 1/2 on $mux $techmap\transition.$procmux$5680.
    dead port 2/2 on $mux $techmap\transition.$procmux$5682.
    dead port 2/2 on $mux $techmap\transition.$procmux$5706.
    dead port 2/2 on $mux $techmap\transition.$procmux$5708.
    dead port 2/2 on $mux $techmap\transition.$procmux$1845.
    dead port 2/2 on $mux $techmap\transition.$procmux$5710.
    dead port 1/2 on $mux $techmap\transition.$procmux$5713.
    dead port 2/2 on $mux $techmap\transition.$procmux$5715.
    dead port 2/2 on $mux $techmap\transition.$procmux$5741.
    dead port 2/2 on $mux $techmap\transition.$procmux$5743.
    dead port 2/2 on $mux $techmap\transition.$procmux$5745.
    dead port 1/2 on $mux $techmap\transition.$procmux$5748.
    dead port 2/2 on $mux $techmap\transition.$procmux$5750.
    dead port 2/2 on $mux $techmap\transition.$procmux$5778.
    dead port 2/2 on $mux $techmap\transition.$procmux$5780.
    dead port 2/2 on $mux $techmap\transition.$procmux$1847.
    dead port 2/2 on $mux $techmap\transition.$procmux$5782.
    dead port 1/2 on $mux $techmap\transition.$procmux$5785.
    dead port 2/2 on $mux $techmap\transition.$procmux$5787.
    dead port 2/2 on $mux $techmap\transition.$procmux$5817.
    dead port 2/2 on $mux $techmap\transition.$procmux$5819.
    dead port 2/2 on $mux $techmap\transition.$procmux$1849.
    dead port 2/2 on $mux $techmap\transition.$procmux$5821.
    dead port 1/2 on $mux $techmap\transition.$procmux$5824.
    dead port 2/2 on $mux $techmap\transition.$procmux$5826.
    dead port 2/2 on $mux $techmap\transition.$procmux$5858.
    dead port 2/2 on $mux $techmap\transition.$procmux$5860.
    dead port 2/2 on $mux $techmap\transition.$procmux$2403.
    dead port 2/2 on $mux $techmap\transition.$procmux$5862.
    dead port 1/2 on $mux $techmap\transition.$procmux$5865.
    dead port 2/2 on $mux $techmap\transition.$procmux$5867.
    dead port 2/2 on $mux $techmap\transition.$procmux$5901.
    dead port 2/2 on $mux $techmap\transition.$procmux$5903.
    dead port 2/2 on $mux $techmap\transition.$procmux$5905.
    dead port 1/2 on $mux $techmap\transition.$procmux$5908.
    dead port 2/2 on $mux $techmap\transition.$procmux$5910.
    dead port 2/2 on $mux $techmap\transition.$procmux$5924.
    dead port 2/2 on $mux $techmap\transition.$procmux$5926.
    dead port 2/2 on $mux $techmap\transition.$procmux$5928.
    dead port 1/2 on $mux $techmap\transition.$procmux$5931.
    dead port 2/2 on $mux $techmap\transition.$procmux$5933.
    dead port 2/2 on $mux $techmap\transition.$procmux$5952.
    dead port 2/2 on $mux $techmap\transition.$procmux$5954.
    dead port 2/2 on $mux $techmap\transition.$procmux$5956.
    dead port 1/2 on $mux $techmap\transition.$procmux$5959.
    dead port 2/2 on $mux $techmap\transition.$procmux$5961.
    dead port 2/2 on $mux $techmap\transition.$procmux$5984.
    dead port 2/2 on $mux $techmap\transition.$procmux$5986.
    dead port 2/2 on $mux $techmap\transition.$procmux$5988.
    dead port 1/2 on $mux $techmap\transition.$procmux$5991.
    dead port 2/2 on $mux $techmap\transition.$procmux$5993.
    dead port 2/2 on $mux $techmap\transition.$procmux$6020.
    dead port 2/2 on $mux $techmap\transition.$procmux$6022.
    dead port 2/2 on $mux $techmap\transition.$procmux$6024.
    dead port 1/2 on $mux $techmap\transition.$procmux$6027.
    dead port 2/2 on $mux $techmap\transition.$procmux$6029.
    dead port 2/2 on $mux $techmap\transition.$procmux$6060.
    dead port 2/2 on $mux $techmap\transition.$procmux$6062.
    dead port 2/2 on $mux $techmap\transition.$procmux$1851.
    dead port 2/2 on $mux $techmap\transition.$procmux$6064.
    dead port 1/2 on $mux $techmap\transition.$procmux$6067.
    dead port 2/2 on $mux $techmap\transition.$procmux$6069.
    dead port 2/2 on $mux $techmap\transition.$procmux$6084.
    dead port 2/2 on $mux $techmap\transition.$procmux$6086.
    dead port 1/2 on $mux $techmap\transition.$procmux$1854.
    dead port 2/2 on $mux $techmap\transition.$procmux$6088.
    dead port 1/2 on $mux $techmap\transition.$procmux$6091.
    dead port 2/2 on $mux $techmap\transition.$procmux$6093.
    dead port 2/2 on $mux $techmap\transition.$procmux$6114.
    dead port 2/2 on $mux $techmap\transition.$procmux$6116.
    dead port 2/2 on $mux $techmap\transition.$procmux$1856.
    dead port 2/2 on $mux $techmap\transition.$procmux$6118.
    dead port 1/2 on $mux $techmap\transition.$procmux$6121.
    dead port 2/2 on $mux $techmap\transition.$procmux$6123.
    dead port 2/2 on $mux $techmap\transition.$procmux$6152.
    dead port 2/2 on $mux $techmap\transition.$procmux$6154.
    dead port 2/2 on $mux $techmap\transition.$procmux$6156.
    dead port 1/2 on $mux $techmap\transition.$procmux$6159.
    dead port 2/2 on $mux $techmap\transition.$procmux$6161.
    dead port 2/2 on $mux $techmap\transition.$procmux$6178.
    dead port 2/2 on $mux $techmap\transition.$procmux$6180.
    dead port 2/2 on $mux $techmap\transition.$procmux$6182.
    dead port 1/2 on $mux $techmap\transition.$procmux$6185.
    dead port 2/2 on $mux $techmap\transition.$procmux$6187.
    dead port 2/2 on $mux $techmap\transition.$procmux$6220.
    dead port 2/2 on $mux $techmap\transition.$procmux$6222.
    dead port 2/2 on $mux $techmap\transition.$procmux$1885.
    dead port 2/2 on $mux $techmap\transition.$procmux$6224.
    dead port 1/2 on $mux $techmap\transition.$procmux$6227.
    dead port 2/2 on $mux $techmap\transition.$procmux$6229.
    dead port 2/2 on $mux $techmap\transition.$procmux$6254.
    dead port 2/2 on $mux $techmap\transition.$procmux$6256.
    dead port 2/2 on $mux $techmap\transition.$procmux$6258.
    dead port 1/2 on $mux $techmap\transition.$procmux$6261.
    dead port 2/2 on $mux $techmap\transition.$procmux$6263.
    dead port 2/2 on $mux $techmap\transition.$procmux$6276.
    dead port 2/2 on $mux $techmap\transition.$procmux$6278.
    dead port 2/2 on $mux $techmap\transition.$procmux$1887.
    dead port 2/2 on $mux $techmap\transition.$procmux$6280.
    dead port 1/2 on $mux $techmap\transition.$procmux$6283.
    dead port 2/2 on $mux $techmap\transition.$procmux$6285.
    dead port 2/2 on $mux $techmap\transition.$procmux$1253.
    dead port 1/2 on $mux $techmap\transition.$procmux$1256.
    dead port 2/2 on $mux $techmap\transition.$procmux$1258.
    dead port 2/2 on $mux $techmap\transition.$procmux$6302.
    dead port 2/2 on $mux $techmap\transition.$procmux$6304.
    dead port 2/2 on $mux $techmap\transition.$procmux$1889.
    dead port 2/2 on $mux $techmap\transition.$procmux$6306.
    dead port 1/2 on $mux $techmap\transition.$procmux$6309.
    dead port 2/2 on $mux $techmap\transition.$procmux$6311.
    dead port 2/2 on $mux $techmap\transition.$procmux$6326.
    dead port 2/2 on $mux $techmap\transition.$procmux$6328.
    dead port 2/2 on $mux $techmap\transition.$procmux$6330.
    dead port 1/2 on $mux $techmap\transition.$procmux$6333.
    dead port 2/2 on $mux $techmap\transition.$procmux$6335.
    dead port 2/2 on $mux $techmap\transition.$procmux$2405.
    dead port 2/2 on $mux $techmap\transition.$procmux$6354.
    dead port 2/2 on $mux $techmap\transition.$procmux$6356.
    dead port 2/2 on $mux $techmap\transition.$procmux$6358.
    dead port 1/2 on $mux $techmap\transition.$procmux$6361.
    dead port 2/2 on $mux $techmap\transition.$procmux$6363.
    dead port 2/2 on $mux $techmap\transition.$procmux$6384.
    dead port 2/2 on $mux $techmap\transition.$procmux$6386.
    dead port 2/2 on $mux $techmap\transition.$procmux$1891.
    dead port 2/2 on $mux $techmap\transition.$procmux$6388.
    dead port 1/2 on $mux $techmap\transition.$procmux$6391.
    dead port 2/2 on $mux $techmap\transition.$procmux$6393.
    dead port 1/2 on $mux $techmap\transition.$procmux$1894.
    dead port 2/2 on $mux $techmap\transition.$procmux$6416.
    dead port 2/2 on $mux $techmap\transition.$procmux$6418.
    dead port 2/2 on $mux $techmap\transition.$procmux$1896.
    dead port 2/2 on $mux $techmap\transition.$procmux$6420.
    dead port 1/2 on $mux $techmap\transition.$procmux$6423.
    dead port 2/2 on $mux $techmap\transition.$procmux$6425.
    dead port 2/2 on $mux $techmap\transition.$procmux$1272.
    dead port 2/2 on $mux $techmap\transition.$procmux$6450.
    dead port 2/2 on $mux $techmap\transition.$procmux$6452.
    dead port 2/2 on $mux $techmap\transition.$procmux$6454.
    dead port 1/2 on $mux $techmap\transition.$procmux$6457.
    dead port 2/2 on $mux $techmap\transition.$procmux$6459.
    dead port 2/2 on $mux $techmap\transition.$procmux$1927.
    dead port 2/2 on $mux $techmap\transition.$procmux$1274.
    dead port 2/2 on $mux $techmap\transition.$procmux$1276.
    dead port 2/2 on $mux $techmap\transition.$procmux$6486.
    dead port 2/2 on $mux $techmap\transition.$procmux$6488.
    dead port 2/2 on $mux $techmap\transition.$procmux$2407.
    dead port 2/2 on $mux $techmap\transition.$procmux$6490.
    dead port 1/2 on $mux $techmap\transition.$procmux$6493.
    dead port 2/2 on $mux $techmap\transition.$procmux$6495.
    dead port 2/2 on $mux $techmap\transition.$procmux$1929.
    dead port 2/2 on $mux $techmap\transition.$procmux$6524.
    dead port 2/2 on $mux $techmap\transition.$procmux$6526.
    dead port 2/2 on $mux $techmap\transition.$procmux$1931.
    dead port 2/2 on $mux $techmap\transition.$procmux$6528.
    dead port 1/2 on $mux $techmap\transition.$procmux$6531.
    dead port 2/2 on $mux $techmap\transition.$procmux$6533.
    dead port 2/2 on $mux $techmap\transition.$procmux$2515.
    dead port 2/2 on $mux $techmap\transition.$procmux$6564.
    dead port 2/2 on $mux $techmap\transition.$procmux$6566.
    dead port 2/2 on $mux $techmap\transition.$procmux$6568.
    dead port 1/2 on $mux $techmap\transition.$procmux$6571.
    dead port 2/2 on $mux $techmap\transition.$procmux$6573.
    dead port 1/2 on $mux $techmap\transition.$procmux$2518.
    dead port 2/2 on $mux $techmap\transition.$procmux$6605.
    dead port 2/2 on $mux $techmap\transition.$procmux$6607.
    dead port 2/2 on $mux $techmap\transition.$procmux$6609.
    dead port 1/2 on $mux $techmap\transition.$procmux$6612.
    dead port 2/2 on $mux $techmap\transition.$procmux$6614.
    dead port 2/2 on $mux $techmap\transition.$procmux$1165.
    dead port 2/2 on $mux $techmap\transition.$procmux$6628.
    dead port 2/2 on $mux $techmap\transition.$procmux$6630.
    dead port 2/2 on $mux $techmap\transition.$procmux$1933.
    dead port 2/2 on $mux $techmap\transition.$procmux$6632.
    dead port 1/2 on $mux $techmap\transition.$procmux$6635.
    dead port 2/2 on $mux $techmap\transition.$procmux$6637.
    dead port 1/2 on $mux $techmap\transition.$procmux$1936.
    dead port 2/2 on $mux $techmap\transition.$procmux$1938.
    dead port 2/2 on $mux $techmap\transition.$procmux$6655.
    dead port 2/2 on $mux $techmap\transition.$procmux$6657.
    dead port 2/2 on $mux $techmap\transition.$procmux$2409.
    dead port 2/2 on $mux $techmap\transition.$procmux$6659.
    dead port 1/2 on $mux $techmap\transition.$procmux$6662.
    dead port 2/2 on $mux $techmap\transition.$procmux$6664.
    dead port 2/2 on $mux $techmap\transition.$procmux$1971.
    dead port 1/2 on $mux $techmap\transition.$procmux$2412.
    dead port 2/2 on $mux $techmap\transition.$procmux$1973.
    dead port 2/2 on $mux $techmap\transition.$procmux$6686.
    dead port 2/2 on $mux $techmap\transition.$procmux$6688.
    dead port 2/2 on $mux $techmap\transition.$procmux$1975.
    dead port 2/2 on $mux $techmap\transition.$procmux$6690.
    dead port 1/2 on $mux $techmap\transition.$procmux$6693.
    dead port 2/2 on $mux $techmap\transition.$procmux$6695.
    dead port 2/2 on $mux $techmap\transition.$procmux$2414.
    dead port 1/2 on $mux $techmap\transition.$procmux$1168.
    dead port 2/2 on $mux $techmap\transition.$procmux$6721.
    dead port 2/2 on $mux $techmap\transition.$procmux$6723.
    dead port 2/2 on $mux $techmap\transition.$procmux$2427.
    dead port 2/2 on $mux $techmap\transition.$procmux$6725.
    dead port 1/2 on $mux $techmap\transition.$procmux$6728.
    dead port 2/2 on $mux $techmap\transition.$procmux$6730.
    dead port 2/2 on $mux $techmap\transition.$procmux$1170.
    dead port 2/2 on $mux $techmap\transition.$procmux$2429.
    dead port 2/2 on $mux $techmap\transition.$procmux$1977.
    dead port 2/2 on $mux $techmap\transition.$procmux$6760.
    dead port 2/2 on $mux $techmap\transition.$procmux$6762.
    dead port 1/2 on $mux $techmap\transition.$procmux$1980.
    dead port 2/2 on $mux $techmap\transition.$procmux$6764.
    dead port 1/2 on $mux $techmap\transition.$procmux$6767.
    dead port 2/2 on $mux $techmap\transition.$procmux$6769.
    dead port 2/2 on $mux $techmap\transition.$procmux$1982.
    dead port 2/2 on $mux $techmap\transition.$procmux$6801.
    dead port 2/2 on $mux $techmap\transition.$procmux$6803.
    dead port 2/2 on $mux $techmap\transition.$procmux$6805.
    dead port 1/2 on $mux $techmap\transition.$procmux$6808.
    dead port 2/2 on $mux $techmap\transition.$procmux$6810.
    dead port 2/2 on $mux $techmap\transition.$procmux$2431.
    dead port 2/2 on $mux $techmap\transition.$procmux$2017.
    dead port 2/2 on $mux $techmap\transition.$procmux$6830.
    dead port 2/2 on $mux $techmap\transition.$procmux$6832.
    dead port 2/2 on $mux $techmap\transition.$procmux$2019.
    dead port 2/2 on $mux $techmap\transition.$procmux$6834.
    dead port 1/2 on $mux $techmap\transition.$procmux$6837.
    dead port 2/2 on $mux $techmap\transition.$procmux$6839.
    dead port 2/2 on $mux $techmap\transition.$procmux$2021.
    dead port 2/2 on $mux $techmap\transition.$procmux$6855.
    dead port 2/2 on $mux $techmap\transition.$procmux$6857.
    dead port 2/2 on $mux $techmap\transition.$procmux$1202.
    dead port 2/2 on $mux $techmap\transition.$procmux$6859.
    dead port 1/2 on $mux $techmap\transition.$procmux$6862.
    dead port 2/2 on $mux $techmap\transition.$procmux$6864.
    dead port 2/2 on $mux $techmap\transition.$procmux$1204.
    dead port 2/2 on $mux $techmap\transition.$procmux$2433.
    dead port 2/2 on $mux $techmap\transition.$procmux$6888.
    dead port 2/2 on $mux $techmap\transition.$procmux$6890.
    dead port 2/2 on $mux $techmap\transition.$procmux$2023.
    dead port 2/2 on $mux $techmap\transition.$procmux$6892.
    dead port 1/2 on $mux $techmap\transition.$procmux$6895.
    dead port 2/2 on $mux $techmap\transition.$procmux$6897.
    dead port 1/2 on $mux $techmap\transition.$procmux$2026.
    dead port 2/2 on $mux $techmap\transition.$procmux$2028.
    dead port 2/2 on $mux $techmap\transition.$procmux$6929.
    dead port 2/2 on $mux $techmap\transition.$procmux$6931.
    dead port 1/2 on $mux $techmap\transition.$procmux$2436.
    dead port 2/2 on $mux $techmap\transition.$procmux$6933.
    dead port 1/2 on $mux $techmap\transition.$procmux$6936.
    dead port 2/2 on $mux $techmap\transition.$procmux$6938.
    dead port 2/2 on $mux $techmap\transition.$procmux$2043.
    dead port 2/2 on $mux $techmap\transition.$procmux$2045.
    dead port 2/2 on $mux $techmap\transition.$procmux$6966.
    dead port 2/2 on $mux $techmap\transition.$procmux$6968.
    dead port 2/2 on $mux $techmap\transition.$procmux$2047.
    dead port 2/2 on $mux $techmap\transition.$procmux$6970.
    dead port 1/2 on $mux $techmap\transition.$procmux$6973.
    dead port 2/2 on $mux $techmap\transition.$procmux$6975.
    dead port 2/2 on $mux $techmap\transition.$procmux$6987.
    dead port 2/2 on $mux $techmap\transition.$procmux$2438.
    dead port 2/2 on $mux $techmap\transition.$procmux$6989.
    dead port 1/2 on $mux $techmap\transition.$procmux$6992.
    dead port 2/2 on $mux $techmap\transition.$procmux$6994.
    dead port 2/2 on $mux $techmap\transition.$procmux$7006.
    dead port 2/2 on $mux $techmap\transition.$procmux$7008.
    dead port 1/2 on $mux $techmap\transition.$procmux$7011.
    dead port 2/2 on $mux $techmap\transition.$procmux$7013.
    dead port 2/2 on $mux $techmap\transition.$procmux$7026.
    dead port 2/2 on $mux $techmap\transition.$procmux$7028.
    dead port 2/2 on $mux $techmap\transition.$procmux$7030.
    dead port 1/2 on $mux $techmap\transition.$procmux$7033.
    dead port 2/2 on $mux $techmap\transition.$procmux$7035.
    dead port 2/2 on $mux $techmap\transition.$procmux$1007.
    dead port 2/2 on $mux $techmap\transition.$procmux$2049.
    dead port 1/2 on $mux $techmap\transition.$procmux$2052.
    dead port 2/2 on $mux $techmap\transition.$procmux$2054.
    dead port 2/2 on $mux $techmap\transition.$procmux$2074.
    dead port 2/2 on $mux $techmap\transition.$procmux$7046.
    dead port 1/2 on $mux $techmap\transition.$procmux$7049.
    dead port 2/2 on $mux $techmap\transition.$procmux$7051.
    dead port 2/2 on $mux $techmap\transition.$procmux$7062.
    dead port 2/2 on $mux $techmap\transition.$procmux$7064.
    dead port 2/2 on $mux $techmap\transition.$procmux$1009.
    dead port 2/2 on $mux $techmap\transition.$procmux$7066.
    dead port 1/2 on $mux $techmap\transition.$procmux$7069.
    dead port 2/2 on $mux $techmap\transition.$procmux$7071.
    dead port 1/2 on $mux $techmap\transition.$procmux$7099.
    dead port 2/2 on $mux $techmap\transition.$procmux$7101.
    dead port 1/2 on $mux $techmap\transition.$procmux$7108.
    dead port 2/2 on $mux $techmap\transition.$procmux$7110.
    dead port 2/2 on $mux $techmap\transition.$procmux$7116.
    dead port 2/2 on $mux $techmap\transition.$procmux$7122.
    dead port 2/2 on $mux $techmap\transition.$procmux$7129.
    dead port 2/2 on $mux $techmap\transition.$procmux$7131.
    dead port 2/2 on $mux $techmap\transition.$procmux$7138.
    dead port 2/2 on $mux $techmap\transition.$procmux$7140.
    dead port 2/2 on $mux $techmap\transition.$procmux$7146.
    dead port 2/2 on $mux $techmap\transition.$procmux$7152.
    dead port 2/2 on $mux $techmap\transition.$procmux$7159.
    dead port 2/2 on $mux $techmap\transition.$procmux$7161.
    dead port 2/2 on $mux $techmap\transition.$procmux$7173.
    dead port 2/2 on $mux $techmap\transition.$procmux$7188.
    dead port 2/2 on $mux $techmap\transition.$procmux$7194.
    dead port 2/2 on $mux $techmap\transition.$procmux$7200.
    dead port 2/2 on $mux $techmap\transition.$procmux$7206.
    dead port 2/2 on $mux $techmap\transition.$procmux$7212.
    dead port 2/2 on $mux $techmap\transition.$procmux$7218.
    dead port 2/2 on $mux $techmap\transition.$procmux$722.
    dead port 2/2 on $mux $techmap\transition.$procmux$7224.
    dead port 2/2 on $mux $techmap\transition.$procmux$7230.
    dead port 2/2 on $mux $techmap\transition.$procmux$2076.
    dead port 2/2 on $mux $techmap\transition.$procmux$2078.
    dead port 2/2 on $mux $techmap\transition.$procmux$1206.
    dead port 2/2 on $mux $techmap\transition.$procmux$1011.
    dead port 2/2 on $mux $techmap\transition.$procmux$2448.
    dead port 2/2 on $mux $techmap\transition.$procmux$2450.
    dead port 2/2 on $mux $techmap\transition.$procmux$2080.
    dead port 1/2 on $mux $techmap\transition.$procmux$2083.
    dead port 2/2 on $mux $techmap\transition.$procmux$728.
    dead port 2/2 on $mux $techmap\transition.$procmux$734.
    dead port 2/2 on $mux $techmap\transition.$procmux$740.
    dead port 2/2 on $mux $techmap\transition.$procmux$746.
    dead port 2/2 on $mux $techmap\transition.$procmux$752.
    dead port 2/2 on $mux $techmap\transition.$procmux$758.
    dead port 2/2 on $mux $techmap\transition.$procmux$764.
    dead port 2/2 on $mux $techmap\transition.$procmux$2321.
    dead port 2/2 on $mux $techmap\transition.$procmux$2085.
    dead port 2/2 on $mux $techmap\transition.$procmux$2109.
    dead port 2/2 on $mux $techmap\transition.$procmux$2111.
    dead port 2/2 on $mux $techmap\transition.$procmux$2113.
    dead port 2/2 on $mux $techmap\transition.$procmux$1013.
    dead port 2/2 on $mux $techmap\transition.$procmux$786.
    dead port 1/2 on $mux $techmap\transition.$procmux$789.
    dead port 2/2 on $mux $techmap\transition.$procmux$791.
    dead port 1/2 on $mux $techmap\transition.$procmux$1016.
    dead port 2/2 on $mux $techmap\transition.$procmux$1018.
    dead port 2/2 on $mux $techmap\transition.$procmux$802.
    dead port 2/2 on $mux $techmap\transition.$procmux$804.
    dead port 2/2 on $mux $techmap\transition.$procmux$2115.
    dead port 1/2 on $mux $techmap\transition.$procmux$2118.
    dead port 2/2 on $mux $techmap\transition.$procmux$2120.
    dead port 2/2 on $mux $techmap\transition.$procmux$806.
    dead port 1/2 on $mux $techmap\transition.$procmux$809.
    dead port 2/2 on $mux $techmap\transition.$procmux$811.
    dead port 2/2 on $mux $techmap\transition.$procmux$1042.
    dead port 2/2 on $mux $techmap\transition.$procmux$2148.
    dead port 2/2 on $mux $techmap\transition.$procmux$824.
    dead port 2/2 on $mux $techmap\transition.$procmux$826.
    dead port 2/2 on $mux $techmap\transition.$procmux$2150.
    dead port 2/2 on $mux $techmap\transition.$procmux$2152.
    dead port 2/2 on $mux $techmap\transition.$procmux$1044.
    dead port 2/2 on $mux $techmap\transition.$procmux$1046.
    dead port 2/2 on $mux $techmap\transition.$procmux$828.
    dead port 1/2 on $mux $techmap\transition.$procmux$831.
    dead port 2/2 on $mux $techmap\transition.$procmux$833.
    dead port 2/2 on $mux $techmap\transition.$procmux$844.
    dead port 2/2 on $mux $techmap\transition.$procmux$2452.
    dead port 2/2 on $mux $techmap\transition.$procmux$846.
    dead port 2/2 on $mux $techmap\transition.$procmux$848.
    dead port 1/2 on $mux $techmap\transition.$procmux$2455.
    dead port 2/2 on $mux $techmap\transition.$procmux$2457.
    dead port 2/2 on $mux $techmap\transition.$procmux$2154.
    dead port 1/2 on $mux $techmap\transition.$procmux$2157.
    dead port 2/2 on $mux $techmap\transition.$procmux$2159.
    dead port 2/2 on $mux $techmap\transition.$procmux$850.
    dead port 1/2 on $mux $techmap\transition.$procmux$853.
    dead port 2/2 on $mux $techmap\transition.$procmux$855.
    dead port 2/2 on $mux $techmap\transition.$procmux$868.
    dead port 2/2 on $mux $techmap\transition.$procmux$870.
    dead port 2/2 on $mux $techmap\transition.$procmux$2191.
    dead port 2/2 on $mux $techmap\transition.$procmux$2193.
    dead port 2/2 on $mux $techmap\transition.$procmux$2195.
    dead port 2/2 on $mux $techmap\transition.$procmux$2465.
    dead port 2/2 on $mux $techmap\transition.$procmux$872.
    dead port 1/2 on $mux $techmap\transition.$procmux$875.
    dead port 2/2 on $mux $techmap\transition.$procmux$877.
    dead port 2/2 on $mux $techmap\transition.$procmux$1048.
    dead port 1/2 on $mux $techmap\transition.$procmux$1051.
    dead port 2/2 on $mux $techmap\transition.$procmux$1053.
    dead port 2/2 on $mux $techmap\transition.$procmux$889.
    dead port 2/2 on $mux $techmap\transition.$procmux$891.
    dead port 2/2 on $mux $techmap\transition.$procmux$2323.
    dead port 2/2 on $mux $techmap\transition.$procmux$2197.
    dead port 1/2 on $mux $techmap\transition.$procmux$2200.
    dead port 2/2 on $mux $techmap\transition.$procmux$2202.
    dead port 2/2 on $mux $techmap\transition.$procmux$893.
    dead port 1/2 on $mux $techmap\transition.$procmux$896.
    dead port 2/2 on $mux $techmap\transition.$procmux$898.
    dead port 2/2 on $mux $techmap\transition.$procmux$914.
    dead port 2/2 on $mux $techmap\transition.$procmux$2218.
    dead port 2/2 on $mux $techmap\transition.$procmux$916.
    dead port 2/2 on $mux $techmap\transition.$procmux$918.
    dead port 2/2 on $mux $techmap\transition.$procmux$1079.
    dead port 2/2 on $mux $techmap\transition.$procmux$2220.
    dead port 2/2 on $mux $techmap\transition.$procmux$2222.
    dead port 2/2 on $mux $techmap\transition.$procmux$1208.
    dead port 2/2 on $mux $techmap\transition.$procmux$920.
    dead port 1/2 on $mux $techmap\transition.$procmux$923.
    dead port 2/2 on $mux $techmap\transition.$procmux$925.
    dead port 2/2 on $mux $techmap\transition.$procmux$1081.
    dead port 2/2 on $mux $techmap\transition.$procmux$943.
    dead port 2/2 on $mux $techmap\transition.$procmux$1083.
    dead port 2/2 on $mux $techmap\transition.$procmux$945.
    dead port 2/2 on $mux $techmap\transition.$procmux$947.
    dead port 1/2 on $mux $techmap\transition.$procmux$1211.
    dead port 2/2 on $mux $techmap\transition.$procmux$1213.
    dead port 2/2 on $mux $techmap\transition.$procmux$2224.
    dead port 1/2 on $mux $techmap\transition.$procmux$2227.
    dead port 2/2 on $mux $techmap\transition.$procmux$2229.
    dead port 2/2 on $mux $techmap\transition.$procmux$949.
    dead port 1/2 on $mux $techmap\transition.$procmux$952.
    dead port 2/2 on $mux $techmap\transition.$procmux$954.
    dead port 2/2 on $mux $techmap\transition.$procmux$974.
    dead port 2/2 on $mux $techmap\transition.$procmux$976.
    dead port 2/2 on $mux $techmap\transition.$procmux$978.
    dead port 2/2 on $mux $techmap\transition.$procmux$2251.
    dead port 2/2 on $mux $techmap\transition.$procmux$2253.
    dead port 2/2 on $mux $techmap\transition.$procmux$2255.
    dead port 2/2 on $mux $techmap\transition.$procmux$2467.
    dead port 2/2 on $mux $techmap\transition.$procmux$980.
    dead port 1/2 on $mux $techmap\transition.$procmux$983.
    dead port 2/2 on $mux $techmap\transition.$procmux$985.
    dead port 2/2 on $mux $techmap\transition.$procmux$1085.
    dead port 1/2 on $mux $techmap\transition.$procmux$1088.
    dead port 2/2 on $mux $techmap\transition.$procmux$1090.
    dead port 2/2 on $mux $techmap\transition.$procmux$2257.
    dead port 1/2 on $mux $techmap\transition.$procmux$2260.
    dead port 2/2 on $mux $techmap\transition.$procmux$2262.
    dead port 2/2 on $mux $techmap\transition.$procmux$2292.
    dead port 2/2 on $mux $techmap\transition.$procmux$2294.
    dead port 2/2 on $mux $techmap\transition.$procmux$2296.
    dead port 1/2 on $mux $techmap\transition.$procmux$2470.
    dead port 2/2 on $mux $techmap\transition.$procmux$1118.
    dead port 2/2 on $mux $techmap\transition.$procmux$1120.
    dead port 2/2 on $mux $techmap\transition.$procmux$1122.
    dead port 2/2 on $mux $techmap\transition.$procmux$2472.
    dead port 2/2 on $mux $techmap\transition.$procmux$2298.
Removed 1098 multiplexer ports.
<suppressed ~20 debug messages>

3.7.4. Executing OPT_REDUCE pass (consolidate $*mux and $reduce_* inputs).
  Optimizing cells in module \kernel0_machine.
    New input vector for $reduce_or cell $techmap\transition.$procmux$7247_ANY: { $techmap\transition.$procmux$1012_CMP [2] $techmap\transition.$procmux$1012_CMP [3] }
    New input vector for $reduce_or cell $techmap\transition.$procmux$2497_ANY: { $techmap\transition.$procmux$1012_CMP [0] $techmap\transition.$procmux$1008_CMP }
    New input vector for $reduce_or cell $techmap\transition.$procmux$2326_ANY: { $techmap\transition.$procmux$1012_CMP [0] $techmap\transition.$procmux$1012_CMP [2] $techmap\transition.$procmux$1012_CMP [3] $techmap\transition.$procmux$1012_CMP [4] $techmap\transition.$procmux$1008_CMP }
    New ctrl vector for $pmux cell $techmap\transition.$procmux$4075: $auto$opt_reduce.cc:132:opt_mux$7262
    New ctrl vector for $pmux cell $techmap\transition.$procmux$4103: $auto$opt_reduce.cc:132:opt_mux$7264
    New ctrl vector for $pmux cell $techmap\transition.$procmux$4133: $auto$opt_reduce.cc:132:opt_mux$7266
    New ctrl vector for $pmux cell $techmap\transition.$procmux$4165: $auto$opt_reduce.cc:132:opt_mux$7268
    New ctrl vector for $pmux cell $techmap\transition.$procmux$4199: $auto$opt_reduce.cc:132:opt_mux$7270
    New ctrl vector for $pmux cell $techmap\transition.$procmux$4235: $auto$opt_reduce.cc:132:opt_mux$7272
    New ctrl vector for $pmux cell $techmap\transition.$procmux$4273: $auto$opt_reduce.cc:132:opt_mux$7274
    New ctrl vector for $pmux cell $techmap\transition.$procmux$4313: $auto$opt_reduce.cc:132:opt_mux$7276
    New ctrl vector for $pmux cell $techmap\transition.$procmux$4334: $auto$opt_reduce.cc:132:opt_mux$7278
    New ctrl vector for $pmux cell $techmap\transition.$procmux$4358: $auto$opt_reduce.cc:132:opt_mux$7280
    New ctrl vector for $pmux cell $techmap\transition.$procmux$4387: $auto$opt_reduce.cc:132:opt_mux$7282
    New ctrl vector for $pmux cell $techmap\transition.$procmux$4420: $auto$opt_reduce.cc:132:opt_mux$7284
    New ctrl vector for $pmux cell $techmap\transition.$procmux$4457: $auto$opt_reduce.cc:132:opt_mux$7286
    New ctrl vector for $pmux cell $techmap\transition.$procmux$4523: $auto$opt_reduce.cc:132:opt_mux$7288
    New ctrl vector for $pmux cell $techmap\transition.$procmux$4546: $auto$opt_reduce.cc:132:opt_mux$7290
    New ctrl vector for $mux cell $techmap\transition.$procmux$7136: { }
    New ctrl vector for $pmux cell $techmap\transition.$procmux$4577: $auto$opt_reduce.cc:132:opt_mux$7292
    New ctrl vector for $pmux cell $techmap\transition.$procmux$4616: $auto$opt_reduce.cc:132:opt_mux$7294
    New ctrl vector for $pmux cell $techmap\transition.$procmux$4651: $auto$opt_reduce.cc:132:opt_mux$7296
    New ctrl vector for $pmux cell $techmap\transition.$procmux$884: { $techmap\transition.$procmux$1012_CMP [0] $techmap\transition.$procmux$1008_CMP $auto$opt_reduce.cc:132:opt_mux$7298 }
    New ctrl vector for $pmux cell $techmap\transition.$procmux$4027: $auto$opt_reduce.cc:132:opt_mux$7300
    New ctrl vector for $pmux cell $techmap\transition.$procmux$4049: $auto$opt_reduce.cc:132:opt_mux$7302
    New input vector for $reduce_or cell $auto$opt_reduce.cc:126:opt_mux$7289: { $techmap\transition.$procmux$4051_CMP $techmap\transition.$procmux$4029_CMP $techmap\transition.$procmux$4028_CMP }
    New input vector for $reduce_or cell $auto$opt_reduce.cc:126:opt_mux$7301: { $techmap\transition.$procmux$4051_CMP $techmap\transition.$procmux$4028_CMP $techmap\transition.$procmux$4006_CMP }
  Optimizing cells in module \kernel0_machine.
Performed a total of 27 changes.

3.7.5. Executing OPT_MERGE pass (detect identical cells).
Finding identical cells in module `\kernel0_machine'.
<suppressed ~66 debug messages>
Removed a total of 22 cells.

3.7.6. Executing OPT_RMDFF pass (remove dff with constant values).

3.7.7. Executing OPT_CLEAN pass (remove unused cells and wires).
Finding unused cells or wires in module \kernel0_machine..
Removed 0 unused cells and 1808 unused wires.
<suppressed ~1 debug messages>

3.7.8. Executing OPT_EXPR pass (perform const folding).
Optimizing module kernel0_machine.

3.7.9. Rerunning OPT passes. (Maybe there is more to do..)

3.7.10. Executing OPT_MUXTREE pass (detect dead branches in mux trees).
Running muxtree optimizer on module \kernel0_machine..
  Creating internal representation of mux trees.
  Evaluating internal representation of mux trees.
  Analyzing evaluation results.
Removed 0 multiplexer ports.
<suppressed ~42 debug messages>

3.7.11. Executing OPT_REDUCE pass (consolidate $*mux and $reduce_* inputs).
  Optimizing cells in module \kernel0_machine.
Performed a total of 0 changes.

3.7.12. Executing OPT_MERGE pass (detect identical cells).
Finding identical cells in module `\kernel0_machine'.
Removed a total of 0 cells.

3.7.13. Executing OPT_RMDFF pass (remove dff with constant values).

3.7.14. Executing OPT_CLEAN pass (remove unused cells and wires).
Finding unused cells or wires in module \kernel0_machine..

3.7.15. Executing OPT_EXPR pass (perform const folding).
Optimizing module kernel0_machine.

3.7.16. Finished OPT passes. (There is nothing left to do.)

3.8. Executing WREDUCE pass (reducing word size of cells).
Removed top 1 bits (of 2) from port B of cell kernel0_machine.$techmap\transition.$procmux$7242_CMP0 ($eq).
Removed top 27 bits (of 32) from port B of cell kernel0_machine.$techmap\transition.$procmux$7061_CMP0 ($eq).
Removed top 28 bits (of 32) from port B of cell kernel0_machine.$techmap\transition.$procmux$6253_CMP0 ($eq).
Removed top 31 bits (of 32) from port B of cell kernel0_machine.$techmap\transition.$procmux$6219_CMP0 ($eq).
Removed top 27 bits (of 32) from port B of cell kernel0_machine.$techmap\transition.$procmux$6177_CMP0 ($eq).
Removed top 29 bits (of 32) from port B of cell kernel0_machine.$techmap\transition.$procmux$6151_CMP0 ($eq).
Removed top 28 bits (of 32) from port B of cell kernel0_machine.$techmap\transition.$procmux$6113_CMP0 ($eq).
Removed top 27 bits (of 32) from port B of cell kernel0_machine.$techmap\transition.$procmux$6083_CMP0 ($eq).
Removed top 30 bits (of 32) from port B of cell kernel0_machine.$techmap\transition.$procmux$6059_CMP0 ($eq).
Removed top 29 bits (of 32) from port B of cell kernel0_machine.$techmap\transition.$procmux$6019_CMP0 ($eq).
Removed top 28 bits (of 32) from port B of cell kernel0_machine.$techmap\transition.$procmux$5983_CMP0 ($eq).
Removed top 28 bits (of 32) from port B of cell kernel0_machine.$techmap\transition.$procmux$5951_CMP0 ($eq).
Removed top 27 bits (of 32) from port B of cell kernel0_machine.$techmap\transition.$procmux$5923_CMP0 ($eq).
Removed top 30 bits (of 32) from port B of cell kernel0_machine.$techmap\transition.$procmux$5857_CMP0 ($eq).
Removed top 29 bits (of 32) from port B of cell kernel0_machine.$techmap\transition.$procmux$5816_CMP0 ($eq).
Removed top 29 bits (of 32) from port B of cell kernel0_machine.$techmap\transition.$procmux$5777_CMP0 ($eq).
Removed top 28 bits (of 32) from port B of cell kernel0_machine.$techmap\transition.$procmux$5740_CMP0 ($eq).
Removed top 28 bits (of 32) from port B of cell kernel0_machine.$techmap\transition.$procmux$5705_CMP0 ($eq).
Removed top 28 bits (of 32) from port B of cell kernel0_machine.$techmap\transition.$procmux$5672_CMP0 ($eq).
Removed top 28 bits (of 32) from port B of cell kernel0_machine.$techmap\transition.$procmux$5641_CMP0 ($eq).
Removed top 27 bits (of 32) from port B of cell kernel0_machine.$techmap\transition.$procmux$5612_CMP0 ($eq).
Removed top 27 bits (of 32) from port B of cell kernel0_machine.$techmap\transition.$procmux$5585_CMP0 ($eq).
Removed top 27 bits (of 32) from port B of cell kernel0_machine.$techmap\transition.$procmux$5560_CMP0 ($eq).
Removed top 31 bits (of 32) from port B of cell kernel0_machine.$techmap\transition.$procmux$4276_CMP0 ($eq).
Removed top 30 bits (of 32) from port B of cell kernel0_machine.$techmap\transition.$procmux$4275_CMP0 ($eq).
Removed top 30 bits (of 32) from port B of cell kernel0_machine.$techmap\transition.$procmux$4238_CMP0 ($eq).
Removed top 29 bits (of 32) from port B of cell kernel0_machine.$techmap\transition.$procmux$4237_CMP0 ($eq).
Removed top 29 bits (of 32) from port B of cell kernel0_machine.$techmap\transition.$procmux$4202_CMP0 ($eq).
Removed top 29 bits (of 32) from port B of cell kernel0_machine.$techmap\transition.$procmux$4201_CMP0 ($eq).
Removed top 29 bits (of 32) from port B of cell kernel0_machine.$techmap\transition.$procmux$4168_CMP0 ($eq).
Removed top 28 bits (of 32) from port B of cell kernel0_machine.$techmap\transition.$procmux$4167_CMP0 ($eq).
Removed top 28 bits (of 32) from port B of cell kernel0_machine.$techmap\transition.$procmux$4136_CMP0 ($eq).
Removed top 28 bits (of 32) from port B of cell kernel0_machine.$techmap\transition.$procmux$4135_CMP0 ($eq).
Removed top 28 bits (of 32) from port B of cell kernel0_machine.$techmap\transition.$procmux$4106_CMP0 ($eq).
Removed top 28 bits (of 32) from port B of cell kernel0_machine.$techmap\transition.$procmux$4105_CMP0 ($eq).
Removed top 28 bits (of 32) from port B of cell kernel0_machine.$techmap\transition.$procmux$4078_CMP0 ($eq).
Removed top 28 bits (of 32) from port B of cell kernel0_machine.$techmap\transition.$procmux$4077_CMP0 ($eq).
Removed top 27 bits (of 32) from port B of cell kernel0_machine.$techmap\transition.$procmux$4051_CMP0 ($eq).
Removed top 28 bits (of 32) from port B of cell kernel0_machine.$techmap\transition.$procmux$4030_CMP0 ($eq).
Removed top 27 bits (of 32) from port B of cell kernel0_machine.$techmap\transition.$procmux$4029_CMP0 ($eq).
Removed top 27 bits (of 32) from port B of cell kernel0_machine.$techmap\transition.$procmux$4028_CMP0 ($eq).
Removed top 27 bits (of 32) from port B of cell kernel0_machine.$techmap\transition.$procmux$4006_CMP0 ($eq).
Removed top 31 bits (of 32) from port B of cell kernel0_machine.$techmap\transition.$procmux$3568_CMP0 ($eq).
Removed top 30 bits (of 32) from port B of cell kernel0_machine.$techmap\transition.$procmux$3567_CMP0 ($eq).
Removed top 30 bits (of 32) from port B of cell kernel0_machine.$techmap\transition.$procmux$3530_CMP0 ($eq).
Removed top 29 bits (of 32) from port B of cell kernel0_machine.$techmap\transition.$procmux$3529_CMP0 ($eq).
Removed top 29 bits (of 32) from port B of cell kernel0_machine.$techmap\transition.$procmux$3494_CMP0 ($eq).
Removed top 29 bits (of 32) from port B of cell kernel0_machine.$techmap\transition.$procmux$3493_CMP0 ($eq).
Removed top 29 bits (of 32) from port B of cell kernel0_machine.$techmap\transition.$procmux$3460_CMP0 ($eq).
Removed top 28 bits (of 32) from port B of cell kernel0_machine.$techmap\transition.$procmux$3459_CMP0 ($eq).
Removed top 28 bits (of 32) from port B of cell kernel0_machine.$techmap\transition.$procmux$3428_CMP0 ($eq).
Removed top 28 bits (of 32) from port B of cell kernel0_machine.$techmap\transition.$procmux$3427_CMP0 ($eq).
Removed top 28 bits (of 32) from port B of cell kernel0_machine.$techmap\transition.$procmux$3398_CMP0 ($eq).
Removed top 28 bits (of 32) from port B of cell kernel0_machine.$techmap\transition.$procmux$3397_CMP0 ($eq).
Removed top 28 bits (of 32) from port B of cell kernel0_machine.$techmap\transition.$procmux$3370_CMP0 ($eq).
Removed top 28 bits (of 32) from port B of cell kernel0_machine.$techmap\transition.$procmux$3369_CMP0 ($eq).
Removed top 27 bits (of 32) from port B of cell kernel0_machine.$techmap\transition.$procmux$3343_CMP0 ($eq).
Removed top 28 bits (of 32) from port B of cell kernel0_machine.$techmap\transition.$procmux$3322_CMP0 ($eq).
Removed top 27 bits (of 32) from port B of cell kernel0_machine.$techmap\transition.$procmux$3321_CMP0 ($eq).
Removed top 27 bits (of 32) from port B of cell kernel0_machine.$techmap\transition.$procmux$3320_CMP0 ($eq).
Removed top 27 bits (of 32) from port B of cell kernel0_machine.$techmap\transition.$procmux$3298_CMP0 ($eq).
Removed top 28 bits (of 32) from port B of cell kernel0_machine.$techmap\transition.$procmux$3278_CMP0 ($eq).
Removed top 31 bits (of 32) from port B of cell kernel0_machine.$techmap\transition.$procmux$3246_CMP0 ($eq).
Removed top 27 bits (of 32) from port B of cell kernel0_machine.$techmap\transition.$procmux$3206_CMP0 ($eq).
Removed top 29 bits (of 32) from port B of cell kernel0_machine.$techmap\transition.$procmux$3182_CMP0 ($eq).
Removed top 28 bits (of 32) from port B of cell kernel0_machine.$techmap\transition.$procmux$3146_CMP0 ($eq).
Removed top 27 bits (of 32) from port B of cell kernel0_machine.$techmap\transition.$procmux$3118_CMP0 ($eq).
Removed top 30 bits (of 32) from port B of cell kernel0_machine.$techmap\transition.$procmux$3096_CMP0 ($eq).
Removed top 29 bits (of 32) from port B of cell kernel0_machine.$techmap\transition.$procmux$3058_CMP0 ($eq).
Removed top 28 bits (of 32) from port B of cell kernel0_machine.$techmap\transition.$procmux$3024_CMP0 ($eq).
Removed top 28 bits (of 32) from port B of cell kernel0_machine.$techmap\transition.$procmux$2994_CMP0 ($eq).
Removed top 27 bits (of 32) from port B of cell kernel0_machine.$techmap\transition.$procmux$2968_CMP0 ($eq).
Removed top 30 bits (of 32) from port B of cell kernel0_machine.$techmap\transition.$procmux$2906_CMP0 ($eq).
Removed top 29 bits (of 32) from port B of cell kernel0_machine.$techmap\transition.$procmux$2867_CMP0 ($eq).
Removed top 29 bits (of 32) from port B of cell kernel0_machine.$techmap\transition.$procmux$2830_CMP0 ($eq).
Removed top 28 bits (of 32) from port B of cell kernel0_machine.$techmap\transition.$procmux$2795_CMP0 ($eq).
Removed top 28 bits (of 32) from port B of cell kernel0_machine.$techmap\transition.$procmux$2762_CMP0 ($eq).
Removed top 28 bits (of 32) from port B of cell kernel0_machine.$techmap\transition.$procmux$2731_CMP0 ($eq).
Removed top 28 bits (of 32) from port B of cell kernel0_machine.$techmap\transition.$procmux$2702_CMP0 ($eq).
Removed top 27 bits (of 32) from port B of cell kernel0_machine.$techmap\transition.$procmux$2675_CMP0 ($eq).
Removed top 27 bits (of 32) from port B of cell kernel0_machine.$techmap\transition.$procmux$2650_CMP0 ($eq).
Removed top 1 bits (of 4) from port B of cell kernel0_machine.$techmap\transition.$procmux$2530_CMP0 ($eq).
Removed top 3 bits (of 4) from port B of cell kernel0_machine.$techmap\transition.$procmux$2514_CMP0 ($eq).
Removed top 2 bits (of 4) from port B of cell kernel0_machine.$techmap\transition.$procmux$2513_CMP0 ($eq).
Removed top 2 bits (of 4) from port B of cell kernel0_machine.$techmap\transition.$procmux$2512_CMP0 ($eq).
Removed cell kernel0_machine.$techmap\transition.$procmux$2505 ($mux).
Removed cell kernel0_machine.$techmap\transition.$procmux$2503 ($mux).
Removed cell kernel0_machine.$techmap\transition.$procmux$2500 ($mux).
Removed cell kernel0_machine.$techmap\transition.$procmux$2498 ($mux).
Removed top 28 bits (of 32) from port B of cell kernel0_machine.$techmap\transition.$procmux$1736_CMP0 ($eq).
Removed top 27 bits (of 32) from port B of cell kernel0_machine.$techmap\transition.$procmux$1704_CMP0 ($eq).
Removed top 27 bits (of 32) from port B of cell kernel0_machine.$techmap\transition.$procmux$1674_CMP0 ($eq).
Removed top 27 bits (of 32) from port B of cell kernel0_machine.$techmap\transition.$procmux$1646_CMP0 ($eq).
Removed top 28 bits (of 32) from port B of cell kernel0_machine.$techmap\transition.$procmux$1621_CMP0 ($eq).
Removed top 31 bits (of 32) from port B of cell kernel0_machine.$techmap\transition.$procmux$1585_CMP0 ($eq).
Removed top 27 bits (of 32) from port B of cell kernel0_machine.$techmap\transition.$procmux$1541_CMP0 ($eq).
Removed top 29 bits (of 32) from port B of cell kernel0_machine.$techmap\transition.$procmux$1513_CMP0 ($eq).
Removed top 28 bits (of 32) from port B of cell kernel0_machine.$techmap\transition.$procmux$1473_CMP0 ($eq).
Removed top 27 bits (of 32) from port B of cell kernel0_machine.$techmap\transition.$procmux$1441_CMP0 ($eq).
Removed top 30 bits (of 32) from port B of cell kernel0_machine.$techmap\transition.$procmux$1415_CMP0 ($eq).
Removed top 29 bits (of 32) from port B of cell kernel0_machine.$techmap\transition.$procmux$1373_CMP0 ($eq).
Removed top 28 bits (of 32) from port B of cell kernel0_machine.$techmap\transition.$procmux$1335_CMP0 ($eq).
Removed top 28 bits (of 32) from port B of cell kernel0_machine.$techmap\transition.$procmux$1301_CMP0 ($eq).
Removed top 27 bits (of 32) from port B of cell kernel0_machine.$techmap\transition.$procmux$1271_CMP0 ($eq).
Removed top 30 bits (of 32) from port B of cell kernel0_machine.$techmap\transition.$procmux$1201_CMP0 ($eq).
Removed top 29 bits (of 32) from port B of cell kernel0_machine.$techmap\transition.$procmux$1158_CMP0 ($eq).
Removed top 29 bits (of 32) from port B of cell kernel0_machine.$techmap\transition.$procmux$1117_CMP0 ($eq).
Removed top 28 bits (of 32) from port B of cell kernel0_machine.$techmap\transition.$procmux$1078_CMP0 ($eq).
Removed top 28 bits (of 32) from port B of cell kernel0_machine.$techmap\transition.$procmux$1041_CMP0 ($eq).
Removed top 1 bits (of 4) from port B of cell kernel0_machine.$techmap\transition.$procmux$1012_CMP2 ($eq).
Removed top 1 bits (of 4) from port B of cell kernel0_machine.$techmap\transition.$procmux$1012_CMP0 ($eq).
Removed top 1 bits (of 4) from port B of cell kernel0_machine.$techmap\transition.$procmux$1008_CMP0 ($eq).
Removed top 28 bits (of 32) from port B of cell kernel0_machine.$techmap\transition.$procmux$1006_CMP0 ($eq).
Removed top 1 bits (of 2) from port B of cell kernel0_machine.$techmap\transition.$procmux$776_CMP0 ($eq).
Removed top 29 bits (of 32) from port A of cell kernel0_machine.$techmap\transition.$not$/tmp/ases-kernel0-ingress-reduction/docs/research/kernel-0/direct-rtl/kernel0.v:47$699 ($not).
Removed top 31 bits (of 32) from port A of cell kernel0_machine.$techmap\transition.$add$/tmp/ases-kernel0-ingress-reduction/docs/research/kernel-0/direct-rtl/kernel0.v:128$582 ($add).
Removed top 29 bits (of 32) from port Y of cell kernel0_machine.$techmap\transition.$add$/tmp/ases-kernel0-ingress-reduction/docs/research/kernel-0/direct-rtl/kernel0.v:128$582 ($add).
Removed top 2 bits (of 3) from port A of cell kernel0_machine.$techmap\transition.$shl$/tmp/ases-kernel0-ingress-reduction/docs/research/kernel-0/direct-rtl/kernel0.v:120$577 ($shl).
Removed top 1 bits (of 2) from port B of cell kernel0_machine.$techmap\transition.$add$/tmp/ases-kernel0-ingress-reduction/docs/research/kernel-0/direct-rtl/kernel0.v:114$576 ($add).
Removed top 29 bits (of 32) from port A of cell kernel0_machine.$techmap\transition.$not$/tmp/ases-kernel0-ingress-reduction/docs/research/kernel-0/direct-rtl/kernel0.v:112$572 ($not).
Removed top 28 bits (of 32) from port A of cell kernel0_machine.$techmap\transition.$add$/tmp/ases-kernel0-ingress-reduction/docs/research/kernel-0/direct-rtl/kernel0.v:107$563 ($add).
Removed top 1 bits (of 3) from port A of cell kernel0_machine.$techmap\transition.$add$/tmp/ases-kernel0-ingress-reduction/docs/research/kernel-0/direct-rtl/kernel0.v:103$560 ($add).
Removed top 2 bits (of 3) from port B of cell kernel0_machine.$techmap\transition.$add$/tmp/ases-kernel0-ingress-reduction/docs/research/kernel-0/direct-rtl/kernel0.v:103$560 ($add).
Removed top 30 bits (of 32) from port A of cell kernel0_machine.$techmap\transition.$mul$/tmp/ases-kernel0-ingress-reduction/docs/research/kernel-0/direct-rtl/kernel0.v:102$557 ($mul).
Removed top 28 bits (of 32) from port Y of cell kernel0_machine.$techmap\transition.$mul$/tmp/ases-kernel0-ingress-reduction/docs/research/kernel-0/direct-rtl/kernel0.v:102$557 ($mul).
Removed top 30 bits (of 32) from port A of cell kernel0_machine.$techmap\transition.$mul$/tmp/ases-kernel0-ingress-reduction/docs/research/kernel-0/direct-rtl/kernel0.v:101$551 ($mul).
Removed top 28 bits (of 32) from port Y of cell kernel0_machine.$techmap\transition.$mul$/tmp/ases-kernel0-ingress-reduction/docs/research/kernel-0/direct-rtl/kernel0.v:101$551 ($mul).
Removed top 29 bits (of 32) from port A of cell kernel0_machine.$techmap\transition.$add$/tmp/ases-kernel0-ingress-reduction/docs/research/kernel-0/direct-rtl/kernel0.v:100$547 ($add).
Removed top 28 bits (of 32) from port Y of cell kernel0_machine.$techmap\transition.$add$/tmp/ases-kernel0-ingress-reduction/docs/research/kernel-0/direct-rtl/kernel0.v:100$547 ($add).
Removed top 29 bits (of 32) from port A of cell kernel0_machine.$techmap\transition.$not$/tmp/ases-kernel0-ingress-reduction/docs/research/kernel-0/direct-rtl/kernel0.v:91$530 ($not).
Removed top 29 bits (of 32) from port A of cell kernel0_machine.$techmap\transition.$add$/tmp/ases-kernel0-ingress-reduction/docs/research/kernel-0/direct-rtl/kernel0.v:85$519 ($add).
Removed top 28 bits (of 32) from port Y of cell kernel0_machine.$techmap\transition.$add$/tmp/ases-kernel0-ingress-reduction/docs/research/kernel-0/direct-rtl/kernel0.v:85$519 ($add).
Removed top 29 bits (of 32) from port A of cell kernel0_machine.$techmap\transition.$not$/tmp/ases-kernel0-ingress-reduction/docs/research/kernel-0/direct-rtl/kernel0.v:47$508 ($not).
Removed top 29 bits (of 32) from port B of cell kernel0_machine.$techmap\transition.$lt$/tmp/ases-kernel0-ingress-reduction/docs/research/kernel-0/direct-rtl/kernel0.v:72$449 ($lt).
Removed top 30 bits (of 32) from port B of cell kernel0_machine.$techmap\transition.$lt$/tmp/ases-kernel0-ingress-reduction/docs/research/kernel-0/direct-rtl/kernel0.v:69$428 ($lt).
Removed top 30 bits (of 32) from port B of cell kernel0_machine.$techmap\transition.$lt$/tmp/ases-kernel0-ingress-reduction/docs/research/kernel-0/direct-rtl/kernel0.v:69$426 ($lt).
Removed top 30 bits (of 32) from port B of cell kernel0_machine.$techmap\transition.$lt$/tmp/ases-kernel0-ingress-reduction/docs/research/kernel-0/direct-rtl/kernel0.v:68$418 ($lt).
Removed top 30 bits (of 32) from port B of cell kernel0_machine.$techmap\transition.$lt$/tmp/ases-kernel0-ingress-reduction/docs/research/kernel-0/direct-rtl/kernel0.v:66$412 ($lt).
Removed top 30 bits (of 32) from port B of cell kernel0_machine.$techmap\transition.$lt$/tmp/ases-kernel0-ingress-reduction/docs/research/kernel-0/direct-rtl/kernel0.v:66$410 ($lt).
Removed top 28 bits (of 32) from port A of cell kernel0_machine.$techmap\transition.$add$/tmp/ases-kernel0-ingress-reduction/docs/research/kernel-0/direct-rtl/kernel0.v:60$391 ($add).
Removed top 30 bits (of 32) from port A of cell kernel0_machine.$techmap\transition.$mul$/tmp/ases-kernel0-ingress-reduction/docs/research/kernel-0/direct-rtl/kernel0.v:60$390 ($mul).
Removed top 27 bits (of 32) from port Y of cell kernel0_machine.$techmap\transition.$mul$/tmp/ases-kernel0-ingress-reduction/docs/research/kernel-0/direct-rtl/kernel0.v:60$390 ($mul).
Removed top 29 bits (of 32) from port B of cell kernel0_machine.$techmap\transition.$lt$/tmp/ases-kernel0-ingress-reduction/docs/research/kernel-0/direct-rtl/kernel0.v:60$389 ($lt).
Removed top 28 bits (of 32) from port A of cell kernel0_machine.$techmap\transition.$add$/tmp/ases-kernel0-ingress-reduction/docs/research/kernel-0/direct-rtl/kernel0.v:58$386 ($add).
Removed top 28 bits (of 32) from port B of cell kernel0_machine.$techmap\transition.$add$/tmp/ases-kernel0-ingress-reduction/docs/research/kernel-0/direct-rtl/kernel0.v:58$386 ($add).
Removed top 27 bits (of 32) from port Y of cell kernel0_machine.$techmap\transition.$add$/tmp/ases-kernel0-ingress-reduction/docs/research/kernel-0/direct-rtl/kernel0.v:58$386 ($add).
Removed top 28 bits (of 32) from wire kernel0_machine.$techmap\transition.$add$/tmp/ases-kernel0-ingress-reduction/docs/research/kernel-0/direct-rtl/kernel0.v:100$547_Y.
Removed top 27 bits (of 32) from wire kernel0_machine.$techmap\transition.$add$/tmp/ases-kernel0-ingress-reduction/docs/research/kernel-0/direct-rtl/kernel0.v:102$558_Y.
Removed top 29 bits (of 32) from wire kernel0_machine.$techmap\transition.$add$/tmp/ases-kernel0-ingress-reduction/docs/research/kernel-0/direct-rtl/kernel0.v:128$582_Y.
Removed top 28 bits (of 32) from wire kernel0_machine.$techmap\transition.$add$/tmp/ases-kernel0-ingress-reduction/docs/research/kernel-0/direct-rtl/kernel0.v:85$519_Y.
Removed top 28 bits (of 32) from wire kernel0_machine.$techmap\transition.$mul$/tmp/ases-kernel0-ingress-reduction/docs/research/kernel-0/direct-rtl/kernel0.v:101$551_Y.
Removed top 28 bits (of 32) from wire kernel0_machine.$techmap\transition.$mul$/tmp/ases-kernel0-ingress-reduction/docs/research/kernel-0/direct-rtl/kernel0.v:102$557_Y.
Removed top 27 bits (of 32) from wire kernel0_machine.$techmap\transition.$mul$/tmp/ases-kernel0-ingress-reduction/docs/research/kernel-0/direct-rtl/kernel0.v:60$390_Y.

3.9. Executing PEEPOPT pass (run peephole optimizers).

3.10. Executing OPT_CLEAN pass (remove unused cells and wires).
Finding unused cells or wires in module \kernel0_machine..
Removed 0 unused cells and 11 unused wires.
<suppressed ~1 debug messages>

3.11. Executing TECHMAP pass (map to technology primitives).

3.11.1. Executing Verilog-2005 frontend: /tmp/kernel0-rtl-tools/root/usr/bin/../share/yosys/cmp2lut.v
Parsing Verilog input from `/tmp/kernel0-rtl-tools/root/usr/bin/../share/yosys/cmp2lut.v' to AST representation.
Generating RTLIL representation for module `\_90_lut_cmp_'.
Successfully finished Verilog frontend.

3.11.2. Continuing TECHMAP pass.
No more expansions possible.
<suppressed ~1636 debug messages>

3.12. Executing ALUMACC pass (create $alu and $macc cells).
Extracting $alu and $macc cells in module kernel0_machine:
  creating $macc model for $techmap\transition.$add$/tmp/ases-kernel0-ingress-reduction/docs/research/kernel-0/direct-rtl/kernel0.v:100$547 ($add).
  creating $macc model for $techmap\transition.$add$/tmp/ases-kernel0-ingress-reduction/docs/research/kernel-0/direct-rtl/kernel0.v:103$560 ($add).
  creating $macc model for $techmap\transition.$add$/tmp/ases-kernel0-ingress-reduction/docs/research/kernel-0/direct-rtl/kernel0.v:107$563 ($add).
  creating $macc model for $techmap\transition.$add$/tmp/ases-kernel0-ingress-reduction/docs/research/kernel-0/direct-rtl/kernel0.v:114$576 ($add).
  creating $macc model for $techmap\transition.$add$/tmp/ases-kernel0-ingress-reduction/docs/research/kernel-0/direct-rtl/kernel0.v:128$582 ($add).
  creating $macc model for $techmap\transition.$add$/tmp/ases-kernel0-ingress-reduction/docs/research/kernel-0/direct-rtl/kernel0.v:58$386 ($add).
  creating $macc model for $techmap\transition.$add$/tmp/ases-kernel0-ingress-reduction/docs/research/kernel-0/direct-rtl/kernel0.v:60$391 ($add).
  creating $macc model for $techmap\transition.$add$/tmp/ases-kernel0-ingress-reduction/docs/research/kernel-0/direct-rtl/kernel0.v:85$519 ($add).
  creating $macc model for $techmap\transition.$mul$/tmp/ases-kernel0-ingress-reduction/docs/research/kernel-0/direct-rtl/kernel0.v:101$551 ($mul).
  creating $macc model for $techmap\transition.$mul$/tmp/ases-kernel0-ingress-reduction/docs/research/kernel-0/direct-rtl/kernel0.v:102$557 ($mul).
  creating $macc model for $techmap\transition.$mul$/tmp/ases-kernel0-ingress-reduction/docs/research/kernel-0/direct-rtl/kernel0.v:60$390 ($mul).
  merging $macc model for $techmap\transition.$mul$/tmp/ases-kernel0-ingress-reduction/docs/research/kernel-0/direct-rtl/kernel0.v:102$557 into $techmap\transition.$add$/tmp/ases-kernel0-ingress-reduction/docs/research/kernel-0/direct-rtl/kernel0.v:58$386.
  creating $alu model for $macc $techmap\transition.$add$/tmp/ases-kernel0-ingress-reduction/docs/research/kernel-0/direct-rtl/kernel0.v:85$519.
  creating $alu model for $macc $techmap\transition.$add$/tmp/ases-kernel0-ingress-reduction/docs/research/kernel-0/direct-rtl/kernel0.v:60$391.
  creating $alu model for $macc $techmap\transition.$add$/tmp/ases-kernel0-ingress-reduction/docs/research/kernel-0/direct-rtl/kernel0.v:128$582.
  creating $alu model for $macc $techmap\transition.$add$/tmp/ases-kernel0-ingress-reduction/docs/research/kernel-0/direct-rtl/kernel0.v:114$576.
  creating $alu model for $macc $techmap\transition.$add$/tmp/ases-kernel0-ingress-reduction/docs/research/kernel-0/direct-rtl/kernel0.v:107$563.
  creating $alu model for $macc $techmap\transition.$add$/tmp/ases-kernel0-ingress-reduction/docs/research/kernel-0/direct-rtl/kernel0.v:103$560.
  creating $alu model for $macc $techmap\transition.$add$/tmp/ases-kernel0-ingress-reduction/docs/research/kernel-0/direct-rtl/kernel0.v:100$547.
  creating $macc cell for $techmap\transition.$add$/tmp/ases-kernel0-ingress-reduction/docs/research/kernel-0/direct-rtl/kernel0.v:58$386: $auto$alumacc.cc:354:replace_macc$7310
  creating $macc cell for $techmap\transition.$mul$/tmp/ases-kernel0-ingress-reduction/docs/research/kernel-0/direct-rtl/kernel0.v:101$551: $auto$alumacc.cc:354:replace_macc$7311
  creating $macc cell for $techmap\transition.$mul$/tmp/ases-kernel0-ingress-reduction/docs/research/kernel-0/direct-rtl/kernel0.v:60$390: $auto$alumacc.cc:354:replace_macc$7312
  creating $alu model for $techmap\transition.$lt$/tmp/ases-kernel0-ingress-reduction/docs/research/kernel-0/direct-rtl/kernel0.v:60$389 ($lt): new $alu
  creating $alu model for $techmap\transition.$lt$/tmp/ases-kernel0-ingress-reduction/docs/research/kernel-0/direct-rtl/kernel0.v:66$410 ($lt): new $alu
  creating $alu model for $techmap\transition.$lt$/tmp/ases-kernel0-ingress-reduction/docs/research/kernel-0/direct-rtl/kernel0.v:66$412 ($lt): new $alu
  creating $alu model for $techmap\transition.$lt$/tmp/ases-kernel0-ingress-reduction/docs/research/kernel-0/direct-rtl/kernel0.v:68$418 ($lt): new $alu
  creating $alu model for $techmap\transition.$lt$/tmp/ases-kernel0-ingress-reduction/docs/research/kernel-0/direct-rtl/kernel0.v:69$426 ($lt): new $alu
  creating $alu model for $techmap\transition.$lt$/tmp/ases-kernel0-ingress-reduction/docs/research/kernel-0/direct-rtl/kernel0.v:69$428 ($lt): new $alu
  creating $alu model for $techmap\transition.$lt$/tmp/ases-kernel0-ingress-reduction/docs/research/kernel-0/direct-rtl/kernel0.v:72$449 ($lt): new $alu
  creating $alu model for $techmap\transition.$eq$/tmp/ases-kernel0-ingress-reduction/docs/research/kernel-0/direct-rtl/kernel0.v:63$394 ($eq): merged with $techmap\transition.$lt$/tmp/ases-kernel0-ingress-reduction/docs/research/kernel-0/direct-rtl/kernel0.v:60$389.
  creating $alu model for $techmap\transition.$eq$/tmp/ases-kernel0-ingress-reduction/docs/research/kernel-0/direct-rtl/kernel0.v:68$419 ($eq): merged with $techmap\transition.$lt$/tmp/ases-kernel0-ingress-reduction/docs/research/kernel-0/direct-rtl/kernel0.v:66$410.
  creating $alu cell for $techmap\transition.$lt$/tmp/ases-kernel0-ingress-reduction/docs/research/kernel-0/direct-rtl/kernel0.v:72$449: $auto$alumacc.cc:474:replace_alu$7320
  creating $alu cell for $techmap\transition.$lt$/tmp/ases-kernel0-ingress-reduction/docs/research/kernel-0/direct-rtl/kernel0.v:69$428: $auto$alumacc.cc:474:replace_alu$7325
  creating $alu cell for $techmap\transition.$lt$/tmp/ases-kernel0-ingress-reduction/docs/research/kernel-0/direct-rtl/kernel0.v:69$426: $auto$alumacc.cc:474:replace_alu$7336
  creating $alu cell for $techmap\transition.$lt$/tmp/ases-kernel0-ingress-reduction/docs/research/kernel-0/direct-rtl/kernel0.v:68$418: $auto$alumacc.cc:474:replace_alu$7347
  creating $alu cell for $techmap\transition.$lt$/tmp/ases-kernel0-ingress-reduction/docs/research/kernel-0/direct-rtl/kernel0.v:66$412: $auto$alumacc.cc:474:replace_alu$7358
  creating $alu cell for $techmap\transition.$lt$/tmp/ases-kernel0-ingress-reduction/docs/research/kernel-0/direct-rtl/kernel0.v:66$410, $techmap\transition.$eq$/tmp/ases-kernel0-ingress-reduction/docs/research/kernel-0/direct-rtl/kernel0.v:68$419: $auto$alumacc.cc:474:replace_alu$7369
  creating $alu cell for $techmap\transition.$lt$/tmp/ases-kernel0-ingress-reduction/docs/research/kernel-0/direct-rtl/kernel0.v:60$389, $techmap\transition.$eq$/tmp/ases-kernel0-ingress-reduction/docs/research/kernel-0/direct-rtl/kernel0.v:63$394: $auto$alumacc.cc:474:replace_alu$7380
  creating $alu cell for $techmap\transition.$add$/tmp/ases-kernel0-ingress-reduction/docs/research/kernel-0/direct-rtl/kernel0.v:100$547: $auto$alumacc.cc:474:replace_alu$7387
  creating $alu cell for $techmap\transition.$add$/tmp/ases-kernel0-ingress-reduction/docs/research/kernel-0/direct-rtl/kernel0.v:107$563: $auto$alumacc.cc:474:replace_alu$7390
  creating $alu cell for $techmap\transition.$add$/tmp/ases-kernel0-ingress-reduction/docs/research/kernel-0/direct-rtl/kernel0.v:114$576: $auto$alumacc.cc:474:replace_alu$7393
  creating $alu cell for $techmap\transition.$add$/tmp/ases-kernel0-ingress-reduction/docs/research/kernel-0/direct-rtl/kernel0.v:103$560: $auto$alumacc.cc:474:replace_alu$7396
  creating $alu cell for $techmap\transition.$add$/tmp/ases-kernel0-ingress-reduction/docs/research/kernel-0/direct-rtl/kernel0.v:128$582: $auto$alumacc.cc:474:replace_alu$7399
  creating $alu cell for $techmap\transition.$add$/tmp/ases-kernel0-ingress-reduction/docs/research/kernel-0/direct-rtl/kernel0.v:60$391: $auto$alumacc.cc:474:replace_alu$7402
  creating $alu cell for $techmap\transition.$add$/tmp/ases-kernel0-ingress-reduction/docs/research/kernel-0/direct-rtl/kernel0.v:85$519: $auto$alumacc.cc:474:replace_alu$7405
  created 14 $alu and 3 $macc cells.

3.13. Executing SHARE pass (SAT-based resource sharing).

3.14. Executing OPT pass (performing simple optimizations).

3.14.1. Executing OPT_EXPR pass (perform const folding).
Optimizing module kernel0_machine.
<suppressed ~67 debug messages>

3.14.2. Executing OPT_MERGE pass (detect identical cells).
Finding identical cells in module `\kernel0_machine'.
<suppressed ~5 debug messages>
Removed a total of 1 cells.

3.14.3. Executing OPT_MUXTREE pass (detect dead branches in mux trees).
Running muxtree optimizer on module \kernel0_machine..
  Creating internal representation of mux trees.
  Evaluating internal representation of mux trees.
  Analyzing evaluation results.
Removed 0 multiplexer ports.
<suppressed ~42 debug messages>

3.14.4. Executing OPT_REDUCE pass (consolidate $*mux and $reduce_* inputs).
  Optimizing cells in module \kernel0_machine.
    New input vector for $reduce_and cell $auto$alumacc.cc:64:get_eq$7372: { $auto$alumacc.cc:490:replace_alu$7370 [0] $auto$alumacc.cc:490:replace_alu$7370 [1] }
    New input vector for $reduce_and cell $auto$alumacc.cc:64:get_eq$7361: { $auto$alumacc.cc:490:replace_alu$7359 [0] $auto$alumacc.cc:490:replace_alu$7359 [1] }
    New input vector for $reduce_and cell $auto$alumacc.cc:64:get_eq$7350: { $auto$alumacc.cc:490:replace_alu$7348 [0] $auto$alumacc.cc:490:replace_alu$7348 [1] $auto$alumacc.cc:490:replace_alu$7348 [2] }
    New input vector for $reduce_and cell $auto$alumacc.cc:64:get_eq$7339: { $auto$alumacc.cc:490:replace_alu$7337 [0] $auto$alumacc.cc:490:replace_alu$7337 [1] }
    New input vector for $reduce_and cell $auto$alumacc.cc:64:get_eq$7328: { $auto$alumacc.cc:490:replace_alu$7326 [0] $auto$alumacc.cc:490:replace_alu$7326 [1] $auto$alumacc.cc:490:replace_alu$7326 [2] }
    New input vector for $reduce_and cell $auto$alumacc.cc:64:get_eq$7385: { $auto$alumacc.cc:490:replace_alu$7381 [0] $auto$alumacc.cc:490:replace_alu$7381 [1] $auto$alumacc.cc:490:replace_alu$7381 [2] }
  Optimizing cells in module \kernel0_machine.
Performed a total of 6 changes.

3.14.5. Executing OPT_MERGE pass (detect identical cells).
Finding identical cells in module `\kernel0_machine'.
Removed a total of 0 cells.

3.14.6. Executing OPT_RMDFF pass (remove dff with constant values).

3.14.7. Executing OPT_CLEAN pass (remove unused cells and wires).
Finding unused cells or wires in module \kernel0_machine..
Removed 1 unused cells and 39 unused wires.
<suppressed ~2 debug messages>

3.14.8. Executing OPT_EXPR pass (perform const folding).
Optimizing module kernel0_machine.

3.14.9. Rerunning OPT passes. (Maybe there is more to do..)

3.14.10. Executing OPT_MUXTREE pass (detect dead branches in mux trees).
Running muxtree optimizer on module \kernel0_machine..
  Creating internal representation of mux trees.
  Evaluating internal representation of mux trees.
  Analyzing evaluation results.
Removed 0 multiplexer ports.
<suppressed ~42 debug messages>

3.14.11. Executing OPT_REDUCE pass (consolidate $*mux and $reduce_* inputs).
  Optimizing cells in module \kernel0_machine.
Performed a total of 0 changes.

3.14.12. Executing OPT_MERGE pass (detect identical cells).
Finding identical cells in module `\kernel0_machine'.
Removed a total of 0 cells.

3.14.13. Executing OPT_RMDFF pass (remove dff with constant values).

3.14.14. Executing OPT_CLEAN pass (remove unused cells and wires).
Finding unused cells or wires in module \kernel0_machine..

3.14.15. Executing OPT_EXPR pass (perform const folding).
Optimizing module kernel0_machine.

3.14.16. Finished OPT passes. (There is nothing left to do.)

3.15. Executing FSM pass (extract and optimize FSM).

3.15.1. Executing FSM_DETECT pass (finding FSMs in design).

3.15.2. Executing FSM_EXTRACT pass (extracting FSM from design).

3.15.3. Executing FSM_OPT pass (simple optimizations of FSMs).

3.15.4. Executing OPT_CLEAN pass (remove unused cells and wires).
Finding unused cells or wires in module \kernel0_machine..

3.15.5. Executing FSM_OPT pass (simple optimizations of FSMs).

3.15.6. Executing FSM_RECODE pass (re-assigning FSM state encoding).

3.15.7. Executing FSM_INFO pass (dumping all available information on FSM cells).

3.15.8. Executing FSM_MAP pass (mapping FSMs to basic logic).

3.16. Executing OPT pass (performing simple optimizations).

3.16.1. Executing OPT_EXPR pass (perform const folding).
Optimizing module kernel0_machine.

3.16.2. Executing OPT_MERGE pass (detect identical cells).
Finding identical cells in module `\kernel0_machine'.
Removed a total of 0 cells.

3.16.3. Executing OPT_RMDFF pass (remove dff with constant values).

3.16.4. Executing OPT_CLEAN pass (remove unused cells and wires).
Finding unused cells or wires in module \kernel0_machine..

3.16.5. Finished fast OPT passes.

3.17. Executing MEMORY pass.

3.17.1. Executing MEMORY_DFF pass (merging $dff cells to $memrd and $memwr).

3.17.2. Executing OPT_CLEAN pass (remove unused cells and wires).
Finding unused cells or wires in module \kernel0_machine..

3.17.3. Executing MEMORY_SHARE pass (consolidating $memrd/$memwr cells).

3.17.4. Executing OPT_CLEAN pass (remove unused cells and wires).
Finding unused cells or wires in module \kernel0_machine..

3.17.5. Executing MEMORY_COLLECT pass (generating $mem cells).

3.18. Executing OPT_CLEAN pass (remove unused cells and wires).
Finding unused cells or wires in module \kernel0_machine..

3.19. Executing OPT pass (performing simple optimizations).

3.19.1. Executing OPT_EXPR pass (perform const folding).
Optimizing module kernel0_machine.
<suppressed ~132 debug messages>

3.19.2. Executing OPT_MERGE pass (detect identical cells).
Finding identical cells in module `\kernel0_machine'.
Removed a total of 0 cells.

3.19.3. Executing OPT_RMDFF pass (remove dff with constant values).

3.19.4. Executing OPT_CLEAN pass (remove unused cells and wires).
Finding unused cells or wires in module \kernel0_machine..
Removed 0 unused cells and 30 unused wires.
<suppressed ~1 debug messages>

3.19.5. Finished fast OPT passes.

3.20. Executing MEMORY_MAP pass (converting $mem cells to logic and flip-flops).

3.21. Executing OPT pass (performing simple optimizations).

3.21.1. Executing OPT_EXPR pass (perform const folding).
Optimizing module kernel0_machine.
<suppressed ~2 debug messages>

3.21.2. Executing OPT_MERGE pass (detect identical cells).
Finding identical cells in module `\kernel0_machine'.
Removed a total of 0 cells.

3.21.3. Executing OPT_MUXTREE pass (detect dead branches in mux trees).
Running muxtree optimizer on module \kernel0_machine..
  Creating internal representation of mux trees.
  Evaluating internal representation of mux trees.
  Analyzing evaluation results.
Removed 0 multiplexer ports.
<suppressed ~60 debug messages>

3.21.4. Executing OPT_REDUCE pass (consolidate $*mux and $reduce_* inputs).
  Optimizing cells in module \kernel0_machine.
    Consolidated identical input bits for $pmux cell $techmap\transition.$procmux$2609:
      Old ports: A=\state [21:4], B={ \state [21:8] $techmap\transition.$25\proposed[21:0] [7:4] \state [21:8] $techmap\transition.$26\proposed[21:0] [7:4] }, Y=$techmap\transition.$24\proposed[21:0] [21:4]
      New ports: A=\state [7:4], B={ $techmap\transition.$25\proposed[21:0] [7:4] $techmap\transition.$26\proposed[21:0] [7:4] }, Y=$techmap\transition.$24\proposed[21:0] [7:4]
      New connections: $techmap\transition.$24\proposed[21:0] [21:8] = \state [21:8]
  Optimizing cells in module \kernel0_machine.
    Consolidated identical input bits for $mux cell $techmap\transition.$procmux$2478:
      Old ports: A={ \state [21:1] 1'1 }, B=$techmap\transition.$24\proposed[21:0], Y=$techmap\transition.$23\proposed[21:0]
      New ports: A={ \state [7:1] 1'1 }, B=$techmap\transition.$24\proposed[21:0] [7:0], Y=$techmap\transition.$23\proposed[21:0] [7:0]
      New connections: $techmap\transition.$23\proposed[21:0] [21:8] = \state [21:8]
  Optimizing cells in module \kernel0_machine.
    New ctrl vector for $pmux cell $techmap\transition.$procmux$2510: { $techmap\transition.$procmux$2514_CMP $techmap\transition.$procmux$2513_CMP $techmap\transition.$procmux$2512_CMP }
    New ctrl vector for $pmux cell $techmap\transition.$procmux$780: { $techmap\transition.$procmux$2514_CMP $techmap\transition.$procmux$2513_CMP $techmap\transition.$procmux$2512_CMP $techmap\transition.$procmux$2530_CMP }
  Optimizing cells in module \kernel0_machine.
Performed a total of 4 changes.

3.21.5. Executing OPT_MERGE pass (detect identical cells).
Finding identical cells in module `\kernel0_machine'.
Removed a total of 0 cells.

3.21.6. Executing OPT_RMDFF pass (remove dff with constant values).

3.21.7. Executing OPT_CLEAN pass (remove unused cells and wires).
Finding unused cells or wires in module \kernel0_machine..

3.21.8. Executing OPT_EXPR pass (perform const folding).
Optimizing module kernel0_machine.

3.21.9. Rerunning OPT passes. (Maybe there is more to do..)

3.21.10. Executing OPT_MUXTREE pass (detect dead branches in mux trees).
Running muxtree optimizer on module \kernel0_machine..
  Creating internal representation of mux trees.
  Evaluating internal representation of mux trees.
  Analyzing evaluation results.
Removed 0 multiplexer ports.
<suppressed ~60 debug messages>

3.21.11. Executing OPT_REDUCE pass (consolidate $*mux and $reduce_* inputs).
  Optimizing cells in module \kernel0_machine.
Performed a total of 0 changes.

3.21.12. Executing OPT_MERGE pass (detect identical cells).
Finding identical cells in module `\kernel0_machine'.
Removed a total of 0 cells.

3.21.13. Executing OPT_RMDFF pass (remove dff with constant values).

3.21.14. Executing OPT_CLEAN pass (remove unused cells and wires).
Finding unused cells or wires in module \kernel0_machine..

3.21.15. Executing OPT_EXPR pass (perform const folding).
Optimizing module kernel0_machine.

3.21.16. Finished OPT passes. (There is nothing left to do.)

3.22. Executing TECHMAP pass (map to technology primitives).

3.22.1. Executing Verilog-2005 frontend: <techmap.v>
Parsing Verilog input from `<techmap.v>' to AST representation.
Generating RTLIL representation for module `\_90_simplemap_bool_ops'.
Generating RTLIL representation for module `\_90_simplemap_reduce_ops'.
Generating RTLIL representation for module `\_90_simplemap_logic_ops'.
Generating RTLIL representation for module `\_90_simplemap_compare_ops'.
Generating RTLIL representation for module `\_90_simplemap_various'.
Generating RTLIL representation for module `\_90_simplemap_registers'.
Generating RTLIL representation for module `\_90_shift_ops_shr_shl_sshl_sshr'.
Generating RTLIL representation for module `\_90_shift_shiftx'.
Generating RTLIL representation for module `\_90_fa'.
Generating RTLIL representation for module `\_90_lcu'.
Generating RTLIL representation for module `\_90_alu'.
Generating RTLIL representation for module `\_90_macc'.
Generating RTLIL representation for module `\_90_alumacc'.
Generating RTLIL representation for module `\$__div_mod_u'.
Generating RTLIL representation for module `\$__div_mod'.
Generating RTLIL representation for module `\_90_div'.
Generating RTLIL representation for module `\_90_mod'.
Generating RTLIL representation for module `\_90_pow'.
Generating RTLIL representation for module `\_90_pmux'.
Generating RTLIL representation for module `\_90_lut'.
Successfully finished Verilog frontend.

3.22.2. Continuing TECHMAP pass.
Using extmapper simplemap for cells of type $mux.
Using extmapper simplemap for cells of type $logic_and.
Using extmapper simplemap for cells of type $dff.
Using template $paramod\_90_alu\A_SIGNED=0\B_SIGNED=0\A_WIDTH=1\B_WIDTH=2\Y_WIDTH=3 for cells of type $alu.
Using extmapper maccmap for cells of type $macc.
  add 2'11 * \proposal [8:7] (2x2 bits, unsigned)
  add 5'01000 (5 bits, unsigned)
Using extmapper simplemap for cells of type $and.
Using extmapper simplemap for cells of type $not.
Using extmapper simplemap for cells of type $or.
Using extmapper simplemap for cells of type $reduce_and.
Using template $paramod\_90_alu\A_SIGNED=0\B_SIGNED=0\A_WIDTH=2\B_WIDTH=2\Y_WIDTH=2 for cells of type $alu.
Using template $paramod\_90_alu\A_SIGNED=0\B_SIGNED=0\A_WIDTH=2\B_WIDTH=3\Y_WIDTH=4 for cells of type $alu.
  add \proposal [6:4] * 2'11 (3x2 bits, unsigned)
Using template $paramod\_90_alu\A_SIGNED=0\B_SIGNED=0\A_WIDTH=2\B_WIDTH=3\Y_WIDTH=3 for cells of type $alu.
Using template $paramod\_90_alu\A_SIGNED=0\B_SIGNED=0\A_WIDTH=3\B_WIDTH=3\Y_WIDTH=3 for cells of type $alu.
Using template $paramod\_90_alu\A_SIGNED=0\B_SIGNED=0\A_WIDTH=4\B_WIDTH=32\Y_WIDTH=32 for cells of type $alu.
Using template $paramod\_90_alu\A_SIGNED=0\B_SIGNED=0\A_WIDTH=1\B_WIDTH=2\Y_WIDTH=2 for cells of type $alu.
Using extmapper simplemap for cells of type $reduce_or.
Using template $paramod\_90_pmux\WIDTH=1\S_WIDTH=10 for cells of type $pmux.
Using extmapper simplemap for cells of type $eq.
Using template $paramod\_90_pmux\WIDTH=3\S_WIDTH=3 for cells of type $pmux.
Using template $paramod\_90_pmux\WIDTH=1\S_WIDTH=5 for cells of type $pmux.
Using template $paramod\_90_pmux\WIDTH=1\S_WIDTH=3 for cells of type $pmux.
Using extmapper simplemap for cells of type $logic_not.
Using template $paramod\_90_pmux\WIDTH=1\S_WIDTH=2 for cells of type $pmux.
Using template $paramod$constmap:fb2caebc0143cfb4f4db72414a3302ed29a432d5$paramod$3ae3550b0b325b30e2c5c19aa7d60179d8989fdc\_90_shift_shiftx for cells of type $shiftx.
Using template $paramod\_90_pmux\WIDTH=4\S_WIDTH=2 for cells of type $pmux.
Using template $paramod\_90_pmux\WIDTH=7\S_WIDTH=4 for cells of type $pmux.
Using template $paramod\_90_pmux\WIDTH=9\S_WIDTH=3 for cells of type $pmux.
  add 2'11 * \proposal [13:12] (2x2 bits, unsigned)
Using template $paramod$constmap:172fcd64e62af134fdfec0561b7a67c814cb35e9$paramod$4d8c31a57f918e2cd1d0bc24d8284efd6d83f4a8\_90_shift_ops_shr_shl_sshl_sshr for cells of type $shl.
Using template $paramod\_90_pmux\WIDTH=3\S_WIDTH=4 for cells of type $pmux.
Using template $paramod\_90_pmux\WIDTH=5\S_WIDTH=4 for cells of type $pmux.
Using extmapper simplemap for cells of type $logic_or.
Using extmapper simplemap for cells of type $reduce_bool.
Using extmapper simplemap for cells of type $ne.
Using template $paramod$constmap:bd86bf61c3a42fabc98a6a22628717fad6e793ad$paramod$800f1cdc7ab6b63b412b9bc97ff1bc92ec1173c9\_90_shift_shiftx for cells of type $shiftx.
Analyzing pattern of constant bits for this cell:
Creating constmapped module `$paramod$constmap:fe48de2c4ae8a3126e5cd9b5f25abc5b66f02632$paramod$3ae3550b0b325b30e2c5c19aa7d60179d8989fdc\_90_shift_shiftx'.

3.22.52. Executing OPT_MUXTREE pass (detect dead branches in mux trees).
Running muxtree optimizer on module $paramod$constmap:fe48de2c4ae8a3126e5cd9b5f25abc5b66f02632$paramod$3ae3550b0b325b30e2c5c19aa7d60179d8989fdc\_90_shift_shiftx..
  Creating internal representation of mux trees.
  Evaluating internal representation of mux trees.
  Analyzing evaluation results.
    dead port 2/2 on $mux $procmux$8766.
    dead port 2/2 on $mux $procmux$8760.
    dead port 2/2 on $mux $procmux$8757.
    dead port 2/2 on $mux $procmux$8751.
    dead port 2/2 on $mux $procmux$8748.
    dead port 2/2 on $mux $procmux$8742.
    dead port 2/2 on $mux $procmux$8739.
    dead port 2/2 on $mux $procmux$8733.
    dead port 2/2 on $mux $procmux$8730.
    dead port 2/2 on $mux $procmux$8724.
    dead port 2/2 on $mux $procmux$8721.
    dead port 2/2 on $mux $procmux$8715.
    dead port 2/2 on $mux $procmux$8712.
Removed 13 multiplexer ports.
<suppressed ~1220 debug messages>

3.22.53. Executing OPT_EXPR pass (perform const folding).
Optimizing module $paramod$constmap:fe48de2c4ae8a3126e5cd9b5f25abc5b66f02632$paramod$3ae3550b0b325b30e2c5c19aa7d60179d8989fdc\_90_shift_shiftx.
<suppressed ~26 debug messages>
Removed 49 unused cells and 65 unused wires.
Using template $paramod$constmap:fe48de2c4ae8a3126e5cd9b5f25abc5b66f02632$paramod$3ae3550b0b325b30e2c5c19aa7d60179d8989fdc\_90_shift_shiftx for cells of type $shiftx.
Analyzing pattern of constant bits for this cell:
  Constant input on bit 4 of port B: 1'0
  Constant input on bit 5 of port B: 1'0
  Constant input on bit 6 of port B: 1'0
  Constant input on bit 7 of port B: 1'0
  Constant input on bit 8 of port B: 1'0
  Constant input on bit 9 of port B: 1'0
  Constant input on bit 10 of port B: 1'0
  Constant input on bit 11 of port B: 1'0
  Constant input on bit 12 of port B: 1'0
  Constant input on bit 13 of port B: 1'0
  Constant input on bit 14 of port B: 1'0
  Constant input on bit 15 of port B: 1'0
  Constant input on bit 16 of port B: 1'0
  Constant input on bit 17 of port B: 1'0
  Constant input on bit 18 of port B: 1'0
  Constant input on bit 19 of port B: 1'0
  Constant input on bit 20 of port B: 1'0
  Constant input on bit 21 of port B: 1'0
  Constant input on bit 22 of port B: 1'0
  Constant input on bit 23 of port B: 1'0
  Constant input on bit 24 of port B: 1'0
  Constant input on bit 25 of port B: 1'0
  Constant input on bit 26 of port B: 1'0
  Constant input on bit 27 of port B: 1'0
  Constant input on bit 28 of port B: 1'0
  Constant input on bit 29 of port B: 1'0
  Constant input on bit 30 of port B: 1'0
  Constant input on bit 31 of port B: 1'0
Creating constmapped module `$paramod$constmap:631af0a70fd657aa05b99bbe94c3907861d808a0$paramod$800f1cdc7ab6b63b412b9bc97ff1bc92ec1173c9\_90_shift_shiftx'.

3.22.54. Executing OPT_MUXTREE pass (detect dead branches in mux trees).
Running muxtree optimizer on module $paramod$constmap:631af0a70fd657aa05b99bbe94c3907861d808a0$paramod$800f1cdc7ab6b63b412b9bc97ff1bc92ec1173c9\_90_shift_shiftx..
  Creating internal representation of mux trees.
  Evaluating internal representation of mux trees.
  Analyzing evaluation results.
    dead port 1/2 on $mux $procmux$11263.
    dead port 1/2 on $mux $procmux$11260.
    dead port 2/2 on $mux $procmux$11260.
    dead port 1/2 on $mux $procmux$11257.
    dead port 1/2 on $mux $procmux$11254.
    dead port 2/2 on $mux $procmux$11254.
    dead port 1/2 on $mux $procmux$11251.
    dead port 2/2 on $mux $procmux$11251.
    dead port 1/2 on $mux $procmux$11248.
    dead port 1/2 on $mux $procmux$11245.
    dead port 2/2 on $mux $procmux$11245.
    dead port 1/2 on $mux $procmux$11242.
    dead port 2/2 on $mux $procmux$11242.
    dead port 2/2 on $mux $procmux$11236.
    dead port 2/2 on $mux $procmux$11233.
    dead port 2/2 on $mux $procmux$11227.
    dead port 2/2 on $mux $procmux$11224.
    dead port 2/2 on $mux $procmux$11218.
    dead port 2/2 on $mux $procmux$11215.
    dead port 2/2 on $mux $procmux$11209.
    dead port 2/2 on $mux $procmux$11206.
Removed 21 multiplexer ports.
<suppressed ~19 debug messages>

3.22.55. Executing OPT_EXPR pass (perform const folding).
Optimizing module $paramod$constmap:631af0a70fd657aa05b99bbe94c3907861d808a0$paramod$800f1cdc7ab6b63b412b9bc97ff1bc92ec1173c9\_90_shift_shiftx.
<suppressed ~51 debug messages>
Removed 0 unused cells and 70 unused wires.
Using template $paramod$constmap:631af0a70fd657aa05b99bbe94c3907861d808a0$paramod$800f1cdc7ab6b63b412b9bc97ff1bc92ec1173c9\_90_shift_shiftx for cells of type $shiftx.
Using extmapper simplemap for cells of type $pos.
Using extmapper simplemap for cells of type $xor.
Using template $paramod\_90_lcu\WIDTH=32 for cells of type $lcu.
Using template $paramod\_90_lcu\WIDTH=2 for cells of type $lcu.
Using template $paramod\_90_lcu\WIDTH=4 for cells of type $lcu.
Using template $paramod\_90_lcu\WIDTH=3 for cells of type $lcu.
Using template $paramod\_90_alu\A_SIGNED=0\B_SIGNED=0\A_WIDTH=5\B_WIDTH=5\Y_WIDTH=5 for cells of type $alu.
Using template $paramod\_90_fa\WIDTH=5 for cells of type $fa.
Using template $paramod\_90_alu\A_SIGNED=0\B_SIGNED=0\A_WIDTH=4\B_WIDTH=4\Y_WIDTH=4 for cells of type $alu.
Using template $paramod\_90_lcu\WIDTH=5 for cells of type $lcu.
No more expansions possible.
<suppressed ~1599 debug messages>

3.23. Executing OPT pass (performing simple optimizations).

3.23.1. Executing OPT_EXPR pass (perform const folding).
Optimizing module kernel0_machine.
<suppressed ~4450 debug messages>

3.23.2. Executing OPT_MERGE pass (detect identical cells).
Finding identical cells in module `\kernel0_machine'.
<suppressed ~1011 debug messages>
Removed a total of 337 cells.

3.23.3. Executing OPT_RMDFF pass (remove dff with constant values).

3.23.4. Executing OPT_CLEAN pass (remove unused cells and wires).
Finding unused cells or wires in module \kernel0_machine..
Removed 368 unused cells and 1748 unused wires.
<suppressed ~369 debug messages>

3.23.5. Finished fast OPT passes.

3.24. Executing HIERARCHY pass (managing design hierarchy).

3.24.1. Analyzing design hierarchy..
Top module:  \kernel0_machine

3.24.2. Analyzing design hierarchy..
Top module:  \kernel0_machine
Removed 0 unused modules.

3.25. Printing statistics.

=== kernel0_machine ===

   Number of wires:               1011
   Number of wire bits:           4614
   Number of public wires:          24
   Number of public wire bits:     170
   Number of memories:               0
   Number of memory bits:            0
   Number of processes:              0
   Number of cells:               1617
     $_AND_                        359
     $_DFF_P_                       24
     $_MUX_                        530
     $_NOT_                        125
     $_OR_                         531
     $_XOR_                         48

3.26. Executing CHECK pass (checking for obvious problems).
checking module kernel0_machine..
found and reported 0 problems.

4. Executing ABC pass (technology mapping using ABC).

4.1. Extracting gate netlist of module `\kernel0_machine' to `<abc-temp-dir>/input.blif'..
Extracted 1593 gates and 1635 wires to a netlist network with 39 inputs and 24 outputs.

4.1.1. Executing ABC.
Running ABC command: <yosys-exe-dir>/berkeley-abc -s -f <abc-temp-dir>/abc.script 2>&1
ABC: ABC command line: "source <abc-temp-dir>/abc.script".
ABC: 
ABC: + read_blif <abc-temp-dir>/input.blif 
ABC: + read_library <abc-temp-dir>/stdcells.genlib 
ABC: Entered genlib library with 8 gates from file "<abc-temp-dir>/stdcells.genlib".
ABC: + strash 
ABC: + ifraig 
ABC: + scorr 
ABC: Warning: The network is combinational (run "fraig" or "fraig_sweep").
ABC: + dc2 
ABC: + dretime 
ABC: + retime 
ABC: + strash 
ABC: + &get -n 
ABC: + &dch -f 
ABC: + &nf 
ABC: + &put 
ABC: + write_blif <abc-temp-dir>/output.blif 

4.1.2. Re-integrating ABC results.
ABC RESULTS:               AND cells:      346
ABC RESULTS:               MUX cells:       49
ABC RESULTS:               NOT cells:       79
ABC RESULTS:                OR cells:      319
ABC RESULTS:               XOR cells:        6
ABC RESULTS:        internal signals:     1572
ABC RESULTS:           input signals:       39
ABC RESULTS:          output signals:       24
Removing temp directory.
Removed 0 unused cells and 1056 unused wires.

5. Executing CHECK pass (checking for obvious problems).
checking module kernel0_machine..
found and reported 0 problems.

6. Printing statistics.

=== kernel0_machine ===

   Number of wires:                793
   Number of wire bits:            893
   Number of public wires:          15
   Number of public wire bits:      94
   Number of memories:               0
   Number of memory bits:            0
   Number of processes:              0
   Number of cells:                823
     $_AND_                        346
     $_DFF_P_                       24
     $_MUX_                         49
     $_NOT_                         79
     $_OR_                         319
     $_XOR_                          6

7. Executing LTP pass (find longest path).

Longest topological path in kernel0_machine (length=29):
    0: \state [21]
    1: $abc$16284$new_n217_ (via $abc$16284$auto$blifparse.cc:371:parse_blif$16438)
    2: $abc$16284$new_n248_ (via $abc$16284$auto$blifparse.cc:371:parse_blif$16469)
    3: $abc$16284$new_n249_ (via $abc$16284$auto$blifparse.cc:371:parse_blif$16470)
    4: $abc$16284$new_n252_ (via $abc$16284$auto$blifparse.cc:371:parse_blif$16473)
    5: $abc$16284$new_n256_ (via $abc$16284$auto$blifparse.cc:371:parse_blif$16477)
    6: $abc$16284$new_n259_ (via $abc$16284$auto$blifparse.cc:371:parse_blif$16480)
    7: $abc$16284$new_n260_ (via $abc$16284$auto$blifparse.cc:371:parse_blif$16481)
    8: $abc$16284$new_n262_ (via $abc$16284$auto$blifparse.cc:371:parse_blif$16483)
    9: $abc$16284$new_n263_ (via $abc$16284$auto$blifparse.cc:371:parse_blif$16484)
   10: $abc$16284$new_n283_ (via $abc$16284$auto$blifparse.cc:371:parse_blif$16504)
   11: $abc$16284$new_n295_ (via $abc$16284$auto$blifparse.cc:371:parse_blif$16516)
   12: $abc$16284$new_n307_ (via $abc$16284$auto$blifparse.cc:371:parse_blif$16528)
   13: $abc$16284$new_n310_ (via $abc$16284$auto$blifparse.cc:371:parse_blif$16531)
   14: $abc$16284$new_n312_ (via $abc$16284$auto$blifparse.cc:371:parse_blif$16533)
   15: $abc$16284$new_n323_ (via $abc$16284$auto$blifparse.cc:371:parse_blif$16544)
   16: $abc$16284$new_n727_ (via $abc$16284$auto$blifparse.cc:371:parse_blif$16948)
   17: $abc$16284$new_n774_ (via $abc$16284$auto$blifparse.cc:371:parse_blif$16995)
   18: $abc$16284$new_n775_ (via $abc$16284$auto$blifparse.cc:371:parse_blif$16996)
   19: $abc$16284$new_n784_ (via $abc$16284$auto$blifparse.cc:371:parse_blif$17005)
   20: $abc$16284$new_n785_ (via $abc$16284$auto$blifparse.cc:371:parse_blif$17006)
   21: $abc$16284$new_n786_ (via $abc$16284$auto$blifparse.cc:371:parse_blif$17007)
   22: $abc$16284$new_n787_ (via $abc$16284$auto$blifparse.cc:371:parse_blif$17008)
   23: $abc$16284$new_n788_ (via $abc$16284$auto$blifparse.cc:371:parse_blif$17009)
   24: $abc$16284$new_n789_ (via $abc$16284$auto$blifparse.cc:371:parse_blif$17010)
   25: $abc$16284$new_n790_ (via $abc$16284$auto$blifparse.cc:371:parse_blif$17011)
   26: $abc$16284$new_n801_ (via $abc$16284$auto$blifparse.cc:371:parse_blif$17022)
   27: $abc$16284$new_n815_ (via $abc$16284$auto$blifparse.cc:371:parse_blif$17036)
   28: $abc$16284$new_n861_ (via $abc$16284$auto$blifparse.cc:371:parse_blif$17082)
   29: $0\committed[0:0] (via $abc$16284$auto$blifparse.cc:371:parse_blif$17083)
   ff: \committed (via $auto$simplemap.cc:420:simplemap_dff$7536)

8. Executing JSON backend.
