
-- Executing script file `/tmp/kernel0-ingress-baseline-build/independent-synthesis-equivalence.ys' --

1. Executing Verilog-2005 frontend: /tmp/ases-kernel0-ingress-reduction/docs/research/kernel-0/direct-rtl/kernel0.v
Parsing Verilog input from `/tmp/ases-kernel0-ingress-reduction/docs/research/kernel-0/direct-rtl/kernel0.v' to AST representation.
Generating RTLIL representation for module `\kernel0_step'.
Generating RTLIL representation for module `\kernel0_machine'.
Successfully finished Verilog frontend.

2. Executing AST frontend in derive mode using pre-parsed AST for module `\kernel0_step'.
Parameter \COUPLED = 0
Parameter \EXCLUSIVE = 0
Generating RTLIL representation for module `$paramod\kernel0_step\COUPLED=0\EXCLUSIVE=0'.

3. Executing HIERARCHY pass (managing design hierarchy).

3.1. Analyzing design hierarchy..
Top module:  \kernel0_step

3.2. Analyzing design hierarchy..
Top module:  \kernel0_step
Removing unused module `\kernel0_machine'.
Removed 1 unused modules.

4. Executing PROC pass (convert processes to netlists).

4.1. Executing PROC_CLEAN pass (remove empty switches from decision trees).
Cleaned up 0 empty switches.

4.2. Executing PROC_RMDEAD pass (remove dead branches from decision trees).
Marked 48 switch rules as full_case in process $proc$/tmp/ases-kernel0-ingress-reduction/docs/research/kernel-0/direct-rtl/kernel0.v:53$364 in module kernel0_step.
Removed a total of 0 dead cases.

4.3. Executing PROC_INIT pass (extract init attributes).

4.4. Executing PROC_ARST pass (detect async resets in processes).

4.5. Executing PROC_MUX pass (convert decision trees to multiplexers).
Creating decoders for process `\kernel0_step.$proc$/tmp/ases-kernel0-ingress-reduction/docs/research/kernel-0/direct-rtl/kernel0.v:53$364'.
     1/276: $9$func$\valid_state$/tmp/ases-kernel0-ingress-reduction/docs/research/kernel-0/direct-rtl/kernel0.v:143$359$\valid_state[0:0]$702
     2/276: $8$func$\valid_state$/tmp/ases-kernel0-ingress-reduction/docs/research/kernel-0/direct-rtl/kernel0.v:143$359$\valid_state[0:0]$693
     3/276: $7$func$\valid_state$/tmp/ases-kernel0-ingress-reduction/docs/research/kernel-0/direct-rtl/kernel0.v:143$359$\valid_state[0:0]$689
     4/276: $6$func$\valid_state$/tmp/ases-kernel0-ingress-reduction/docs/research/kernel-0/direct-rtl/kernel0.v:143$359$\valid_state[0:0]$685
     5/276: $5$func$\valid_state$/tmp/ases-kernel0-ingress-reduction/docs/research/kernel-0/direct-rtl/kernel0.v:143$359$\valid_state[0:0]$681
     6/276: $4$func$\valid_state$/tmp/ases-kernel0-ingress-reduction/docs/research/kernel-0/direct-rtl/kernel0.v:143$359$\valid_state[0:0]$677
     7/276: $3$func$\valid_state$/tmp/ases-kernel0-ingress-reduction/docs/research/kernel-0/direct-rtl/kernel0.v:143$359$\valid_state[0:0]$668
     8/276: $2$func$\valid_state$/tmp/ases-kernel0-ingress-reduction/docs/research/kernel-0/direct-rtl/kernel0.v:143$359$\valid_state[0:0]$656
     9/276: $1$func$\valid_state$/tmp/ases-kernel0-ingress-reduction/docs/research/kernel-0/direct-rtl/kernel0.v:143$359$\valid_state[0:0]$651
    10/276: $1$func$\valid_state$/tmp/ases-kernel0-ingress-reduction/docs/research/kernel-0/direct-rtl/kernel0.v:143$359$\i[31:0]$652
    11/276: $1$func$\valid_state$/tmp/ases-kernel0-ingress-reduction/docs/research/kernel-0/direct-rtl/kernel0.v:143$359$\parent_rights[2:0]$649
    12/276: $6\proposed[21:0] [21:17]
    13/276: $24\proposed[21:0] [2]
    14/276: $24\proposed[21:0] [3]
    15/276: $12\admitted[0:0]
    16/276: $24\proposed[21:0] [0]
    17/276: $24\proposed[21:0] [1]
    18/276: $26\proposed[21:0] [18]
    19/276: $26\proposed[21:0] [16]
    20/276: $26\proposed[21:0] [14]
    21/276: $26\proposed[21:0] [12]
    22/276: $26\proposed[21:0] [10]
    23/276: $26\proposed[21:0] [8]
    24/276: $26\proposed[21:0] [6]
    25/276: $26\proposed[21:0] [4]
    26/276: $26\proposed[21:0] [2]
    27/276: $26\proposed[21:0] [0]
    28/276: $26\proposed[21:0] [20]
    29/276: $26\proposed[21:0] [15]
    30/276: $26\proposed[21:0] [11]
    31/276: $26\proposed[21:0] [7]
    32/276: $26\proposed[21:0] [3]
    33/276: $26\proposed[21:0] [19]
    34/276: $26\proposed[21:0] [13]
    35/276: $26\proposed[21:0] [5]
    36/276: $26\proposed[21:0] [17]
    37/276: $26\proposed[21:0] [1]
    38/276: $26\proposed[21:0] [9]
    39/276: $25\proposed[21:0] [21]
    40/276: $25\proposed[21:0] [18]
    41/276: $25\proposed[21:0] [16]
    42/276: $25\proposed[21:0] [14]
    43/276: $25\proposed[21:0] [12]
    44/276: $25\proposed[21:0] [10]
    45/276: $25\proposed[21:0] [8]
    46/276: $25\proposed[21:0] [6]
    47/276: $25\proposed[21:0] [4]
    48/276: $25\proposed[21:0] [2]
    49/276: $25\proposed[21:0] [0]
    50/276: $25\proposed[21:0] [20]
    51/276: $25\proposed[21:0] [15]
    52/276: $25\proposed[21:0] [11]
    53/276: $25\proposed[21:0] [7]
    54/276: $25\proposed[21:0] [3]
    55/276: $25\proposed[21:0] [19]
    56/276: $25\proposed[21:0] [13]
    57/276: $25\proposed[21:0] [5]
    58/276: $25\proposed[21:0] [17]
    59/276: $25\proposed[21:0] [1]
    60/276: $25\proposed[21:0] [9]
    61/276: $26\proposed[21:0] [21]
    62/276: $11\admitted[0:0]
    63/276: $10\admitted[0:0]
    64/276: $23\proposed[21:0]
    65/276: $5\needed[2:0]
    66/276: $6\proposed[21:0] [16:8]
    67/276: $21\proposed[7:7]
    68/276: $22\proposed[21:17] [2:0]
    69/276: $9\admitted[0:0]
    70/276: $6\proposed[21:0] [7]
    71/276: $6\proposed[21:0] [6:0]
    72/276: $24\proposed[21:0] [21:4]
    73/276: $22\proposed[21:17] [4:3]
    74/276: $20\proposed[21:0] [18]
    75/276: $20\proposed[21:0] [16]
    76/276: $20\proposed[21:0] [14]
    77/276: $20\proposed[21:0] [12]
    78/276: $20\proposed[21:0] [10]
    79/276: $20\proposed[21:0] [8]
    80/276: $20\proposed[21:0] [6]
    81/276: $20\proposed[21:0] [4]
    82/276: $20\proposed[21:0] [2]
    83/276: $20\proposed[21:0] [0]
    84/276: $20\proposed[21:0] [20]
    85/276: $20\proposed[21:0] [15]
    86/276: $20\proposed[21:0] [11]
    87/276: $20\proposed[21:0] [7]
    88/276: $20\proposed[21:0] [3]
    89/276: $20\proposed[21:0] [19]
    90/276: $20\proposed[21:0] [13]
    91/276: $20\proposed[21:0] [5]
    92/276: $20\proposed[21:0] [17]
    93/276: $20\proposed[21:0] [1]
    94/276: $20\proposed[21:0] [9]
    95/276: $19\proposed[21:0] [21]
    96/276: $19\proposed[21:0] [17]
    97/276: $19\proposed[21:0] [19]
    98/276: $19\proposed[21:0] [15]
    99/276: $19\proposed[21:0] [13]
   100/276: $19\proposed[21:0] [11]
   101/276: $19\proposed[21:0] [9]
   102/276: $19\proposed[21:0] [7]
   103/276: $19\proposed[21:0] [5]
   104/276: $19\proposed[21:0] [3]
   105/276: $19\proposed[21:0] [1]
   106/276: $19\proposed[21:0] [20]
   107/276: $19\proposed[21:0] [16]
   108/276: $19\proposed[21:0] [12]
   109/276: $19\proposed[21:0] [8]
   110/276: $19\proposed[21:0] [4]
   111/276: $19\proposed[21:0] [0]
   112/276: $19\proposed[21:0] [14]
   113/276: $19\proposed[21:0] [18]
   114/276: $19\proposed[21:0] [10]
   115/276: $19\proposed[21:0] [2]
   116/276: $19\proposed[21:0] [6]
   117/276: $18\proposed[21:17] [4:3]
   118/276: $18\proposed[21:17] [2:0]
   119/276: $17\proposed[21:0] [21]
   120/276: $17\proposed[21:0] [17]
   121/276: $17\proposed[21:0] [19]
   122/276: $17\proposed[21:0] [15]
   123/276: $17\proposed[21:0] [13]
   124/276: $17\proposed[21:0] [11]
   125/276: $17\proposed[21:0] [9]
   126/276: $17\proposed[21:0] [7]
   127/276: $17\proposed[21:0] [5]
   128/276: $17\proposed[21:0] [3]
   129/276: $17\proposed[21:0] [1]
   130/276: $17\proposed[21:0] [20]
   131/276: $17\proposed[21:0] [16]
   132/276: $17\proposed[21:0] [12]
   133/276: $17\proposed[21:0] [8]
   134/276: $17\proposed[21:0] [4]
   135/276: $17\proposed[21:0] [0]
   136/276: $17\proposed[21:0] [14]
   137/276: $17\proposed[21:0] [18]
   138/276: $17\proposed[21:0] [10]
   139/276: $17\proposed[21:0] [2]
   140/276: $17\proposed[21:0] [6]
   141/276: $8\admitted[0:0]
   142/276: $16\proposed[21:0]
   143/276: $11\proposed[21:0] [21:17]
   144/276: $14\proposed[21:17] [2:0]
   145/276: $15\proposed[21:20]
   146/276: $13\proposed[21:20]
   147/276: $12\proposed[21:0] [21]
   148/276: $12\proposed[21:0] [17]
   149/276: $12\proposed[21:0] [19]
   150/276: $12\proposed[21:0] [15]
   151/276: $12\proposed[21:0] [13]
   152/276: $12\proposed[21:0] [11]
   153/276: $12\proposed[21:0] [9]
   154/276: $12\proposed[21:0] [7]
   155/276: $12\proposed[21:0] [5]
   156/276: $12\proposed[21:0] [3]
   157/276: $12\proposed[21:0] [1]
   158/276: $12\proposed[21:0] [20]
   159/276: $12\proposed[21:0] [16]
   160/276: $12\proposed[21:0] [12]
   161/276: $12\proposed[21:0] [8]
   162/276: $12\proposed[21:0] [4]
   163/276: $12\proposed[21:0] [0]
   164/276: $12\proposed[21:0] [14]
   165/276: $12\proposed[21:0] [18]
   166/276: $12\proposed[21:0] [10]
   167/276: $12\proposed[21:0] [2]
   168/276: $12\proposed[21:0] [6]
   169/276: $7\admitted[0:0]
   170/276: $11\proposed[21:0] [16:0]
   171/276: $14\proposed[21:17] [4:3]
   172/276: $7\proposed[21:0] [21:20]
   173/276: $9\proposed[21:0] [21]
   174/276: $9\proposed[21:0] [18]
   175/276: $9\proposed[21:0] [16]
   176/276: $9\proposed[21:0] [14]
   177/276: $9\proposed[21:0] [12]
   178/276: $9\proposed[21:0] [10]
   179/276: $9\proposed[21:0] [8]
   180/276: $9\proposed[21:0] [6]
   181/276: $9\proposed[21:0] [4]
   182/276: $9\proposed[21:0] [2]
   183/276: $9\proposed[21:0] [0]
   184/276: $9\proposed[21:0] [20]
   185/276: $9\proposed[21:0] [15]
   186/276: $9\proposed[21:0] [11]
   187/276: $9\proposed[21:0] [7]
   188/276: $9\proposed[21:0] [3]
   189/276: $9\proposed[21:0] [19]
   190/276: $9\proposed[21:0] [13]
   191/276: $9\proposed[21:0] [5]
   192/276: $9\proposed[21:0] [17]
   193/276: $9\proposed[21:0] [1]
   194/276: $9\proposed[21:0] [9]
   195/276: $8\proposed[21:0] [21]
   196/276: $8\proposed[21:0] [17]
   197/276: $8\proposed[21:0] [19]
   198/276: $8\proposed[21:0] [15]
   199/276: $8\proposed[21:0] [13]
   200/276: $8\proposed[21:0] [11]
   201/276: $8\proposed[21:0] [9]
   202/276: $8\proposed[21:0] [7]
   203/276: $8\proposed[21:0] [5]
   204/276: $8\proposed[21:0] [3]
   205/276: $8\proposed[21:0] [1]
   206/276: $8\proposed[21:0] [20]
   207/276: $8\proposed[21:0] [16]
   208/276: $8\proposed[21:0] [12]
   209/276: $8\proposed[21:0] [8]
   210/276: $8\proposed[21:0] [4]
   211/276: $8\proposed[21:0] [0]
   212/276: $8\proposed[21:0] [14]
   213/276: $8\proposed[21:0] [18]
   214/276: $8\proposed[21:0] [10]
   215/276: $8\proposed[21:0] [2]
   216/276: $8\proposed[21:0] [6]
   217/276: $6\admitted[0:0]
   218/276: $7\proposed[21:0] [19:0]
   219/276: $10\proposed[21:20]
   220/276: $5\admitted[0:0]
   221/276: $20\proposed[21:0] [21]
   222/276: $4\needed[2:0]
   223/276: $3\needed[2:0]
   224/276: $4\admitted[0:0]
   225/276: $5\proposed[21:0]
   226/276: $2\proposed[21:0] [21:4]
   227/276: $2\proposed[21:0] [2:1]
   228/276: $4\proposed[3:3]
   229/276: $3\proposed[0:0]
   230/276: $2\admitted[0:0]
   231/276: $2\proposed[21:0] [3]
   232/276: $3\admitted[0:0]
   233/276: $2\needed[2:0]
   234/276: $2\proposed[21:0] [0]
   235/276: $1\needed[2:0]
   236/276: $1\admitted[0:0]
   237/276: $1\proposed[21:0]
   238/276: $9$func$\valid_state$/tmp/ases-kernel0-ingress-reduction/docs/research/kernel-0/direct-rtl/kernel0.v:76$354$\valid_state[0:0]$511
   239/276: $8$func$\valid_state$/tmp/ases-kernel0-ingress-reduction/docs/research/kernel-0/direct-rtl/kernel0.v:76$354$\valid_state[0:0]$502
   240/276: $7$func$\valid_state$/tmp/ases-kernel0-ingress-reduction/docs/research/kernel-0/direct-rtl/kernel0.v:76$354$\valid_state[0:0]$498
   241/276: $6$func$\valid_state$/tmp/ases-kernel0-ingress-reduction/docs/research/kernel-0/direct-rtl/kernel0.v:76$354$\valid_state[0:0]$494
   242/276: $5$func$\valid_state$/tmp/ases-kernel0-ingress-reduction/docs/research/kernel-0/direct-rtl/kernel0.v:76$354$\valid_state[0:0]$490
   243/276: $4$func$\valid_state$/tmp/ases-kernel0-ingress-reduction/docs/research/kernel-0/direct-rtl/kernel0.v:76$354$\valid_state[0:0]$486
   244/276: $3$func$\valid_state$/tmp/ases-kernel0-ingress-reduction/docs/research/kernel-0/direct-rtl/kernel0.v:76$354$\valid_state[0:0]$477
   245/276: $2$func$\valid_state$/tmp/ases-kernel0-ingress-reduction/docs/research/kernel-0/direct-rtl/kernel0.v:76$354$\valid_state[0:0]$465
   246/276: $1$func$\valid_state$/tmp/ases-kernel0-ingress-reduction/docs/research/kernel-0/direct-rtl/kernel0.v:76$354$\valid_state[0:0]$460
   247/276: $1$func$\valid_state$/tmp/ases-kernel0-ingress-reduction/docs/research/kernel-0/direct-rtl/kernel0.v:76$354$\i[31:0]$461
   248/276: $1$func$\valid_state$/tmp/ases-kernel0-ingress-reduction/docs/research/kernel-0/direct-rtl/kernel0.v:76$354$\parent_rights[2:0]$458
   249/276: $1\wellformed[0:0]
   250/276: $1\actor_rights[2:0]
   251/276: $0\state_out[21:0]
   252/276: $0\commit[0:0]
   253/276: $0$func$\valid_state$/tmp/ases-kernel0-ingress-reduction/docs/research/kernel-0/direct-rtl/kernel0.v:143$359$\i[31:0]$382
   254/276: $0$func$\valid_state$/tmp/ases-kernel0-ingress-reduction/docs/research/kernel-0/direct-rtl/kernel0.v:143$359$\valid_state[0:0]$374
   255/276: $0$func$\valid_state$/tmp/ases-kernel0-ingress-reduction/docs/research/kernel-0/direct-rtl/kernel0.v:143$359$\parent_rights[2:0]$380
   256/276: $0$func$\valid_state$/tmp/ases-kernel0-ingress-reduction/docs/research/kernel-0/direct-rtl/kernel0.v:143$359$\parent[1:0]$381
   257/276: $0$func$\valid_state$/tmp/ases-kernel0-ingress-reduction/docs/research/kernel-0/direct-rtl/kernel0.v:143$359$\r3[2:0]$379
   258/276: $0$func$\valid_state$/tmp/ases-kernel0-ingress-reduction/docs/research/kernel-0/direct-rtl/kernel0.v:143$359$\r2[2:0]$378
   259/276: $0$func$\valid_state$/tmp/ases-kernel0-ingress-reduction/docs/research/kernel-0/direct-rtl/kernel0.v:143$359$\r1[2:0]$377
   260/276: $0$func$\valid_state$/tmp/ases-kernel0-ingress-reduction/docs/research/kernel-0/direct-rtl/kernel0.v:143$359$\r0[2:0]$376
   261/276: $0$func$\valid_state$/tmp/ases-kernel0-ingress-reduction/docs/research/kernel-0/direct-rtl/kernel0.v:143$359$\s[21:0]$375
   262/276: $0\needed[2:0]
   263/276: $0\admitted[0:0]
   264/276: $0\proposed[21:0]
   265/276: $0$func$\valid_state$/tmp/ases-kernel0-ingress-reduction/docs/research/kernel-0/direct-rtl/kernel0.v:76$354$\i[31:0]$372
   266/276: $0$func$\valid_state$/tmp/ases-kernel0-ingress-reduction/docs/research/kernel-0/direct-rtl/kernel0.v:76$354$\valid_state[0:0]$367
   267/276: $0$func$\valid_state$/tmp/ases-kernel0-ingress-reduction/docs/research/kernel-0/direct-rtl/kernel0.v:76$354$\parent_rights[2:0]$370
   268/276: $0$func$\valid_state$/tmp/ases-kernel0-ingress-reduction/docs/research/kernel-0/direct-rtl/kernel0.v:76$354$\parent[1:0]$371
   269/276: $0$func$\valid_state$/tmp/ases-kernel0-ingress-reduction/docs/research/kernel-0/direct-rtl/kernel0.v:76$354$\r3[2:0]$369
   270/276: $0$func$\valid_state$/tmp/ases-kernel0-ingress-reduction/docs/research/kernel-0/direct-rtl/kernel0.v:76$354$\r2[2:0]$368
   271/276: $0$func$\valid_state$/tmp/ases-kernel0-ingress-reduction/docs/research/kernel-0/direct-rtl/kernel0.v:76$354$\r1[2:0]$373
   272/276: $0$func$\valid_state$/tmp/ases-kernel0-ingress-reduction/docs/research/kernel-0/direct-rtl/kernel0.v:76$354$\r0[2:0]$366
   273/276: $0$func$\valid_state$/tmp/ases-kernel0-ingress-reduction/docs/research/kernel-0/direct-rtl/kernel0.v:76$354$\s[21:0]$365
   274/276: $0\wellformed[0:0]
   275/276: $0\actor_rights[2:0]
   276/276: $0\current_rights[2:0]

4.6. Executing PROC_DLATCH pass (convert process syncs to latches).
No latch inferred for signal `\kernel0_step.\state_out' from process `\kernel0_step.$proc$/tmp/ases-kernel0-ingress-reduction/docs/research/kernel-0/direct-rtl/kernel0.v:53$364'.
No latch inferred for signal `\kernel0_step.\commit' from process `\kernel0_step.$proc$/tmp/ases-kernel0-ingress-reduction/docs/research/kernel-0/direct-rtl/kernel0.v:53$364'.
No latch inferred for signal `\kernel0_step.\proposed' from process `\kernel0_step.$proc$/tmp/ases-kernel0-ingress-reduction/docs/research/kernel-0/direct-rtl/kernel0.v:53$364'.
No latch inferred for signal `\kernel0_step.\admitted' from process `\kernel0_step.$proc$/tmp/ases-kernel0-ingress-reduction/docs/research/kernel-0/direct-rtl/kernel0.v:53$364'.
No latch inferred for signal `\kernel0_step.\wellformed' from process `\kernel0_step.$proc$/tmp/ases-kernel0-ingress-reduction/docs/research/kernel-0/direct-rtl/kernel0.v:53$364'.
No latch inferred for signal `\kernel0_step.\current_rights' from process `\kernel0_step.$proc$/tmp/ases-kernel0-ingress-reduction/docs/research/kernel-0/direct-rtl/kernel0.v:53$364'.
No latch inferred for signal `\kernel0_step.\actor_rights' from process `\kernel0_step.$proc$/tmp/ases-kernel0-ingress-reduction/docs/research/kernel-0/direct-rtl/kernel0.v:53$364'.
No latch inferred for signal `\kernel0_step.\needed' from process `\kernel0_step.$proc$/tmp/ases-kernel0-ingress-reduction/docs/research/kernel-0/direct-rtl/kernel0.v:53$364'.
No latch inferred for signal `\kernel0_step.$func$\valid_state$/tmp/ases-kernel0-ingress-reduction/docs/research/kernel-0/direct-rtl/kernel0.v:76$354$\s' from process `\kernel0_step.$proc$/tmp/ases-kernel0-ingress-reduction/docs/research/kernel-0/direct-rtl/kernel0.v:53$364'.
No latch inferred for signal `\kernel0_step.$func$\valid_state$/tmp/ases-kernel0-ingress-reduction/docs/research/kernel-0/direct-rtl/kernel0.v:76$354$\r0' from process `\kernel0_step.$proc$/tmp/ases-kernel0-ingress-reduction/docs/research/kernel-0/direct-rtl/kernel0.v:53$364'.
No latch inferred for signal `\kernel0_step.$func$\valid_state$/tmp/ases-kernel0-ingress-reduction/docs/research/kernel-0/direct-rtl/kernel0.v:76$354$\valid_state' from process `\kernel0_step.$proc$/tmp/ases-kernel0-ingress-reduction/docs/research/kernel-0/direct-rtl/kernel0.v:53$364'.
No latch inferred for signal `\kernel0_step.$func$\valid_state$/tmp/ases-kernel0-ingress-reduction/docs/research/kernel-0/direct-rtl/kernel0.v:76$354$\r2' from process `\kernel0_step.$proc$/tmp/ases-kernel0-ingress-reduction/docs/research/kernel-0/direct-rtl/kernel0.v:53$364'.
No latch inferred for signal `\kernel0_step.$func$\valid_state$/tmp/ases-kernel0-ingress-reduction/docs/research/kernel-0/direct-rtl/kernel0.v:76$354$\r3' from process `\kernel0_step.$proc$/tmp/ases-kernel0-ingress-reduction/docs/research/kernel-0/direct-rtl/kernel0.v:53$364'.
No latch inferred for signal `\kernel0_step.$func$\valid_state$/tmp/ases-kernel0-ingress-reduction/docs/research/kernel-0/direct-rtl/kernel0.v:76$354$\parent_rights' from process `\kernel0_step.$proc$/tmp/ases-kernel0-ingress-reduction/docs/research/kernel-0/direct-rtl/kernel0.v:53$364'.
No latch inferred for signal `\kernel0_step.$func$\valid_state$/tmp/ases-kernel0-ingress-reduction/docs/research/kernel-0/direct-rtl/kernel0.v:76$354$\parent' from process `\kernel0_step.$proc$/tmp/ases-kernel0-ingress-reduction/docs/research/kernel-0/direct-rtl/kernel0.v:53$364'.
No latch inferred for signal `\kernel0_step.$func$\valid_state$/tmp/ases-kernel0-ingress-reduction/docs/research/kernel-0/direct-rtl/kernel0.v:76$354$\i' from process `\kernel0_step.$proc$/tmp/ases-kernel0-ingress-reduction/docs/research/kernel-0/direct-rtl/kernel0.v:53$364'.
No latch inferred for signal `\kernel0_step.$func$\valid_state$/tmp/ases-kernel0-ingress-reduction/docs/research/kernel-0/direct-rtl/kernel0.v:76$354$\r1' from process `\kernel0_step.$proc$/tmp/ases-kernel0-ingress-reduction/docs/research/kernel-0/direct-rtl/kernel0.v:53$364'.
No latch inferred for signal `\kernel0_step.$func$\valid_state$/tmp/ases-kernel0-ingress-reduction/docs/research/kernel-0/direct-rtl/kernel0.v:143$359$\valid_state' from process `\kernel0_step.$proc$/tmp/ases-kernel0-ingress-reduction/docs/research/kernel-0/direct-rtl/kernel0.v:53$364'.
No latch inferred for signal `\kernel0_step.$func$\valid_state$/tmp/ases-kernel0-ingress-reduction/docs/research/kernel-0/direct-rtl/kernel0.v:143$359$\s' from process `\kernel0_step.$proc$/tmp/ases-kernel0-ingress-reduction/docs/research/kernel-0/direct-rtl/kernel0.v:53$364'.
No latch inferred for signal `\kernel0_step.$func$\valid_state$/tmp/ases-kernel0-ingress-reduction/docs/research/kernel-0/direct-rtl/kernel0.v:143$359$\r0' from process `\kernel0_step.$proc$/tmp/ases-kernel0-ingress-reduction/docs/research/kernel-0/direct-rtl/kernel0.v:53$364'.
No latch inferred for signal `\kernel0_step.$func$\valid_state$/tmp/ases-kernel0-ingress-reduction/docs/research/kernel-0/direct-rtl/kernel0.v:143$359$\r1' from process `\kernel0_step.$proc$/tmp/ases-kernel0-ingress-reduction/docs/research/kernel-0/direct-rtl/kernel0.v:53$364'.
No latch inferred for signal `\kernel0_step.$func$\valid_state$/tmp/ases-kernel0-ingress-reduction/docs/research/kernel-0/direct-rtl/kernel0.v:143$359$\r2' from process `\kernel0_step.$proc$/tmp/ases-kernel0-ingress-reduction/docs/research/kernel-0/direct-rtl/kernel0.v:53$364'.
No latch inferred for signal `\kernel0_step.$func$\valid_state$/tmp/ases-kernel0-ingress-reduction/docs/research/kernel-0/direct-rtl/kernel0.v:143$359$\r3' from process `\kernel0_step.$proc$/tmp/ases-kernel0-ingress-reduction/docs/research/kernel-0/direct-rtl/kernel0.v:53$364'.
No latch inferred for signal `\kernel0_step.$func$\valid_state$/tmp/ases-kernel0-ingress-reduction/docs/research/kernel-0/direct-rtl/kernel0.v:143$359$\parent_rights' from process `\kernel0_step.$proc$/tmp/ases-kernel0-ingress-reduction/docs/research/kernel-0/direct-rtl/kernel0.v:53$364'.
No latch inferred for signal `\kernel0_step.$func$\valid_state$/tmp/ases-kernel0-ingress-reduction/docs/research/kernel-0/direct-rtl/kernel0.v:143$359$\parent' from process `\kernel0_step.$proc$/tmp/ases-kernel0-ingress-reduction/docs/research/kernel-0/direct-rtl/kernel0.v:53$364'.
No latch inferred for signal `\kernel0_step.$func$\valid_state$/tmp/ases-kernel0-ingress-reduction/docs/research/kernel-0/direct-rtl/kernel0.v:143$359$\i' from process `\kernel0_step.$proc$/tmp/ases-kernel0-ingress-reduction/docs/research/kernel-0/direct-rtl/kernel0.v:53$364'.

4.7. Executing PROC_DFF pass (convert process syncs to FFs).

4.8. Executing PROC_CLEAN pass (remove empty switches from decision trees).
Found and cleaned up 48 empty switches in `\kernel0_step.$proc$/tmp/ases-kernel0-ingress-reduction/docs/research/kernel-0/direct-rtl/kernel0.v:53$364'.
Removing empty process `kernel0_step.$proc$/tmp/ases-kernel0-ingress-reduction/docs/research/kernel-0/direct-rtl/kernel0.v:53$364'.
Cleaned up 48 empty switches.

5. Executing FLATTEN pass (flatten design).
No more expansions possible.

6. Executing MEMORY pass.

6.1. Executing MEMORY_DFF pass (merging $dff cells to $memrd and $memwr).

6.2. Executing OPT_CLEAN pass (remove unused cells and wires).
Finding unused cells or wires in module \kernel0_step..
Removed 18 unused cells and 1237 unused wires.
<suppressed ~25 debug messages>

6.3. Executing MEMORY_SHARE pass (consolidating $memrd/$memwr cells).

6.4. Executing OPT_CLEAN pass (remove unused cells and wires).
Finding unused cells or wires in module \kernel0_step..

6.5. Executing MEMORY_COLLECT pass (generating $mem cells).

6.6. Executing MEMORY_MAP pass (converting $mem cells to logic and flip-flops).

7. Executing OPT pass (performing simple optimizations).

7.1. Executing OPT_EXPR pass (perform const folding).
Optimizing module kernel0_step.
<suppressed ~112 debug messages>

7.2. Executing OPT_MERGE pass (detect identical cells).
Finding identical cells in module `\kernel0_step'.
<suppressed ~2844 debug messages>
Removed a total of 948 cells.

7.3. Executing OPT_MUXTREE pass (detect dead branches in mux trees).
Running muxtree optimizer on module \kernel0_step..
  Creating internal representation of mux trees.
  Evaluating internal representation of mux trees.
      Replacing known input bits on port A of cell $procmux$4676: \state_in -> { \state_in [21:1] 1'1 }
      Replacing known input bits on port A of cell $procmux$4485: \state_in [0] -> 1'1
      Replacing known input bits on port A of cell $procmux$5486: \state_in [16:0] -> { \state_in [16:1] 1'1 }
      Replacing known input bits on port A of cell $procmux$5288: \state_in [0] -> 1'1
      Replacing known input bits on port A of cell $procmux$6991: \state_in [19:0] -> { \state_in [19:1] 1'1 }
      Replacing known input bits on port A of cell $procmux$6786: \state_in [0] -> 1'1
      Replacing known input bits on port A of cell $procmux$7092: \state_in -> { \state_in [21:1] 1'0 }
      Replacing known input bits on port A of cell $procmux$2576: \state_in [6:0] -> { \state_in [6:1] 1'1 }
      Replacing known input bits on port B of cell $procmux$7123: \state_in [0] -> 1'1
      Replacing known input bits on port A of cell $procmux$2465: \state_in -> { \state_in [21:1] 1'1 }
      Replacing known input bits on port A of cell $procmux$852: \state_in [0] -> 1'1
      Replacing known input bits on port A of cell $procmux$1232: \state_in [0] -> 1'1
      Replacing known input bits on port A of cell $procmux$2002: \state_in [0] -> 1'1
  Analyzing evaluation results.
    dead port 2/2 on $mux $procmux$2550.
    dead port 1/2 on $mux $procmux$2553.
    dead port 2/2 on $mux $procmux$2555.
    dead port 2/2 on $mux $procmux$2357.
    dead port 2/2 on $mux $procmux$1265.
    dead port 1/2 on $mux $procmux$1268.
    dead port 2/2 on $mux $procmux$1270.
    dead port 2/2 on $mux $procmux$1289.
    dead port 2/2 on $mux $procmux$1291.
    dead port 2/2 on $mux $procmux$1293.
    dead port 2/2 on $mux $procmux$2566.
    dead port 1/2 on $mux $procmux$2569.
    dead port 2/2 on $mux $procmux$2571.
    dead port 2/2 on $mux $procmux$1150.
    dead port 2/2 on $mux $procmux$1295.
    dead port 1/2 on $mux $procmux$1298.
    dead port 2/2 on $mux $procmux$2581.
    dead port 1/2 on $mux $procmux$2584.
    dead port 2/2 on $mux $procmux$2586.
    dead port 2/2 on $mux $procmux$1300.
    dead port 2/2 on $mux $procmux$2599.
    dead port 2/2 on $mux $procmux$2601.
    dead port 2/2 on $mux $procmux$1323.
    dead port 2/2 on $mux $procmux$1325.
    dead port 2/2 on $mux $procmux$1327.
    dead port 2/2 on $mux $procmux$2603.
    dead port 1/2 on $mux $procmux$2606.
    dead port 2/2 on $mux $procmux$2608.
    dead port 2/2 on $mux $procmux$2617.
    dead port 2/2 on $mux $procmux$2619.
    dead port 1/2 on $mux $procmux$2622.
    dead port 2/2 on $mux $procmux$2624.
    dead port 2/2 on $mux $procmux$2638.
    dead port 2/2 on $mux $procmux$2640.
    dead port 2/2 on $mux $procmux$2642.
    dead port 1/2 on $mux $procmux$2645.
    dead port 2/2 on $mux $procmux$2647.
    dead port 2/2 on $mux $procmux$2663.
    dead port 2/2 on $mux $procmux$2665.
    dead port 2/2 on $mux $procmux$2667.
    dead port 1/2 on $mux $procmux$2670.
    dead port 2/2 on $mux $procmux$2672.
    dead port 2/2 on $mux $procmux$2690.
    dead port 2/2 on $mux $procmux$2692.
    dead port 2/2 on $mux $procmux$2694.
    dead port 1/2 on $mux $procmux$2697.
    dead port 2/2 on $mux $procmux$2699.
    dead port 2/2 on $mux $procmux$2719.
    dead port 2/2 on $mux $procmux$2721.
    dead port 2/2 on $mux $procmux$2723.
    dead port 1/2 on $mux $procmux$2726.
    dead port 2/2 on $mux $procmux$2728.
    dead port 2/2 on $mux $procmux$2750.
    dead port 2/2 on $mux $procmux$2752.
    dead port 2/2 on $mux $procmux$2754.
    dead port 1/2 on $mux $procmux$2757.
    dead port 2/2 on $mux $procmux$2759.
    dead port 2/2 on $mux $procmux$2783.
    dead port 2/2 on $mux $procmux$2785.
    dead port 2/2 on $mux $procmux$1329.
    dead port 2/2 on $mux $procmux$2787.
    dead port 1/2 on $mux $procmux$2790.
    dead port 2/2 on $mux $procmux$2792.
    dead port 2/2 on $mux $procmux$2818.
    dead port 2/2 on $mux $procmux$2820.
    dead port 1/2 on $mux $procmux$1332.
    dead port 2/2 on $mux $procmux$2822.
    dead port 1/2 on $mux $procmux$2825.
    dead port 2/2 on $mux $procmux$2827.
    dead port 2/2 on $mux $procmux$2855.
    dead port 2/2 on $mux $procmux$2857.
    dead port 2/2 on $mux $procmux$1334.
    dead port 2/2 on $mux $procmux$2859.
    dead port 1/2 on $mux $procmux$2862.
    dead port 2/2 on $mux $procmux$2864.
    dead port 2/2 on $mux $procmux$2894.
    dead port 2/2 on $mux $procmux$2896.
    dead port 2/2 on $mux $procmux$2898.
    dead port 1/2 on $mux $procmux$2901.
    dead port 2/2 on $mux $procmux$2903.
    dead port 2/2 on $mux $procmux$2935.
    dead port 2/2 on $mux $procmux$2937.
    dead port 2/2 on $mux $procmux$2939.
    dead port 1/2 on $mux $procmux$2942.
    dead port 2/2 on $mux $procmux$2944.
    dead port 2/2 on $mux $procmux$2956.
    dead port 2/2 on $mux $procmux$2958.
    dead port 2/2 on $mux $procmux$1361.
    dead port 2/2 on $mux $procmux$2960.
    dead port 1/2 on $mux $procmux$2963.
    dead port 2/2 on $mux $procmux$2965.
    dead port 2/2 on $mux $procmux$2982.
    dead port 2/2 on $mux $procmux$2984.
    dead port 2/2 on $mux $procmux$2986.
    dead port 1/2 on $mux $procmux$2989.
    dead port 2/2 on $mux $procmux$2991.
    dead port 2/2 on $mux $procmux$3012.
    dead port 2/2 on $mux $procmux$3014.
    dead port 2/2 on $mux $procmux$1363.
    dead port 2/2 on $mux $procmux$3016.
    dead port 1/2 on $mux $procmux$3019.
    dead port 2/2 on $mux $procmux$3021.
    dead port 2/2 on $mux $procmux$3046.
    dead port 2/2 on $mux $procmux$3048.
    dead port 2/2 on $mux $procmux$1365.
    dead port 2/2 on $mux $procmux$3050.
    dead port 1/2 on $mux $procmux$3053.
    dead port 2/2 on $mux $procmux$3055.
    dead port 2/2 on $mux $procmux$3084.
    dead port 2/2 on $mux $procmux$3086.
    dead port 2/2 on $mux $procmux$3088.
    dead port 1/2 on $mux $procmux$3091.
    dead port 2/2 on $mux $procmux$3093.
    dead port 2/2 on $mux $procmux$3106.
    dead port 2/2 on $mux $procmux$3108.
    dead port 2/2 on $mux $procmux$3110.
    dead port 1/2 on $mux $procmux$3113.
    dead port 2/2 on $mux $procmux$3115.
    dead port 2/2 on $mux $procmux$3134.
    dead port 2/2 on $mux $procmux$3136.
    dead port 2/2 on $mux $procmux$3138.
    dead port 1/2 on $mux $procmux$3141.
    dead port 2/2 on $mux $procmux$3143.
    dead port 2/2 on $mux $procmux$3170.
    dead port 2/2 on $mux $procmux$3172.
    dead port 2/2 on $mux $procmux$3174.
    dead port 1/2 on $mux $procmux$3177.
    dead port 2/2 on $mux $procmux$3179.
    dead port 2/2 on $mux $procmux$3194.
    dead port 2/2 on $mux $procmux$3196.
    dead port 2/2 on $mux $procmux$3198.
    dead port 1/2 on $mux $procmux$3201.
    dead port 2/2 on $mux $procmux$3203.
    dead port 2/2 on $mux $procmux$3234.
    dead port 2/2 on $mux $procmux$3236.
    dead port 2/2 on $mux $procmux$3238.
    dead port 1/2 on $mux $procmux$3241.
    dead port 2/2 on $mux $procmux$3243.
    dead port 2/2 on $mux $procmux$3266.
    dead port 2/2 on $mux $procmux$3268.
    dead port 2/2 on $mux $procmux$1367.
    dead port 2/2 on $mux $procmux$3270.
    dead port 1/2 on $mux $procmux$3273.
    dead port 2/2 on $mux $procmux$3275.
    dead port 2/2 on $mux $procmux$3286.
    dead port 2/2 on $mux $procmux$3288.
    dead port 1/2 on $mux $procmux$1370.
    dead port 2/2 on $mux $procmux$3290.
    dead port 1/2 on $mux $procmux$3293.
    dead port 2/2 on $mux $procmux$3295.
    dead port 2/2 on $mux $procmux$3310.
    dead port 2/2 on $mux $procmux$3312.
    dead port 2/2 on $mux $procmux$1372.
    dead port 2/2 on $mux $procmux$3314.
    dead port 1/2 on $mux $procmux$3317.
    dead port 2/2 on $mux $procmux$3319.
    dead port 2/2 on $mux $procmux$3332.
    dead port 2/2 on $mux $procmux$3334.
    dead port 2/2 on $mux $procmux$1403.
    dead port 2/2 on $mux $procmux$3336.
    dead port 1/2 on $mux $procmux$3339.
    dead port 2/2 on $mux $procmux$3341.
    dead port 2/2 on $mux $procmux$3358.
    dead port 2/2 on $mux $procmux$3360.
    dead port 2/2 on $mux $procmux$1405.
    dead port 2/2 on $mux $procmux$3362.
    dead port 1/2 on $mux $procmux$3365.
    dead port 2/2 on $mux $procmux$3367.
    dead port 2/2 on $mux $procmux$1407.
    dead port 2/2 on $mux $procmux$3386.
    dead port 2/2 on $mux $procmux$3388.
    dead port 2/2 on $mux $procmux$2359.
    dead port 2/2 on $mux $procmux$3390.
    dead port 1/2 on $mux $procmux$3393.
    dead port 2/2 on $mux $procmux$3395.
    dead port 2/2 on $mux $procmux$3416.
    dead port 2/2 on $mux $procmux$3418.
    dead port 1/2 on $mux $procmux$2362.
    dead port 2/2 on $mux $procmux$3420.
    dead port 1/2 on $mux $procmux$3423.
    dead port 2/2 on $mux $procmux$3425.
    dead port 2/2 on $mux $procmux$3448.
    dead port 2/2 on $mux $procmux$3450.
    dead port 2/2 on $mux $procmux$3452.
    dead port 1/2 on $mux $procmux$3455.
    dead port 2/2 on $mux $procmux$3457.
    dead port 2/2 on $mux $procmux$2364.
    dead port 2/2 on $mux $procmux$3482.
    dead port 2/2 on $mux $procmux$3484.
    dead port 2/2 on $mux $procmux$1409.
    dead port 2/2 on $mux $procmux$3486.
    dead port 1/2 on $mux $procmux$3489.
    dead port 2/2 on $mux $procmux$3491.
    dead port 1/2 on $mux $procmux$1412.
    dead port 2/2 on $mux $procmux$3518.
    dead port 2/2 on $mux $procmux$3520.
    dead port 2/2 on $mux $procmux$1414.
    dead port 2/2 on $mux $procmux$3522.
    dead port 1/2 on $mux $procmux$3525.
    dead port 2/2 on $mux $procmux$3527.
    dead port 2/2 on $mux $procmux$3556.
    dead port 2/2 on $mux $procmux$3558.
    dead port 2/2 on $mux $procmux$3560.
    dead port 1/2 on $mux $procmux$3563.
    dead port 2/2 on $mux $procmux$3565.
    dead port 2/2 on $mux $procmux$1429.
    dead port 2/2 on $mux $procmux$3595.
    dead port 2/2 on $mux $procmux$3597.
    dead port 2/2 on $mux $procmux$3599.
    dead port 1/2 on $mux $procmux$3602.
    dead port 2/2 on $mux $procmux$3604.
    dead port 2/2 on $mux $procmux$1431.
    dead port 2/2 on $mux $procmux$1433.
    dead port 2/2 on $mux $procmux$3616.
    dead port 2/2 on $mux $procmux$3618.
    dead port 2/2 on $mux $procmux$3620.
    dead port 1/2 on $mux $procmux$3623.
    dead port 2/2 on $mux $procmux$3625.
    dead port 2/2 on $mux $procmux$3641.
    dead port 2/2 on $mux $procmux$3643.
    dead port 2/2 on $mux $procmux$3645.
    dead port 1/2 on $mux $procmux$3648.
    dead port 2/2 on $mux $procmux$3650.
    dead port 2/2 on $mux $procmux$1435.
    dead port 1/2 on $mux $procmux$1438.
    dead port 2/2 on $mux $procmux$3670.
    dead port 2/2 on $mux $procmux$3672.
    dead port 2/2 on $mux $procmux$1440.
    dead port 2/2 on $mux $procmux$3674.
    dead port 1/2 on $mux $procmux$3677.
    dead port 2/2 on $mux $procmux$3679.
    dead port 2/2 on $mux $procmux$1461.
    dead port 2/2 on $mux $procmux$3703.
    dead port 2/2 on $mux $procmux$3705.
    dead port 2/2 on $mux $procmux$3707.
    dead port 1/2 on $mux $procmux$3710.
    dead port 2/2 on $mux $procmux$3712.
    dead port 2/2 on $mux $procmux$1463.
    dead port 2/2 on $mux $procmux$1465.
    dead port 2/2 on $mux $procmux$3740.
    dead port 2/2 on $mux $procmux$3742.
    dead port 2/2 on $mux $procmux$3744.
    dead port 1/2 on $mux $procmux$3747.
    dead port 2/2 on $mux $procmux$3749.
    dead port 2/2 on $mux $procmux$3779.
    dead port 2/2 on $mux $procmux$3781.
    dead port 2/2 on $mux $procmux$3783.
    dead port 1/2 on $mux $procmux$3786.
    dead port 2/2 on $mux $procmux$3788.
    dead port 2/2 on $mux $procmux$1467.
    dead port 2/2 on $mux $procmux$3806.
    dead port 2/2 on $mux $procmux$3808.
    dead port 1/2 on $mux $procmux$1470.
    dead port 2/2 on $mux $procmux$3810.
    dead port 1/2 on $mux $procmux$3813.
    dead port 2/2 on $mux $procmux$3815.
    dead port 2/2 on $mux $procmux$1472.
    dead port 2/2 on $mux $procmux$3829.
    dead port 2/2 on $mux $procmux$3831.
    dead port 2/2 on $mux $procmux$1501.
    dead port 2/2 on $mux $procmux$3833.
    dead port 1/2 on $mux $procmux$3836.
    dead port 2/2 on $mux $procmux$3838.
    dead port 2/2 on $mux $procmux$1503.
    dead port 2/2 on $mux $procmux$1505.
    dead port 2/2 on $mux $procmux$3860.
    dead port 2/2 on $mux $procmux$3862.
    dead port 2/2 on $mux $procmux$2390.
    dead port 2/2 on $mux $procmux$3864.
    dead port 1/2 on $mux $procmux$3867.
    dead port 2/2 on $mux $procmux$3869.
    dead port 2/2 on $mux $procmux$3899.
    dead port 2/2 on $mux $procmux$3901.
    dead port 2/2 on $mux $procmux$3903.
    dead port 1/2 on $mux $procmux$3906.
    dead port 2/2 on $mux $procmux$3908.
    dead port 2/2 on $mux $procmux$1507.
    dead port 1/2 on $mux $procmux$1510.
    dead port 2/2 on $mux $procmux$3934.
    dead port 2/2 on $mux $procmux$3936.
    dead port 2/2 on $mux $procmux$1512.
    dead port 2/2 on $mux $procmux$3938.
    dead port 1/2 on $mux $procmux$3941.
    dead port 2/2 on $mux $procmux$3943.
    dead port 2/2 on $mux $procmux$3954.
    dead port 2/2 on $mux $procmux$3956.
    dead port 2/2 on $mux $procmux$3958.
    dead port 1/2 on $mux $procmux$3961.
    dead port 2/2 on $mux $procmux$3963.
    dead port 2/2 on $mux $procmux$3974.
    dead port 2/2 on $mux $procmux$3976.
    dead port 2/2 on $mux $procmux$3978.
    dead port 1/2 on $mux $procmux$3981.
    dead port 2/2 on $mux $procmux$3983.
    dead port 2/2 on $mux $procmux$3994.
    dead port 2/2 on $mux $procmux$3996.
    dead port 2/2 on $mux $procmux$1529.
    dead port 2/2 on $mux $procmux$3998.
    dead port 1/2 on $mux $procmux$4001.
    dead port 2/2 on $mux $procmux$4003.
    dead port 2/2 on $mux $procmux$4018.
    dead port 2/2 on $mux $procmux$4020.
    dead port 2/2 on $mux $procmux$4022.
    dead port 1/2 on $mux $procmux$4025.
    dead port 2/2 on $mux $procmux$4027.
    dead port 2/2 on $mux $procmux$1531.
    dead port 2/2 on $mux $procmux$1533.
    dead port 2/2 on $mux $procmux$4040.
    dead port 2/2 on $mux $procmux$4042.
    dead port 2/2 on $mux $procmux$4044.
    dead port 1/2 on $mux $procmux$4047.
    dead port 2/2 on $mux $procmux$4049.
    dead port 2/2 on $mux $procmux$4066.
    dead port 2/2 on $mux $procmux$4068.
    dead port 2/2 on $mux $procmux$4070.
    dead port 1/2 on $mux $procmux$4073.
    dead port 2/2 on $mux $procmux$4075.
    dead port 2/2 on $mux $procmux$4094.
    dead port 2/2 on $mux $procmux$4096.
    dead port 2/2 on $mux $procmux$4098.
    dead port 1/2 on $mux $procmux$4101.
    dead port 2/2 on $mux $procmux$4103.
    dead port 2/2 on $mux $procmux$4124.
    dead port 2/2 on $mux $procmux$4126.
    dead port 2/2 on $mux $procmux$1535.
    dead port 2/2 on $mux $procmux$4128.
    dead port 1/2 on $mux $procmux$4131.
    dead port 2/2 on $mux $procmux$4133.
    dead port 1/2 on $mux $procmux$1538.
    dead port 2/2 on $mux $procmux$4156.
    dead port 2/2 on $mux $procmux$4158.
    dead port 2/2 on $mux $procmux$1540.
    dead port 2/2 on $mux $procmux$4160.
    dead port 1/2 on $mux $procmux$4163.
    dead port 2/2 on $mux $procmux$4165.
    dead port 2/2 on $mux $procmux$4190.
    dead port 2/2 on $mux $procmux$4192.
    dead port 2/2 on $mux $procmux$4194.
    dead port 1/2 on $mux $procmux$4197.
    dead port 2/2 on $mux $procmux$4199.
    dead port 2/2 on $mux $procmux$1573.
    dead port 2/2 on $mux $procmux$4226.
    dead port 2/2 on $mux $procmux$4228.
    dead port 2/2 on $mux $procmux$4230.
    dead port 1/2 on $mux $procmux$4233.
    dead port 2/2 on $mux $procmux$4235.
    dead port 2/2 on $mux $procmux$1575.
    dead port 2/2 on $mux $procmux$4264.
    dead port 2/2 on $mux $procmux$4266.
    dead port 2/2 on $mux $procmux$1577.
    dead port 2/2 on $mux $procmux$4268.
    dead port 1/2 on $mux $procmux$4271.
    dead port 2/2 on $mux $procmux$4273.
    dead port 2/2 on $mux $procmux$2392.
    dead port 2/2 on $mux $procmux$4303.
    dead port 2/2 on $mux $procmux$4305.
    dead port 2/2 on $mux $procmux$4307.
    dead port 1/2 on $mux $procmux$4310.
    dead port 2/2 on $mux $procmux$4312.
    dead port 2/2 on $mux $procmux$4324.
    dead port 2/2 on $mux $procmux$4326.
    dead port 2/2 on $mux $procmux$4328.
    dead port 1/2 on $mux $procmux$4331.
    dead port 2/2 on $mux $procmux$4333.
    dead port 2/2 on $mux $procmux$1579.
    dead port 1/2 on $mux $procmux$1582.
    dead port 2/2 on $mux $procmux$4349.
    dead port 2/2 on $mux $procmux$4351.
    dead port 2/2 on $mux $procmux$1584.
    dead port 2/2 on $mux $procmux$4353.
    dead port 1/2 on $mux $procmux$4356.
    dead port 2/2 on $mux $procmux$4358.
    dead port 2/2 on $mux $procmux$1609.
    dead port 2/2 on $mux $procmux$4378.
    dead port 2/2 on $mux $procmux$4380.
    dead port 2/2 on $mux $procmux$4382.
    dead port 1/2 on $mux $procmux$4385.
    dead port 2/2 on $mux $procmux$4387.
    dead port 2/2 on $mux $procmux$1611.
    dead port 2/2 on $mux $procmux$1613.
    dead port 2/2 on $mux $procmux$2394.
    dead port 2/2 on $mux $procmux$4411.
    dead port 2/2 on $mux $procmux$4413.
    dead port 2/2 on $mux $procmux$4415.
    dead port 1/2 on $mux $procmux$4418.
    dead port 2/2 on $mux $procmux$4420.
    dead port 2/2 on $mux $procmux$4448.
    dead port 2/2 on $mux $procmux$4450.
    dead port 2/2 on $mux $procmux$4452.
    dead port 1/2 on $mux $procmux$4455.
    dead port 2/2 on $mux $procmux$4457.
    dead port 2/2 on $mux $procmux$1615.
    dead port 2/2 on $mux $procmux$4487.
    dead port 2/2 on $mux $procmux$4489.
    dead port 1/2 on $mux $procmux$1618.
    dead port 2/2 on $mux $procmux$4491.
    dead port 1/2 on $mux $procmux$4494.
    dead port 2/2 on $mux $procmux$4496.
    dead port 2/2 on $mux $procmux$1620.
    dead port 2/2 on $mux $procmux$4514.
    dead port 2/2 on $mux $procmux$4516.
    dead port 2/2 on $mux $procmux$1634.
    dead port 2/2 on $mux $procmux$4518.
    dead port 1/2 on $mux $procmux$4521.
    dead port 2/2 on $mux $procmux$4523.
    dead port 2/2 on $mux $procmux$1636.
    dead port 2/2 on $mux $procmux$1638.
    dead port 2/2 on $mux $procmux$4537.
    dead port 2/2 on $mux $procmux$4539.
    dead port 2/2 on $mux $procmux$4541.
    dead port 1/2 on $mux $procmux$4544.
    dead port 2/2 on $mux $procmux$4546.
    dead port 2/2 on $mux $procmux$4568.
    dead port 2/2 on $mux $procmux$4570.
    dead port 2/2 on $mux $procmux$4572.
    dead port 1/2 on $mux $procmux$4575.
    dead port 2/2 on $mux $procmux$4577.
    dead port 2/2 on $mux $procmux$1640.
    dead port 1/2 on $mux $procmux$1643.
    dead port 2/2 on $mux $procmux$4607.
    dead port 2/2 on $mux $procmux$4609.
    dead port 2/2 on $mux $procmux$1645.
    dead port 2/2 on $mux $procmux$4611.
    dead port 1/2 on $mux $procmux$4614.
    dead port 2/2 on $mux $procmux$4616.
    dead port 2/2 on $mux $procmux$1662.
    dead port 2/2 on $mux $procmux$4642.
    dead port 2/2 on $mux $procmux$4644.
    dead port 2/2 on $mux $procmux$4646.
    dead port 1/2 on $mux $procmux$4649.
    dead port 2/2 on $mux $procmux$4651.
    dead port 2/2 on $mux $procmux$4661.
    dead port 2/2 on $mux $procmux$1664.
    dead port 2/2 on $mux $procmux$4663.
    dead port 1/2 on $mux $procmux$4666.
    dead port 2/2 on $mux $procmux$4668.
    dead port 2/2 on $mux $procmux$4678.
    dead port 2/2 on $mux $procmux$1666.
    dead port 2/2 on $mux $procmux$4680.
    dead port 1/2 on $mux $procmux$4683.
    dead port 2/2 on $mux $procmux$4685.
    dead port 2/2 on $mux $procmux$4696.
    dead port 2/2 on $mux $procmux$1152.
    dead port 2/2 on $mux $procmux$4698.
    dead port 1/2 on $mux $procmux$4701.
    dead port 2/2 on $mux $procmux$4703.
    dead port 2/2 on $mux $procmux$4715.
    dead port 2/2 on $mux $procmux$4717.
    dead port 2/2 on $mux $procmux$4719.
    dead port 1/2 on $mux $procmux$4722.
    dead port 2/2 on $mux $procmux$4724.
    dead port 2/2 on $mux $procmux$4737.
    dead port 2/2 on $mux $procmux$4739.
    dead port 2/2 on $mux $procmux$4741.
    dead port 2/2 on $mux $procmux$4743.
    dead port 1/2 on $mux $procmux$4746.
    dead port 2/2 on $mux $procmux$4748.
    dead port 2/2 on $mux $procmux$4760.
    dead port 2/2 on $mux $procmux$4762.
    dead port 2/2 on $mux $procmux$4764.
    dead port 1/2 on $mux $procmux$4767.
    dead port 2/2 on $mux $procmux$4769.
    dead port 2/2 on $mux $procmux$4781.
    dead port 2/2 on $mux $procmux$4783.
    dead port 2/2 on $mux $procmux$4785.
    dead port 1/2 on $mux $procmux$4788.
    dead port 2/2 on $mux $procmux$4790.
    dead port 1/2 on $mux $procmux$1243.
    dead port 2/2 on $mux $procmux$1245.
    dead port 2/2 on $mux $procmux$4806.
    dead port 2/2 on $mux $procmux$4808.
    dead port 2/2 on $mux $procmux$4810.
    dead port 1/2 on $mux $procmux$4813.
    dead port 2/2 on $mux $procmux$4815.
    dead port 2/2 on $mux $procmux$1668.
    dead port 2/2 on $mux $procmux$2353.
    dead port 1/2 on $mux $procmux$1671.
    dead port 2/2 on $mux $procmux$4829.
    dead port 2/2 on $mux $procmux$4831.
    dead port 2/2 on $mux $procmux$1673.
    dead port 2/2 on $mux $procmux$4833.
    dead port 1/2 on $mux $procmux$4836.
    dead port 2/2 on $mux $procmux$4838.
    dead port 2/2 on $mux $procmux$4856.
    dead port 2/2 on $mux $procmux$4858.
    dead port 2/2 on $mux $procmux$4860.
    dead port 1/2 on $mux $procmux$4863.
    dead port 2/2 on $mux $procmux$4865.
    dead port 2/2 on $mux $procmux$1692.
    dead port 2/2 on $mux $procmux$1259.
    dead port 2/2 on $mux $procmux$4885.
    dead port 2/2 on $mux $procmux$4887.
    dead port 2/2 on $mux $procmux$4889.
    dead port 1/2 on $mux $procmux$4892.
    dead port 2/2 on $mux $procmux$4894.
    dead port 2/2 on $mux $procmux$1694.
    dead port 2/2 on $mux $procmux$1261.
    dead port 2/2 on $mux $procmux$4916.
    dead port 2/2 on $mux $procmux$4918.
    dead port 2/2 on $mux $procmux$1696.
    dead port 2/2 on $mux $procmux$4920.
    dead port 1/2 on $mux $procmux$4923.
    dead port 2/2 on $mux $procmux$4925.
    dead port 1/2 on $mux $procmux$1155.
    dead port 2/2 on $mux $procmux$4949.
    dead port 2/2 on $mux $procmux$4951.
    dead port 2/2 on $mux $procmux$4953.
    dead port 1/2 on $mux $procmux$4956.
    dead port 2/2 on $mux $procmux$4958.
    dead port 2/2 on $mux $procmux$1148.
    dead port 2/2 on $mux $procmux$4984.
    dead port 2/2 on $mux $procmux$4986.
    dead port 2/2 on $mux $procmux$4988.
    dead port 1/2 on $mux $procmux$4991.
    dead port 2/2 on $mux $procmux$4993.
    dead port 2/2 on $mux $procmux$1263.
    dead port 2/2 on $mux $procmux$2355.
    dead port 2/2 on $mux $procmux$5021.
    dead port 2/2 on $mux $procmux$5023.
    dead port 2/2 on $mux $procmux$5025.
    dead port 1/2 on $mux $procmux$5028.
    dead port 2/2 on $mux $procmux$5030.
    dead port 2/2 on $mux $procmux$1698.
    dead port 2/2 on $mux $procmux$5060.
    dead port 2/2 on $mux $procmux$5062.
    dead port 1/2 on $mux $procmux$1701.
    dead port 2/2 on $mux $procmux$5064.
    dead port 1/2 on $mux $procmux$5067.
    dead port 2/2 on $mux $procmux$5069.
    dead port 2/2 on $mux $procmux$1703.
    dead port 2/2 on $mux $procmux$5100.
    dead port 2/2 on $mux $procmux$5102.
    dead port 2/2 on $mux $procmux$5104.
    dead port 1/2 on $mux $procmux$5107.
    dead port 2/2 on $mux $procmux$5109.
    dead port 2/2 on $mux $procmux$1724.
    dead port 2/2 on $mux $procmux$5122.
    dead port 2/2 on $mux $procmux$5124.
    dead port 2/2 on $mux $procmux$5126.
    dead port 1/2 on $mux $procmux$5129.
    dead port 2/2 on $mux $procmux$5131.
    dead port 2/2 on $mux $procmux$1726.
    dead port 2/2 on $mux $procmux$1728.
    dead port 2/2 on $mux $procmux$1157.
    dead port 2/2 on $mux $procmux$5148.
    dead port 2/2 on $mux $procmux$5150.
    dead port 2/2 on $mux $procmux$5152.
    dead port 1/2 on $mux $procmux$5155.
    dead port 2/2 on $mux $procmux$5157.
    dead port 2/2 on $mux $procmux$5178.
    dead port 2/2 on $mux $procmux$5180.
    dead port 2/2 on $mux $procmux$5182.
    dead port 1/2 on $mux $procmux$5185.
    dead port 2/2 on $mux $procmux$5187.
    dead port 2/2 on $mux $procmux$1730.
    dead port 1/2 on $mux $procmux$1733.
    dead port 2/2 on $mux $procmux$1735.
    dead port 2/2 on $mux $procmux$5212.
    dead port 2/2 on $mux $procmux$5214.
    dead port 2/2 on $mux $procmux$5216.
    dead port 1/2 on $mux $procmux$5219.
    dead port 2/2 on $mux $procmux$5221.
    dead port 2/2 on $mux $procmux$1758.
    dead port 2/2 on $mux $procmux$5250.
    dead port 2/2 on $mux $procmux$5252.
    dead port 2/2 on $mux $procmux$1760.
    dead port 2/2 on $mux $procmux$5254.
    dead port 1/2 on $mux $procmux$5257.
    dead port 2/2 on $mux $procmux$5259.
    dead port 2/2 on $mux $procmux$1762.
    dead port 2/2 on $mux $procmux$5290.
    dead port 2/2 on $mux $procmux$5292.
    dead port 2/2 on $mux $procmux$5294.
    dead port 1/2 on $mux $procmux$5297.
    dead port 2/2 on $mux $procmux$5299.
    dead port 2/2 on $mux $procmux$5318.
    dead port 2/2 on $mux $procmux$5320.
    dead port 2/2 on $mux $procmux$5322.
    dead port 1/2 on $mux $procmux$5325.
    dead port 2/2 on $mux $procmux$5327.
    dead port 2/2 on $mux $procmux$1764.
    dead port 1/2 on $mux $procmux$1767.
    dead port 2/2 on $mux $procmux$5342.
    dead port 2/2 on $mux $procmux$5344.
    dead port 2/2 on $mux $procmux$1769.
    dead port 2/2 on $mux $procmux$5346.
    dead port 1/2 on $mux $procmux$5349.
    dead port 2/2 on $mux $procmux$5351.
    dead port 2/2 on $mux $procmux$1794.
    dead port 2/2 on $mux $procmux$5374.
    dead port 2/2 on $mux $procmux$5376.
    dead port 2/2 on $mux $procmux$5378.
    dead port 1/2 on $mux $procmux$5381.
    dead port 2/2 on $mux $procmux$5383.
    dead port 2/2 on $mux $procmux$1796.
    dead port 2/2 on $mux $procmux$1798.
    dead port 2/2 on $mux $procmux$5414.
    dead port 2/2 on $mux $procmux$5416.
    dead port 2/2 on $mux $procmux$5418.
    dead port 1/2 on $mux $procmux$5421.
    dead port 2/2 on $mux $procmux$5423.
    dead port 2/2 on $mux $procmux$2396.
    dead port 2/2 on $mux $procmux$5450.
    dead port 2/2 on $mux $procmux$5452.
    dead port 2/2 on $mux $procmux$5454.
    dead port 1/2 on $mux $procmux$5457.
    dead port 2/2 on $mux $procmux$5459.
    dead port 2/2 on $mux $procmux$5470.
    dead port 2/2 on $mux $procmux$1800.
    dead port 2/2 on $mux $procmux$5472.
    dead port 1/2 on $mux $procmux$5475.
    dead port 2/2 on $mux $procmux$5477.
    dead port 2/2 on $mux $procmux$5488.
    dead port 1/2 on $mux $procmux$1803.
    dead port 2/2 on $mux $procmux$5490.
    dead port 1/2 on $mux $procmux$5493.
    dead port 2/2 on $mux $procmux$5495.
    dead port 2/2 on $mux $procmux$5507.
    dead port 2/2 on $mux $procmux$5509.
    dead port 2/2 on $mux $procmux$1805.
    dead port 2/2 on $mux $procmux$5511.
    dead port 1/2 on $mux $procmux$5514.
    dead port 2/2 on $mux $procmux$5516.
    dead port 2/2 on $mux $procmux$5528.
    dead port 2/2 on $mux $procmux$5530.
    dead port 1/2 on $mux $procmux$5533.
    dead port 2/2 on $mux $procmux$5535.
    dead port 2/2 on $mux $procmux$5548.
    dead port 2/2 on $mux $procmux$5550.
    dead port 2/2 on $mux $procmux$5552.
    dead port 1/2 on $mux $procmux$5555.
    dead port 2/2 on $mux $procmux$5557.
    dead port 2/2 on $mux $procmux$5573.
    dead port 2/2 on $mux $procmux$5575.
    dead port 2/2 on $mux $procmux$1832.
    dead port 2/2 on $mux $procmux$5577.
    dead port 1/2 on $mux $procmux$5580.
    dead port 2/2 on $mux $procmux$5582.
    dead port 2/2 on $mux $procmux$5600.
    dead port 2/2 on $mux $procmux$5602.
    dead port 1/2 on $mux $procmux$2399.
    dead port 2/2 on $mux $procmux$5604.
    dead port 1/2 on $mux $procmux$5607.
    dead port 2/2 on $mux $procmux$5609.
    dead port 2/2 on $mux $procmux$5629.
    dead port 2/2 on $mux $procmux$5631.
    dead port 2/2 on $mux $procmux$1834.
    dead port 2/2 on $mux $procmux$5633.
    dead port 1/2 on $mux $procmux$5636.
    dead port 2/2 on $mux $procmux$5638.
    dead port 2/2 on $mux $procmux$5660.
    dead port 2/2 on $mux $procmux$5662.
    dead port 2/2 on $mux $procmux$1836.
    dead port 2/2 on $mux $procmux$5664.
    dead port 1/2 on $mux $procmux$5667.
    dead port 2/2 on $mux $procmux$5669.
    dead port 2/2 on $mux $procmux$5693.
    dead port 2/2 on $mux $procmux$5695.
    dead port 2/2 on $mux $procmux$2401.
    dead port 2/2 on $mux $procmux$5697.
    dead port 1/2 on $mux $procmux$5700.
    dead port 2/2 on $mux $procmux$5702.
    dead port 2/2 on $mux $procmux$5728.
    dead port 2/2 on $mux $procmux$5730.
    dead port 2/2 on $mux $procmux$5732.
    dead port 1/2 on $mux $procmux$5735.
    dead port 2/2 on $mux $procmux$5737.
    dead port 2/2 on $mux $procmux$5765.
    dead port 2/2 on $mux $procmux$5767.
    dead port 2/2 on $mux $procmux$5769.
    dead port 1/2 on $mux $procmux$5772.
    dead port 2/2 on $mux $procmux$5774.
    dead port 2/2 on $mux $procmux$5804.
    dead port 2/2 on $mux $procmux$5806.
    dead port 2/2 on $mux $procmux$5808.
    dead port 1/2 on $mux $procmux$5811.
    dead port 2/2 on $mux $procmux$5813.
    dead port 2/2 on $mux $procmux$5845.
    dead port 2/2 on $mux $procmux$5847.
    dead port 2/2 on $mux $procmux$5849.
    dead port 1/2 on $mux $procmux$5852.
    dead port 2/2 on $mux $procmux$5854.
    dead port 2/2 on $mux $procmux$5888.
    dead port 2/2 on $mux $procmux$5890.
    dead port 2/2 on $mux $procmux$5892.
    dead port 1/2 on $mux $procmux$5895.
    dead port 2/2 on $mux $procmux$5897.
    dead port 2/2 on $mux $procmux$5911.
    dead port 2/2 on $mux $procmux$5913.
    dead port 2/2 on $mux $procmux$1838.
    dead port 2/2 on $mux $procmux$5915.
    dead port 1/2 on $mux $procmux$5918.
    dead port 2/2 on $mux $procmux$5920.
    dead port 2/2 on $mux $procmux$5939.
    dead port 2/2 on $mux $procmux$5941.
    dead port 1/2 on $mux $procmux$1841.
    dead port 2/2 on $mux $procmux$5943.
    dead port 1/2 on $mux $procmux$5946.
    dead port 2/2 on $mux $procmux$5948.
    dead port 2/2 on $mux $procmux$5971.
    dead port 2/2 on $mux $procmux$5973.
    dead port 2/2 on $mux $procmux$1843.
    dead port 2/2 on $mux $procmux$5975.
    dead port 1/2 on $mux $procmux$5978.
    dead port 2/2 on $mux $procmux$5980.
    dead port 2/2 on $mux $procmux$6007.
    dead port 2/2 on $mux $procmux$6009.
    dead port 2/2 on $mux $procmux$6011.
    dead port 1/2 on $mux $procmux$6014.
    dead port 2/2 on $mux $procmux$6016.
    dead port 2/2 on $mux $procmux$6047.
    dead port 2/2 on $mux $procmux$6049.
    dead port 2/2 on $mux $procmux$6051.
    dead port 1/2 on $mux $procmux$6054.
    dead port 2/2 on $mux $procmux$6056.
    dead port 2/2 on $mux $procmux$6071.
    dead port 2/2 on $mux $procmux$6073.
    dead port 2/2 on $mux $procmux$1872.
    dead port 2/2 on $mux $procmux$6075.
    dead port 1/2 on $mux $procmux$6078.
    dead port 2/2 on $mux $procmux$6080.
    dead port 2/2 on $mux $procmux$6101.
    dead port 2/2 on $mux $procmux$6103.
    dead port 2/2 on $mux $procmux$1189.
    dead port 2/2 on $mux $procmux$6105.
    dead port 1/2 on $mux $procmux$6108.
    dead port 2/2 on $mux $procmux$6110.
    dead port 2/2 on $mux $procmux$6139.
    dead port 2/2 on $mux $procmux$6141.
    dead port 2/2 on $mux $procmux$1874.
    dead port 2/2 on $mux $procmux$6143.
    dead port 1/2 on $mux $procmux$6146.
    dead port 2/2 on $mux $procmux$6148.
    dead port 2/2 on $mux $procmux$6165.
    dead port 2/2 on $mux $procmux$6167.
    dead port 2/2 on $mux $procmux$1876.
    dead port 2/2 on $mux $procmux$6169.
    dead port 1/2 on $mux $procmux$6172.
    dead port 2/2 on $mux $procmux$6174.
    dead port 2/2 on $mux $procmux$6207.
    dead port 2/2 on $mux $procmux$6209.
    dead port 2/2 on $mux $procmux$2414.
    dead port 2/2 on $mux $procmux$6211.
    dead port 1/2 on $mux $procmux$6214.
    dead port 2/2 on $mux $procmux$6216.
    dead port 2/2 on $mux $procmux$6241.
    dead port 2/2 on $mux $procmux$6243.
    dead port 2/2 on $mux $procmux$6245.
    dead port 1/2 on $mux $procmux$6248.
    dead port 2/2 on $mux $procmux$6250.
    dead port 2/2 on $mux $procmux$6263.
    dead port 2/2 on $mux $procmux$6265.
    dead port 2/2 on $mux $procmux$2416.
    dead port 2/2 on $mux $procmux$6267.
    dead port 1/2 on $mux $procmux$6270.
    dead port 2/2 on $mux $procmux$6272.
    dead port 2/2 on $mux $procmux$2502.
    dead port 2/2 on $mux $procmux$6289.
    dead port 2/2 on $mux $procmux$6291.
    dead port 2/2 on $mux $procmux$2418.
    dead port 2/2 on $mux $procmux$6293.
    dead port 1/2 on $mux $procmux$6296.
    dead port 2/2 on $mux $procmux$6298.
    dead port 1/2 on $mux $procmux$2505.
    dead port 2/2 on $mux $procmux$6313.
    dead port 2/2 on $mux $procmux$6315.
    dead port 2/2 on $mux $procmux$1878.
    dead port 2/2 on $mux $procmux$6317.
    dead port 1/2 on $mux $procmux$6320.
    dead port 2/2 on $mux $procmux$6322.
    dead port 1/2 on $mux $procmux$1881.
    dead port 2/2 on $mux $procmux$2507.
    dead port 2/2 on $mux $procmux$6341.
    dead port 2/2 on $mux $procmux$6343.
    dead port 2/2 on $mux $procmux$1883.
    dead port 2/2 on $mux $procmux$6345.
    dead port 1/2 on $mux $procmux$6348.
    dead port 2/2 on $mux $procmux$6350.
    dead port 2/2 on $mux $procmux$2516.
    dead port 2/2 on $mux $procmux$6371.
    dead port 2/2 on $mux $procmux$6373.
    dead port 2/2 on $mux $procmux$6375.
    dead port 1/2 on $mux $procmux$6378.
    dead port 2/2 on $mux $procmux$6380.
    dead port 2/2 on $mux $procmux$1914.
    dead port 2/2 on $mux $procmux$2518.
    dead port 1/2 on $mux $procmux$2521.
    dead port 2/2 on $mux $procmux$6403.
    dead port 2/2 on $mux $procmux$6405.
    dead port 2/2 on $mux $procmux$6407.
    dead port 1/2 on $mux $procmux$6410.
    dead port 2/2 on $mux $procmux$6412.
    dead port 2/2 on $mux $procmux$1916.
    dead port 2/2 on $mux $procmux$2523.
    dead port 2/2 on $mux $procmux$6437.
    dead port 2/2 on $mux $procmux$6439.
    dead port 2/2 on $mux $procmux$1918.
    dead port 2/2 on $mux $procmux$6441.
    dead port 1/2 on $mux $procmux$6444.
    dead port 2/2 on $mux $procmux$6446.
    dead port 2/2 on $mux $procmux$1146.
    dead port 2/2 on $mux $procmux$2532.
    dead port 2/2 on $mux $procmux$6473.
    dead port 2/2 on $mux $procmux$6475.
    dead port 2/2 on $mux $procmux$6477.
    dead port 1/2 on $mux $procmux$6480.
    dead port 2/2 on $mux $procmux$6482.
    dead port 2/2 on $mux $procmux$2534.
    dead port 1/2 on $mux $procmux$2537.
    dead port 2/2 on $mux $procmux$6511.
    dead port 2/2 on $mux $procmux$6513.
    dead port 2/2 on $mux $procmux$6515.
    dead port 1/2 on $mux $procmux$6518.
    dead port 2/2 on $mux $procmux$6520.
    dead port 2/2 on $mux $procmux$1191.
    dead port 2/2 on $mux $procmux$2539.
    dead port 2/2 on $mux $procmux$6551.
    dead port 2/2 on $mux $procmux$6553.
    dead port 2/2 on $mux $procmux$6555.
    dead port 1/2 on $mux $procmux$6558.
    dead port 2/2 on $mux $procmux$6560.
    dead port 2/2 on $mux $procmux$1920.
    dead port 2/2 on $mux $procmux$2548.
    dead port 2/2 on $mux $procmux$6592.
    dead port 2/2 on $mux $procmux$6594.
    dead port 1/2 on $mux $procmux$1923.
    dead port 2/2 on $mux $procmux$6596.
    dead port 1/2 on $mux $procmux$6599.
    dead port 2/2 on $mux $procmux$6601.
    dead port 2/2 on $mux $procmux$1925.
    dead port 2/2 on $mux $procmux$6615.
    dead port 2/2 on $mux $procmux$6617.
    dead port 2/2 on $mux $procmux$6619.
    dead port 1/2 on $mux $procmux$6622.
    dead port 2/2 on $mux $procmux$6624.
    dead port 2/2 on $mux $procmux$1958.
    dead port 2/2 on $mux $procmux$1960.
    dead port 2/2 on $mux $procmux$6642.
    dead port 2/2 on $mux $procmux$6644.
    dead port 2/2 on $mux $procmux$1962.
    dead port 2/2 on $mux $procmux$6646.
    dead port 1/2 on $mux $procmux$6649.
    dead port 2/2 on $mux $procmux$6651.
    dead port 2/2 on $mux $procmux$1193.
    dead port 2/2 on $mux $procmux$2314.
    dead port 2/2 on $mux $procmux$6673.
    dead port 2/2 on $mux $procmux$6675.
    dead port 2/2 on $mux $procmux$6677.
    dead port 1/2 on $mux $procmux$6680.
    dead port 2/2 on $mux $procmux$6682.
    dead port 2/2 on $mux $procmux$2420.
    dead port 1/2 on $mux $procmux$2423.
    dead port 2/2 on $mux $procmux$1964.
    dead port 2/2 on $mux $procmux$6708.
    dead port 2/2 on $mux $procmux$6710.
    dead port 1/2 on $mux $procmux$1967.
    dead port 2/2 on $mux $procmux$6712.
    dead port 1/2 on $mux $procmux$6715.
    dead port 2/2 on $mux $procmux$6717.
    dead port 2/2 on $mux $procmux$1969.
    dead port 2/2 on $mux $procmux$2425.
    dead port 2/2 on $mux $procmux$6747.
    dead port 2/2 on $mux $procmux$6749.
    dead port 2/2 on $mux $procmux$2004.
    dead port 2/2 on $mux $procmux$6751.
    dead port 1/2 on $mux $procmux$6754.
    dead port 2/2 on $mux $procmux$6756.
    dead port 2/2 on $mux $procmux$6788.
    dead port 2/2 on $mux $procmux$6790.
    dead port 2/2 on $mux $procmux$2006.
    dead port 2/2 on $mux $procmux$6792.
    dead port 1/2 on $mux $procmux$6795.
    dead port 2/2 on $mux $procmux$6797.
    dead port 2/2 on $mux $procmux$2008.
    dead port 2/2 on $mux $procmux$2435.
    dead port 2/2 on $mux $procmux$6817.
    dead port 2/2 on $mux $procmux$6819.
    dead port 2/2 on $mux $procmux$2437.
    dead port 2/2 on $mux $procmux$6821.
    dead port 1/2 on $mux $procmux$6824.
    dead port 2/2 on $mux $procmux$6826.
    dead port 1/2 on $mux $procmux$2317.
    dead port 2/2 on $mux $procmux$6842.
    dead port 2/2 on $mux $procmux$6844.
    dead port 2/2 on $mux $procmux$2010.
    dead port 2/2 on $mux $procmux$6846.
    dead port 1/2 on $mux $procmux$6849.
    dead port 2/2 on $mux $procmux$6851.
    dead port 1/2 on $mux $procmux$2013.
    dead port 2/2 on $mux $procmux$2015.
    dead port 2/2 on $mux $procmux$6875.
    dead port 2/2 on $mux $procmux$6877.
    dead port 2/2 on $mux $procmux$1195.
    dead port 2/2 on $mux $procmux$6879.
    dead port 1/2 on $mux $procmux$6882.
    dead port 2/2 on $mux $procmux$6884.
    dead port 2/2 on $mux $procmux$2030.
    dead port 1/2 on $mux $procmux$1198.
    dead port 2/2 on $mux $procmux$2032.
    dead port 2/2 on $mux $procmux$6916.
    dead port 2/2 on $mux $procmux$6918.
    dead port 2/2 on $mux $procmux$2034.
    dead port 2/2 on $mux $procmux$6920.
    dead port 1/2 on $mux $procmux$6923.
    dead port 2/2 on $mux $procmux$6925.
    dead port 2/2 on $mux $procmux$1200.
    dead port 2/2 on $mux $procmux$2439.
    dead port 1/2 on $mux $procmux$2442.
    dead port 2/2 on $mux $procmux$6953.
    dead port 2/2 on $mux $procmux$6955.
    dead port 2/2 on $mux $procmux$2444.
    dead port 2/2 on $mux $procmux$6957.
    dead port 1/2 on $mux $procmux$6960.
    dead port 2/2 on $mux $procmux$6962.
    dead port 2/2 on $mux $procmux$6974.
    dead port 2/2 on $mux $procmux$6976.
    dead port 1/2 on $mux $procmux$6979.
    dead port 2/2 on $mux $procmux$6981.
    dead port 2/2 on $mux $procmux$6993.
    dead port 2/2 on $mux $procmux$2452.
    dead port 2/2 on $mux $procmux$6995.
    dead port 1/2 on $mux $procmux$6998.
    dead port 2/2 on $mux $procmux$7000.
    dead port 2/2 on $mux $procmux$7013.
    dead port 2/2 on $mux $procmux$7015.
    dead port 2/2 on $mux $procmux$2036.
    dead port 2/2 on $mux $procmux$7017.
    dead port 1/2 on $mux $procmux$7020.
    dead port 2/2 on $mux $procmux$7022.
    dead port 2/2 on $mux $procmux$2319.
    dead port 1/2 on $mux $procmux$2039.
    dead port 2/2 on $mux $procmux$2041.
    dead port 2/2 on $mux $procmux$2061.
    dead port 2/2 on $mux $procmux$2063.
    dead port 2/2 on $mux $procmux$2065.
    dead port 2/2 on $mux $procmux$1234.
    dead port 2/2 on $mux $procmux$7033.
    dead port 1/2 on $mux $procmux$7036.
    dead port 2/2 on $mux $procmux$7038.
    dead port 2/2 on $mux $procmux$7049.
    dead port 2/2 on $mux $procmux$7051.
    dead port 2/2 on $mux $procmux$7053.
    dead port 1/2 on $mux $procmux$7056.
    dead port 2/2 on $mux $procmux$7058.
    dead port 1/2 on $mux $procmux$7086.
    dead port 2/2 on $mux $procmux$7088.
    dead port 2/2 on $mux $procmux$709.
    dead port 1/2 on $mux $procmux$7095.
    dead port 2/2 on $mux $procmux$7097.
    dead port 2/2 on $mux $procmux$7103.
    dead port 2/2 on $mux $procmux$7109.
    dead port 2/2 on $mux $procmux$7116.
    dead port 2/2 on $mux $procmux$7118.
    dead port 2/2 on $mux $procmux$7125.
    dead port 2/2 on $mux $procmux$7127.
    dead port 2/2 on $mux $procmux$7133.
    dead port 2/2 on $mux $procmux$7139.
    dead port 2/2 on $mux $procmux$7146.
    dead port 2/2 on $mux $procmux$7148.
    dead port 2/2 on $mux $procmux$715.
    dead port 2/2 on $mux $procmux$7160.
    dead port 2/2 on $mux $procmux$7175.
    dead port 2/2 on $mux $procmux$7181.
    dead port 2/2 on $mux $procmux$7187.
    dead port 2/2 on $mux $procmux$7193.
    dead port 2/2 on $mux $procmux$7199.
    dead port 2/2 on $mux $procmux$7205.
    dead port 2/2 on $mux $procmux$721.
    dead port 2/2 on $mux $procmux$7211.
    dead port 2/2 on $mux $procmux$7217.
    dead port 2/2 on $mux $procmux$1000.
    dead port 1/2 on $mux $procmux$1003.
    dead port 2/2 on $mux $procmux$2067.
    dead port 1/2 on $mux $procmux$2070.
    dead port 2/2 on $mux $procmux$2072.
    dead port 2/2 on $mux $procmux$1005.
    dead port 2/2 on $mux $procmux$2096.
    dead port 2/2 on $mux $procmux$727.
    dead port 2/2 on $mux $procmux$733.
    dead port 2/2 on $mux $procmux$739.
    dead port 2/2 on $mux $procmux$745.
    dead port 2/2 on $mux $procmux$751.
    dead port 2/2 on $mux $procmux$2098.
    dead port 2/2 on $mux $procmux$2100.
    dead port 2/2 on $mux $procmux$1236.
    dead port 2/2 on $mux $procmux$1029.
    dead port 2/2 on $mux $procmux$1031.
    dead port 2/2 on $mux $procmux$1033.
    dead port 2/2 on $mux $procmux$773.
    dead port 1/2 on $mux $procmux$776.
    dead port 2/2 on $mux $procmux$778.
    dead port 2/2 on $mux $procmux$2102.
    dead port 1/2 on $mux $procmux$2105.
    dead port 2/2 on $mux $procmux$2107.
    dead port 2/2 on $mux $procmux$789.
    dead port 2/2 on $mux $procmux$791.
    dead port 2/2 on $mux $procmux$2454.
    dead port 1/2 on $mux $procmux$2457.
    dead port 2/2 on $mux $procmux$2135.
    dead port 2/2 on $mux $procmux$2137.
    dead port 2/2 on $mux $procmux$793.
    dead port 1/2 on $mux $procmux$796.
    dead port 2/2 on $mux $procmux$798.
    dead port 2/2 on $mux $procmux$2139.
    dead port 2/2 on $mux $procmux$2459.
    dead port 2/2 on $mux $procmux$811.
    dead port 2/2 on $mux $procmux$813.
    dead port 2/2 on $mux $procmux$1035.
    dead port 2/2 on $mux $procmux$2141.
    dead port 2/2 on $mux $procmux$815.
    dead port 1/2 on $mux $procmux$818.
    dead port 2/2 on $mux $procmux$820.
    dead port 2/2 on $mux $procmux$831.
    dead port 1/2 on $mux $procmux$2144.
    dead port 2/2 on $mux $procmux$833.
    dead port 2/2 on $mux $procmux$835.
    dead port 2/2 on $mux $procmux$2467.
    dead port 2/2 on $mux $procmux$2146.
    dead port 1/2 on $mux $procmux$1038.
    dead port 2/2 on $mux $procmux$2178.
    dead port 2/2 on $mux $procmux$1040.
    dead port 2/2 on $mux $procmux$837.
    dead port 1/2 on $mux $procmux$840.
    dead port 2/2 on $mux $procmux$842.
    dead port 2/2 on $mux $procmux$2180.
    dead port 2/2 on $mux $procmux$2182.
    dead port 2/2 on $mux $procmux$855.
    dead port 2/2 on $mux $procmux$857.
    dead port 2/2 on $mux $procmux$1238.
    dead port 2/2 on $mux $procmux$1066.
    dead port 2/2 on $mux $procmux$859.
    dead port 1/2 on $mux $procmux$862.
    dead port 2/2 on $mux $procmux$864.
    dead port 2/2 on $mux $procmux$1068.
    dead port 2/2 on $mux $procmux$2184.
    dead port 1/2 on $mux $procmux$2187.
    dead port 2/2 on $mux $procmux$2189.
    dead port 2/2 on $mux $procmux$876.
    dead port 2/2 on $mux $procmux$878.
    dead port 2/2 on $mux $procmux$1070.
    dead port 2/2 on $mux $procmux$2205.
    dead port 2/2 on $mux $procmux$2207.
    dead port 2/2 on $mux $procmux$880.
    dead port 1/2 on $mux $procmux$883.
    dead port 2/2 on $mux $procmux$885.
    dead port 2/2 on $mux $procmux$2209.
    dead port 2/2 on $mux $procmux$901.
    dead port 2/2 on $mux $procmux$903.
    dead port 2/2 on $mux $procmux$905.
    dead port 2/2 on $mux $procmux$907.
    dead port 1/2 on $mux $procmux$910.
    dead port 2/2 on $mux $procmux$912.
    dead port 2/2 on $mux $procmux$2211.
    dead port 2/2 on $mux $procmux$930.
    dead port 1/2 on $mux $procmux$2214.
    dead port 2/2 on $mux $procmux$932.
    dead port 2/2 on $mux $procmux$934.
    dead port 2/2 on $mux $procmux$2469.
    dead port 2/2 on $mux $procmux$2216.
    dead port 2/2 on $mux $procmux$1072.
    dead port 2/2 on $mux $procmux$2238.
    dead port 1/2 on $mux $procmux$1075.
    dead port 2/2 on $mux $procmux$936.
    dead port 1/2 on $mux $procmux$939.
    dead port 2/2 on $mux $procmux$941.
    dead port 2/2 on $mux $procmux$2240.
    dead port 2/2 on $mux $procmux$961.
    dead port 2/2 on $mux $procmux$2242.
    dead port 2/2 on $mux $procmux$963.
    dead port 2/2 on $mux $procmux$965.
    dead port 1/2 on $mux $procmux$2472.
    dead port 2/2 on $mux $procmux$2474.
    dead port 2/2 on $mux $procmux$1077.
    dead port 2/2 on $mux $procmux$1105.
    dead port 2/2 on $mux $procmux$967.
    dead port 1/2 on $mux $procmux$970.
    dead port 2/2 on $mux $procmux$972.
    dead port 2/2 on $mux $procmux$994.
    dead port 2/2 on $mux $procmux$2244.
    dead port 2/2 on $mux $procmux$996.
    dead port 2/2 on $mux $procmux$998.
    dead port 1/2 on $mux $procmux$2247.
    dead port 2/2 on $mux $procmux$2249.
    dead port 2/2 on $mux $procmux$1107.
    dead port 2/2 on $mux $procmux$2279.
    dead port 2/2 on $mux $procmux$1109.
    dead port 2/2 on $mux $procmux$2281.
    dead port 2/2 on $mux $procmux$2283.
    dead port 2/2 on $mux $procmux$2285.
    dead port 1/2 on $mux $procmux$2288.
    dead port 2/2 on $mux $procmux$2290.
    dead port 2/2 on $mux $procmux$2308.
    dead port 2/2 on $mux $procmux$1111.
    dead port 2/2 on $mux $procmux$2310.
    dead port 2/2 on $mux $procmux$2312.
    dead port 2/2 on $mux $procmux$1240.
    dead port 1/2 on $mux $procmux$1114.
    dead port 2/2 on $mux $procmux$1116.
Removed 1098 multiplexer ports.
<suppressed ~18 debug messages>

7.4. Executing OPT_REDUCE pass (consolidate $*mux and $reduce_* inputs).
  Optimizing cells in module \kernel0_step.
    New input vector for $reduce_or cell $procmux$2484_ANY: { $procmux$1034_CMP [0] $procmux$1030_CMP }
    New input vector for $reduce_or cell $procmux$7234_ANY: { $procmux$1034_CMP [2] $procmux$1034_CMP [3] }
    New input vector for $reduce_or cell $procmux$2358_ANY: { $procmux$1034_CMP [0] $procmux$1034_CMP [2] $procmux$1034_CMP [3] $procmux$1034_CMP [4] $procmux$1030_CMP }
    New ctrl vector for $pmux cell $procmux$4120: $auto$opt_reduce.cc:132:opt_mux$7246
    New ctrl vector for $pmux cell $procmux$4152: $auto$opt_reduce.cc:132:opt_mux$7248
    New ctrl vector for $pmux cell $procmux$4186: $auto$opt_reduce.cc:132:opt_mux$7250
    New ctrl vector for $pmux cell $procmux$4222: $auto$opt_reduce.cc:132:opt_mux$7252
    New ctrl vector for $pmux cell $procmux$4260: $auto$opt_reduce.cc:132:opt_mux$7254
    New ctrl vector for $pmux cell $procmux$4300: $auto$opt_reduce.cc:132:opt_mux$7256
    New ctrl vector for $pmux cell $procmux$4321: $auto$opt_reduce.cc:132:opt_mux$7258
    New ctrl vector for $pmux cell $procmux$4345: $auto$opt_reduce.cc:132:opt_mux$7260
    New ctrl vector for $pmux cell $procmux$4374: $auto$opt_reduce.cc:132:opt_mux$7262
    New ctrl vector for $pmux cell $procmux$4407: $auto$opt_reduce.cc:132:opt_mux$7264
    New ctrl vector for $pmux cell $procmux$4444: $auto$opt_reduce.cc:132:opt_mux$7266
    New ctrl vector for $pmux cell $procmux$4510: $auto$opt_reduce.cc:132:opt_mux$7268
    New ctrl vector for $pmux cell $procmux$4533: $auto$opt_reduce.cc:132:opt_mux$7270
    New ctrl vector for $pmux cell $procmux$4564: $auto$opt_reduce.cc:132:opt_mux$7272
    New ctrl vector for $mux cell $procmux$7123: { }
    New ctrl vector for $pmux cell $procmux$4603: $auto$opt_reduce.cc:132:opt_mux$7274
    New ctrl vector for $pmux cell $procmux$4638: $auto$opt_reduce.cc:132:opt_mux$7276
    New ctrl vector for $pmux cell $procmux$871: { $procmux$1034_CMP [0] $procmux$1030_CMP $auto$opt_reduce.cc:132:opt_mux$7278 }
    New ctrl vector for $pmux cell $procmux$4014: $auto$opt_reduce.cc:132:opt_mux$7280
    New ctrl vector for $pmux cell $procmux$4036: $auto$opt_reduce.cc:132:opt_mux$7282
    New ctrl vector for $pmux cell $procmux$4062: $auto$opt_reduce.cc:132:opt_mux$7284
    New ctrl vector for $pmux cell $procmux$4090: $auto$opt_reduce.cc:132:opt_mux$7286
    New input vector for $reduce_or cell $auto$opt_reduce.cc:126:opt_mux$7271: { $procmux$4122_CMP $procmux$4123_CMP $procmux$4154_CMP }
    New input vector for $reduce_or cell $auto$opt_reduce.cc:126:opt_mux$7245: { $procmux$4093_CMP $procmux$4122_CMP $procmux$4123_CMP }
    New input vector for $reduce_or cell $auto$opt_reduce.cc:126:opt_mux$7247: { $procmux$4123_CMP $procmux$4154_CMP $procmux$4155_CMP }
    New input vector for $reduce_or cell $auto$opt_reduce.cc:126:opt_mux$7249: { $procmux$4155_CMP $procmux$4188_CMP $procmux$4189_CMP }
    New input vector for $reduce_or cell $auto$opt_reduce.cc:126:opt_mux$7251: { $procmux$4189_CMP $procmux$4224_CMP $procmux$4225_CMP }
    New input vector for $reduce_or cell $auto$opt_reduce.cc:126:opt_mux$7253: { $procmux$4225_CMP $procmux$4262_CMP $procmux$4263_CMP }
    New input vector for $reduce_or cell $auto$opt_reduce.cc:126:opt_mux$7255: { $procmux$4263_CMP $procmux$4302_CMP }
    New input vector for $reduce_or cell $auto$opt_reduce.cc:126:opt_mux$7257: { $procmux$3993_CMP $procmux$4038_CMP }
    New input vector for $reduce_or cell $auto$opt_reduce.cc:126:opt_mux$7259: { $procmux$4016_CMP $procmux$4017_CMP $procmux$4064_CMP }
    New input vector for $reduce_or cell $auto$opt_reduce.cc:126:opt_mux$7261: { $procmux$4092_CMP $procmux$4093_CMP $procmux$4122_CMP }
    New input vector for $reduce_or cell $auto$opt_reduce.cc:126:opt_mux$7263: { $procmux$4154_CMP $procmux$4155_CMP $procmux$4188_CMP }
    New input vector for $reduce_or cell $auto$opt_reduce.cc:126:opt_mux$7265: { $procmux$4224_CMP $procmux$4225_CMP $procmux$4262_CMP }
    New input vector for $reduce_or cell $auto$opt_reduce.cc:126:opt_mux$7267: { $procmux$4064_CMP $procmux$4065_CMP $procmux$4092_CMP }
    New input vector for $reduce_or cell $auto$opt_reduce.cc:126:opt_mux$7269: { $procmux$4015_CMP $procmux$4016_CMP $procmux$4038_CMP }
    New input vector for $reduce_or cell $auto$opt_reduce.cc:126:opt_mux$7273: { $procmux$4262_CMP $procmux$4263_CMP $procmux$4302_CMP }
    New input vector for $reduce_or cell $auto$opt_reduce.cc:126:opt_mux$7275: { $procmux$4188_CMP $procmux$4189_CMP $procmux$4224_CMP }
    New input vector for $reduce_or cell $auto$opt_reduce.cc:126:opt_mux$7279: { $procmux$4015_CMP $procmux$4016_CMP $procmux$4017_CMP }
    New input vector for $reduce_or cell $auto$opt_reduce.cc:126:opt_mux$7281: { $procmux$3993_CMP $procmux$4015_CMP $procmux$4038_CMP }
    New input vector for $reduce_or cell $auto$opt_reduce.cc:126:opt_mux$7283: { $procmux$4017_CMP $procmux$4064_CMP $procmux$4065_CMP }
    New input vector for $reduce_or cell $auto$opt_reduce.cc:126:opt_mux$7285: { $procmux$4065_CMP $procmux$4092_CMP $procmux$4093_CMP }
  Optimizing cells in module \kernel0_step.
Performed a total of 45 changes.

7.5. Executing OPT_MERGE pass (detect identical cells).
Finding identical cells in module `\kernel0_step'.
<suppressed ~66 debug messages>
Removed a total of 22 cells.

7.6. Executing OPT_RMDFF pass (remove dff with constant values).

7.7. Executing OPT_CLEAN pass (remove unused cells and wires).
Finding unused cells or wires in module \kernel0_step..
Removed 2 unused cells and 1818 unused wires.
<suppressed ~6 debug messages>

7.8. Executing OPT_EXPR pass (perform const folding).
Optimizing module kernel0_step.

7.9. Rerunning OPT passes. (Maybe there is more to do..)

7.10. Executing OPT_MUXTREE pass (detect dead branches in mux trees).
Running muxtree optimizer on module \kernel0_step..
  Creating internal representation of mux trees.
  Evaluating internal representation of mux trees.
  Analyzing evaluation results.
Removed 0 multiplexer ports.
<suppressed ~40 debug messages>

7.11. Executing OPT_REDUCE pass (consolidate $*mux and $reduce_* inputs).
  Optimizing cells in module \kernel0_step.
Performed a total of 0 changes.

7.12. Executing OPT_MERGE pass (detect identical cells).
Finding identical cells in module `\kernel0_step'.
Removed a total of 0 cells.

7.13. Executing OPT_RMDFF pass (remove dff with constant values).

7.14. Executing OPT_CLEAN pass (remove unused cells and wires).
Finding unused cells or wires in module \kernel0_step..

7.15. Executing OPT_EXPR pass (perform const folding).
Optimizing module kernel0_step.

7.16. Finished OPT passes. (There is nothing left to do.)

8. Executing SYNTH pass.

8.1. Executing HIERARCHY pass (managing design hierarchy).

8.1.1. Analyzing design hierarchy..
Top module:  \kernel0_step

8.1.2. Analyzing design hierarchy..
Top module:  \kernel0_step
Removed 0 unused modules.

8.2. Executing PROC pass (convert processes to netlists).

8.2.1. Executing PROC_CLEAN pass (remove empty switches from decision trees).
Cleaned up 0 empty switches.

8.2.2. Executing PROC_RMDEAD pass (remove dead branches from decision trees).
Removed a total of 0 dead cases.

8.2.3. Executing PROC_INIT pass (extract init attributes).

8.2.4. Executing PROC_ARST pass (detect async resets in processes).

8.2.5. Executing PROC_MUX pass (convert decision trees to multiplexers).

8.2.6. Executing PROC_DLATCH pass (convert process syncs to latches).

8.2.7. Executing PROC_DFF pass (convert process syncs to FFs).

8.2.8. Executing PROC_CLEAN pass (remove empty switches from decision trees).
Cleaned up 0 empty switches.

8.3. Executing FLATTEN pass (flatten design).
No more expansions possible.

8.4. Executing OPT_EXPR pass (perform const folding).
Optimizing module kernel0_step.

8.5. Executing OPT_CLEAN pass (remove unused cells and wires).
Finding unused cells or wires in module \kernel0_step..

8.6. Executing CHECK pass (checking for obvious problems).
checking module kernel0_step..
found and reported 0 problems.

8.7. Executing OPT pass (performing simple optimizations).

8.7.1. Executing OPT_EXPR pass (perform const folding).
Optimizing module kernel0_step.

8.7.2. Executing OPT_MERGE pass (detect identical cells).
Finding identical cells in module `\kernel0_step'.
Removed a total of 0 cells.

8.7.3. Executing OPT_MUXTREE pass (detect dead branches in mux trees).
Running muxtree optimizer on module \kernel0_step..
  Creating internal representation of mux trees.
  Evaluating internal representation of mux trees.
  Analyzing evaluation results.
Removed 0 multiplexer ports.
<suppressed ~40 debug messages>

8.7.4. Executing OPT_REDUCE pass (consolidate $*mux and $reduce_* inputs).
  Optimizing cells in module \kernel0_step.
Performed a total of 0 changes.

8.7.5. Executing OPT_MERGE pass (detect identical cells).
Finding identical cells in module `\kernel0_step'.
Removed a total of 0 cells.

8.7.6. Executing OPT_RMDFF pass (remove dff with constant values).

8.7.7. Executing OPT_CLEAN pass (remove unused cells and wires).
Finding unused cells or wires in module \kernel0_step..

8.7.8. Executing OPT_EXPR pass (perform const folding).
Optimizing module kernel0_step.

8.7.9. Finished OPT passes. (There is nothing left to do.)

8.8. Executing WREDUCE pass (reducing word size of cells).
Removed top 1 bits (of 4) from port B of cell kernel0_step.$procmux$1034_CMP2 ($eq).
Removed top 1 bits (of 4) from port B of cell kernel0_step.$procmux$1034_CMP0 ($eq).
Removed top 1 bits (of 4) from port B of cell kernel0_step.$procmux$1030_CMP0 ($eq).
Removed top 28 bits (of 32) from port B of cell kernel0_step.$procmux$1028_CMP0 ($eq).
Removed top 30 bits (of 32) from port B of cell kernel0_step.$procmux$1402_CMP0 ($eq).
Removed top 29 bits (of 32) from port B of cell kernel0_step.$procmux$1360_CMP0 ($eq).
Removed top 28 bits (of 32) from port B of cell kernel0_step.$procmux$1322_CMP0 ($eq).
Removed top 28 bits (of 32) from port B of cell kernel0_step.$procmux$1288_CMP0 ($eq).
Removed top 27 bits (of 32) from port B of cell kernel0_step.$procmux$1258_CMP0 ($eq).
Removed top 30 bits (of 32) from port B of cell kernel0_step.$procmux$1188_CMP0 ($eq).
Removed top 29 bits (of 32) from port B of cell kernel0_step.$procmux$1145_CMP0 ($eq).
Removed top 29 bits (of 32) from port B of cell kernel0_step.$procmux$1104_CMP0 ($eq).
Removed top 1 bits (of 2) from port B of cell kernel0_step.$procmux$763_CMP0 ($eq).
Removed top 28 bits (of 32) from port B of cell kernel0_step.$procmux$1065_CMP0 ($eq).
Removed top 29 bits (of 32) from port B of cell kernel0_step.$lt$/tmp/ases-kernel0-ingress-reduction/docs/research/kernel-0/direct-rtl/kernel0.v:60$387 ($lt).
Removed top 30 bits (of 32) from port A of cell kernel0_step.$mul$/tmp/ases-kernel0-ingress-reduction/docs/research/kernel-0/direct-rtl/kernel0.v:60$388 ($mul).
Removed top 27 bits (of 32) from port Y of cell kernel0_step.$mul$/tmp/ases-kernel0-ingress-reduction/docs/research/kernel-0/direct-rtl/kernel0.v:60$388 ($mul).
Removed top 28 bits (of 32) from port A of cell kernel0_step.$add$/tmp/ases-kernel0-ingress-reduction/docs/research/kernel-0/direct-rtl/kernel0.v:60$389 ($add).
Removed top 27 bits (of 32) from port B of cell kernel0_step.$add$/tmp/ases-kernel0-ingress-reduction/docs/research/kernel-0/direct-rtl/kernel0.v:60$389 ($add).
Removed top 26 bits (of 32) from port Y of cell kernel0_step.$add$/tmp/ases-kernel0-ingress-reduction/docs/research/kernel-0/direct-rtl/kernel0.v:60$389 ($add).
Removed top 25 bits (of 32) from port B of cell kernel0_step.$shiftx$/tmp/ases-kernel0-ingress-reduction/docs/research/kernel-0/direct-rtl/kernel0.v:60$391 ($shiftx).
Removed top 30 bits (of 32) from port B of cell kernel0_step.$lt$/tmp/ases-kernel0-ingress-reduction/docs/research/kernel-0/direct-rtl/kernel0.v:66$408 ($lt).
Removed top 30 bits (of 32) from port B of cell kernel0_step.$lt$/tmp/ases-kernel0-ingress-reduction/docs/research/kernel-0/direct-rtl/kernel0.v:66$410 ($lt).
Removed top 30 bits (of 32) from port B of cell kernel0_step.$lt$/tmp/ases-kernel0-ingress-reduction/docs/research/kernel-0/direct-rtl/kernel0.v:68$416 ($lt).
Removed top 30 bits (of 32) from port B of cell kernel0_step.$lt$/tmp/ases-kernel0-ingress-reduction/docs/research/kernel-0/direct-rtl/kernel0.v:69$424 ($lt).
Removed top 30 bits (of 32) from port B of cell kernel0_step.$lt$/tmp/ases-kernel0-ingress-reduction/docs/research/kernel-0/direct-rtl/kernel0.v:69$426 ($lt).
Removed top 29 bits (of 32) from port B of cell kernel0_step.$lt$/tmp/ases-kernel0-ingress-reduction/docs/research/kernel-0/direct-rtl/kernel0.v:72$447 ($lt).
Removed top 29 bits (of 32) from port A of cell kernel0_step.$not$/tmp/ases-kernel0-ingress-reduction/docs/research/kernel-0/direct-rtl/kernel0.v:47$506 ($not).
Removed top 29 bits (of 32) from port A of cell kernel0_step.$add$/tmp/ases-kernel0-ingress-reduction/docs/research/kernel-0/direct-rtl/kernel0.v:85$517 ($add).
Removed top 28 bits (of 32) from port Y of cell kernel0_step.$add$/tmp/ases-kernel0-ingress-reduction/docs/research/kernel-0/direct-rtl/kernel0.v:85$517 ($add).
Removed top 27 bits (of 32) from port B of cell kernel0_step.$shiftx$/tmp/ases-kernel0-ingress-reduction/docs/research/kernel-0/direct-rtl/kernel0.v:85$518 ($shiftx).
Removed top 29 bits (of 32) from port A of cell kernel0_step.$not$/tmp/ases-kernel0-ingress-reduction/docs/research/kernel-0/direct-rtl/kernel0.v:91$528 ($not).
Removed top 29 bits (of 32) from port A of cell kernel0_step.$add$/tmp/ases-kernel0-ingress-reduction/docs/research/kernel-0/direct-rtl/kernel0.v:100$545 ($add).
Removed top 28 bits (of 32) from port Y of cell kernel0_step.$add$/tmp/ases-kernel0-ingress-reduction/docs/research/kernel-0/direct-rtl/kernel0.v:100$545 ($add).
Removed top 27 bits (of 32) from port B of cell kernel0_step.$shiftx$/tmp/ases-kernel0-ingress-reduction/docs/research/kernel-0/direct-rtl/kernel0.v:100$546 ($shiftx).
Removed top 30 bits (of 32) from port A of cell kernel0_step.$mul$/tmp/ases-kernel0-ingress-reduction/docs/research/kernel-0/direct-rtl/kernel0.v:101$549 ($mul).
Removed top 28 bits (of 32) from port Y of cell kernel0_step.$mul$/tmp/ases-kernel0-ingress-reduction/docs/research/kernel-0/direct-rtl/kernel0.v:101$549 ($mul).
Removed top 28 bits (of 32) from port A of cell kernel0_step.$add$/tmp/ases-kernel0-ingress-reduction/docs/research/kernel-0/direct-rtl/kernel0.v:102$556 ($add).
Removed top 30 bits (of 32) from port A of cell kernel0_step.$mul$/tmp/ases-kernel0-ingress-reduction/docs/research/kernel-0/direct-rtl/kernel0.v:102$555 ($mul).
Removed top 28 bits (of 32) from port Y of cell kernel0_step.$mul$/tmp/ases-kernel0-ingress-reduction/docs/research/kernel-0/direct-rtl/kernel0.v:102$555 ($mul).
Removed top 1 bits (of 3) from port A of cell kernel0_step.$add$/tmp/ases-kernel0-ingress-reduction/docs/research/kernel-0/direct-rtl/kernel0.v:103$558 ($add).
Removed top 2 bits (of 3) from port B of cell kernel0_step.$add$/tmp/ases-kernel0-ingress-reduction/docs/research/kernel-0/direct-rtl/kernel0.v:103$558 ($add).
Removed top 28 bits (of 32) from port A of cell kernel0_step.$add$/tmp/ases-kernel0-ingress-reduction/docs/research/kernel-0/direct-rtl/kernel0.v:107$561 ($add).
Removed top 28 bits (of 32) from port B of cell kernel0_step.$add$/tmp/ases-kernel0-ingress-reduction/docs/research/kernel-0/direct-rtl/kernel0.v:107$561 ($add).
Removed top 27 bits (of 32) from port Y of cell kernel0_step.$add$/tmp/ases-kernel0-ingress-reduction/docs/research/kernel-0/direct-rtl/kernel0.v:107$561 ($add).
Removed top 29 bits (of 32) from port A of cell kernel0_step.$not$/tmp/ases-kernel0-ingress-reduction/docs/research/kernel-0/direct-rtl/kernel0.v:112$570 ($not).
Removed top 1 bits (of 2) from port B of cell kernel0_step.$add$/tmp/ases-kernel0-ingress-reduction/docs/research/kernel-0/direct-rtl/kernel0.v:114$574 ($add).
Removed top 2 bits (of 3) from port A of cell kernel0_step.$shl$/tmp/ases-kernel0-ingress-reduction/docs/research/kernel-0/direct-rtl/kernel0.v:120$575 ($shl).
Removed top 31 bits (of 32) from port A of cell kernel0_step.$add$/tmp/ases-kernel0-ingress-reduction/docs/research/kernel-0/direct-rtl/kernel0.v:128$580 ($add).
Removed top 29 bits (of 32) from port Y of cell kernel0_step.$add$/tmp/ases-kernel0-ingress-reduction/docs/research/kernel-0/direct-rtl/kernel0.v:128$580 ($add).
Removed top 28 bits (of 32) from port B of cell kernel0_step.$shiftx$/tmp/ases-kernel0-ingress-reduction/docs/research/kernel-0/direct-rtl/kernel0.v:129$583 ($shiftx).
Removed top 29 bits (of 32) from port A of cell kernel0_step.$not$/tmp/ases-kernel0-ingress-reduction/docs/research/kernel-0/direct-rtl/kernel0.v:47$697 ($not).
Removed top 29 bits (of 32) from port A of cell kernel0_step.$procmux$1428_CMP0 ($eq).
Removed top 27 bits (of 32) from port B of cell kernel0_step.$procmux$1428_CMP0 ($eq).
Removed top 29 bits (of 32) from port A of cell kernel0_step.$procmux$1460_CMP0 ($eq).
Removed top 28 bits (of 32) from port B of cell kernel0_step.$procmux$1460_CMP0 ($eq).
Removed top 29 bits (of 32) from port A of cell kernel0_step.$procmux$1500_CMP0 ($eq).
Removed top 29 bits (of 32) from port B of cell kernel0_step.$procmux$1500_CMP0 ($eq).
Removed top 29 bits (of 32) from port A of cell kernel0_step.$procmux$1528_CMP0 ($eq).
Removed top 27 bits (of 32) from port B of cell kernel0_step.$procmux$1528_CMP0 ($eq).
Removed top 29 bits (of 32) from port A of cell kernel0_step.$procmux$1572_CMP0 ($eq).
Removed top 31 bits (of 32) from port B of cell kernel0_step.$procmux$1572_CMP0 ($eq).
Removed top 29 bits (of 32) from port A of cell kernel0_step.$procmux$1608_CMP0 ($eq).
Removed top 28 bits (of 32) from port B of cell kernel0_step.$procmux$1608_CMP0 ($eq).
Removed top 29 bits (of 32) from port A of cell kernel0_step.$procmux$1633_CMP0 ($eq).
Removed top 27 bits (of 32) from port B of cell kernel0_step.$procmux$1633_CMP0 ($eq).
Removed top 29 bits (of 32) from port A of cell kernel0_step.$procmux$1661_CMP0 ($eq).
Removed top 27 bits (of 32) from port B of cell kernel0_step.$procmux$1661_CMP0 ($eq).
Removed top 29 bits (of 32) from port A of cell kernel0_step.$procmux$1691_CMP0 ($eq).
Removed top 27 bits (of 32) from port B of cell kernel0_step.$procmux$1691_CMP0 ($eq).
Removed top 29 bits (of 32) from port A of cell kernel0_step.$procmux$1723_CMP0 ($eq).
Removed top 28 bits (of 32) from port B of cell kernel0_step.$procmux$1723_CMP0 ($eq).
Removed top 29 bits (of 32) from port A of cell kernel0_step.$procmux$1757_CMP0 ($eq).
Removed top 28 bits (of 32) from port B of cell kernel0_step.$procmux$1757_CMP0 ($eq).
Removed cell kernel0_step.$procmux$2485 ($mux).
Removed cell kernel0_step.$procmux$2487 ($mux).
Removed cell kernel0_step.$procmux$2490 ($mux).
Removed cell kernel0_step.$procmux$2492 ($mux).
Removed top 2 bits (of 4) from port B of cell kernel0_step.$procmux$2499_CMP0 ($eq).
Removed top 2 bits (of 4) from port B of cell kernel0_step.$procmux$2500_CMP0 ($eq).
Removed top 3 bits (of 4) from port B of cell kernel0_step.$procmux$2501_CMP0 ($eq).
Removed top 1 bits (of 4) from port B of cell kernel0_step.$procmux$2517_CMP0 ($eq).
Removed top 28 bits (of 32) from port A of cell kernel0_step.$procmux$2637_CMP0 ($eq).
Removed top 27 bits (of 32) from port B of cell kernel0_step.$procmux$2637_CMP0 ($eq).
Removed top 28 bits (of 32) from port A of cell kernel0_step.$procmux$2662_CMP0 ($eq).
Removed top 27 bits (of 32) from port B of cell kernel0_step.$procmux$2662_CMP0 ($eq).
Removed top 28 bits (of 32) from port A of cell kernel0_step.$procmux$2689_CMP0 ($eq).
Removed top 28 bits (of 32) from port B of cell kernel0_step.$procmux$2689_CMP0 ($eq).
Removed top 28 bits (of 32) from port A of cell kernel0_step.$procmux$2718_CMP0 ($eq).
Removed top 28 bits (of 32) from port B of cell kernel0_step.$procmux$2718_CMP0 ($eq).
Removed top 28 bits (of 32) from port A of cell kernel0_step.$procmux$2749_CMP0 ($eq).
Removed top 28 bits (of 32) from port B of cell kernel0_step.$procmux$2749_CMP0 ($eq).
Removed top 28 bits (of 32) from port A of cell kernel0_step.$procmux$2782_CMP0 ($eq).
Removed top 28 bits (of 32) from port B of cell kernel0_step.$procmux$2782_CMP0 ($eq).
Removed top 28 bits (of 32) from port A of cell kernel0_step.$procmux$2817_CMP0 ($eq).
Removed top 29 bits (of 32) from port B of cell kernel0_step.$procmux$2817_CMP0 ($eq).
Removed top 28 bits (of 32) from port A of cell kernel0_step.$procmux$2854_CMP0 ($eq).
Removed top 29 bits (of 32) from port B of cell kernel0_step.$procmux$2854_CMP0 ($eq).
Removed top 28 bits (of 32) from port A of cell kernel0_step.$procmux$2893_CMP0 ($eq).
Removed top 30 bits (of 32) from port B of cell kernel0_step.$procmux$2893_CMP0 ($eq).
Removed top 28 bits (of 32) from port A of cell kernel0_step.$procmux$2955_CMP0 ($eq).
Removed top 27 bits (of 32) from port B of cell kernel0_step.$procmux$2955_CMP0 ($eq).
Removed top 28 bits (of 32) from port A of cell kernel0_step.$procmux$2981_CMP0 ($eq).
Removed top 28 bits (of 32) from port B of cell kernel0_step.$procmux$2981_CMP0 ($eq).
Removed top 28 bits (of 32) from port A of cell kernel0_step.$procmux$3011_CMP0 ($eq).
Removed top 28 bits (of 32) from port B of cell kernel0_step.$procmux$3011_CMP0 ($eq).
Removed top 28 bits (of 32) from port A of cell kernel0_step.$procmux$3045_CMP0 ($eq).
Removed top 29 bits (of 32) from port B of cell kernel0_step.$procmux$3045_CMP0 ($eq).
Removed top 28 bits (of 32) from port A of cell kernel0_step.$procmux$3083_CMP0 ($eq).
Removed top 30 bits (of 32) from port B of cell kernel0_step.$procmux$3083_CMP0 ($eq).
Removed top 28 bits (of 32) from port A of cell kernel0_step.$procmux$3105_CMP0 ($eq).
Removed top 27 bits (of 32) from port B of cell kernel0_step.$procmux$3105_CMP0 ($eq).
Removed top 28 bits (of 32) from port A of cell kernel0_step.$procmux$3133_CMP0 ($eq).
Removed top 28 bits (of 32) from port B of cell kernel0_step.$procmux$3133_CMP0 ($eq).
Removed top 28 bits (of 32) from port A of cell kernel0_step.$procmux$3169_CMP0 ($eq).
Removed top 29 bits (of 32) from port B of cell kernel0_step.$procmux$3169_CMP0 ($eq).
Removed top 28 bits (of 32) from port A of cell kernel0_step.$procmux$3193_CMP0 ($eq).
Removed top 27 bits (of 32) from port B of cell kernel0_step.$procmux$3193_CMP0 ($eq).
Removed top 28 bits (of 32) from port A of cell kernel0_step.$procmux$3233_CMP0 ($eq).
Removed top 31 bits (of 32) from port B of cell kernel0_step.$procmux$3233_CMP0 ($eq).
Removed top 28 bits (of 32) from port A of cell kernel0_step.$procmux$3265_CMP0 ($eq).
Removed top 28 bits (of 32) from port B of cell kernel0_step.$procmux$3265_CMP0 ($eq).
Removed top 27 bits (of 32) from port A of cell kernel0_step.$procmux$3285_CMP0 ($eq).
Removed top 27 bits (of 32) from port B of cell kernel0_step.$procmux$3285_CMP0 ($eq).
Removed top 27 bits (of 32) from port A of cell kernel0_step.$procmux$3307_CMP0 ($eq).
Removed top 27 bits (of 32) from port B of cell kernel0_step.$procmux$3307_CMP0 ($eq).
Removed top 27 bits (of 32) from port A of cell kernel0_step.$procmux$3308_CMP0 ($eq).
Removed top 27 bits (of 32) from port B of cell kernel0_step.$procmux$3308_CMP0 ($eq).
Removed top 27 bits (of 32) from port A of cell kernel0_step.$procmux$3309_CMP0 ($eq).
Removed top 28 bits (of 32) from port B of cell kernel0_step.$procmux$3309_CMP0 ($eq).
Removed top 27 bits (of 32) from port A of cell kernel0_step.$procmux$3330_CMP0 ($eq).
Removed top 27 bits (of 32) from port B of cell kernel0_step.$procmux$3330_CMP0 ($eq).
Removed top 27 bits (of 32) from port A of cell kernel0_step.$procmux$3356_CMP0 ($eq).
Removed top 28 bits (of 32) from port B of cell kernel0_step.$procmux$3356_CMP0 ($eq).
Removed top 27 bits (of 32) from port A of cell kernel0_step.$procmux$3357_CMP0 ($eq).
Removed top 28 bits (of 32) from port B of cell kernel0_step.$procmux$3357_CMP0 ($eq).
Removed top 27 bits (of 32) from port A of cell kernel0_step.$procmux$3384_CMP0 ($eq).
Removed top 28 bits (of 32) from port B of cell kernel0_step.$procmux$3384_CMP0 ($eq).
Removed top 27 bits (of 32) from port A of cell kernel0_step.$procmux$3385_CMP0 ($eq).
Removed top 28 bits (of 32) from port B of cell kernel0_step.$procmux$3385_CMP0 ($eq).
Removed top 27 bits (of 32) from port A of cell kernel0_step.$procmux$3414_CMP0 ($eq).
Removed top 28 bits (of 32) from port B of cell kernel0_step.$procmux$3414_CMP0 ($eq).
Removed top 27 bits (of 32) from port A of cell kernel0_step.$procmux$3415_CMP0 ($eq).
Removed top 28 bits (of 32) from port B of cell kernel0_step.$procmux$3415_CMP0 ($eq).
Removed top 27 bits (of 32) from port A of cell kernel0_step.$procmux$3446_CMP0 ($eq).
Removed top 28 bits (of 32) from port B of cell kernel0_step.$procmux$3446_CMP0 ($eq).
Removed top 27 bits (of 32) from port A of cell kernel0_step.$procmux$3447_CMP0 ($eq).
Removed top 29 bits (of 32) from port B of cell kernel0_step.$procmux$3447_CMP0 ($eq).
Removed top 27 bits (of 32) from port A of cell kernel0_step.$procmux$3480_CMP0 ($eq).
Removed top 29 bits (of 32) from port B of cell kernel0_step.$procmux$3480_CMP0 ($eq).
Removed top 27 bits (of 32) from port A of cell kernel0_step.$procmux$3481_CMP0 ($eq).
Removed top 29 bits (of 32) from port B of cell kernel0_step.$procmux$3481_CMP0 ($eq).
Removed top 27 bits (of 32) from port A of cell kernel0_step.$procmux$3516_CMP0 ($eq).
Removed top 29 bits (of 32) from port B of cell kernel0_step.$procmux$3516_CMP0 ($eq).
Removed top 27 bits (of 32) from port A of cell kernel0_step.$procmux$3517_CMP0 ($eq).
Removed top 30 bits (of 32) from port B of cell kernel0_step.$procmux$3517_CMP0 ($eq).
Removed top 27 bits (of 32) from port A of cell kernel0_step.$procmux$3554_CMP0 ($eq).
Removed top 30 bits (of 32) from port B of cell kernel0_step.$procmux$3554_CMP0 ($eq).
Removed top 27 bits (of 32) from port A of cell kernel0_step.$procmux$3555_CMP0 ($eq).
Removed top 31 bits (of 32) from port B of cell kernel0_step.$procmux$3555_CMP0 ($eq).
Removed top 27 bits (of 32) from port B of cell kernel0_step.$procmux$3993_CMP0 ($eq).
Removed top 27 bits (of 32) from port B of cell kernel0_step.$procmux$4015_CMP0 ($eq).
Removed top 27 bits (of 32) from port B of cell kernel0_step.$procmux$4016_CMP0 ($eq).
Removed top 28 bits (of 32) from port B of cell kernel0_step.$procmux$4017_CMP0 ($eq).
Removed top 27 bits (of 32) from port B of cell kernel0_step.$procmux$4038_CMP0 ($eq).
Removed top 28 bits (of 32) from port B of cell kernel0_step.$procmux$4064_CMP0 ($eq).
Removed top 28 bits (of 32) from port B of cell kernel0_step.$procmux$4065_CMP0 ($eq).
Removed top 28 bits (of 32) from port B of cell kernel0_step.$procmux$4092_CMP0 ($eq).
Removed top 28 bits (of 32) from port B of cell kernel0_step.$procmux$4093_CMP0 ($eq).
Removed top 28 bits (of 32) from port B of cell kernel0_step.$procmux$4122_CMP0 ($eq).
Removed top 28 bits (of 32) from port B of cell kernel0_step.$procmux$4123_CMP0 ($eq).
Removed top 28 bits (of 32) from port B of cell kernel0_step.$procmux$4154_CMP0 ($eq).
Removed top 29 bits (of 32) from port B of cell kernel0_step.$procmux$4155_CMP0 ($eq).
Removed top 29 bits (of 32) from port B of cell kernel0_step.$procmux$4188_CMP0 ($eq).
Removed top 29 bits (of 32) from port B of cell kernel0_step.$procmux$4189_CMP0 ($eq).
Removed top 29 bits (of 32) from port B of cell kernel0_step.$procmux$4224_CMP0 ($eq).
Removed top 30 bits (of 32) from port B of cell kernel0_step.$procmux$4225_CMP0 ($eq).
Removed top 30 bits (of 32) from port B of cell kernel0_step.$procmux$4262_CMP0 ($eq).
Removed top 31 bits (of 32) from port B of cell kernel0_step.$procmux$4263_CMP0 ($eq).
Removed top 28 bits (of 32) from port A of cell kernel0_step.$procmux$5547_CMP0 ($eq).
Removed top 27 bits (of 32) from port B of cell kernel0_step.$procmux$5547_CMP0 ($eq).
Removed top 28 bits (of 32) from port A of cell kernel0_step.$procmux$5572_CMP0 ($eq).
Removed top 27 bits (of 32) from port B of cell kernel0_step.$procmux$5572_CMP0 ($eq).
Removed top 28 bits (of 32) from port A of cell kernel0_step.$procmux$5599_CMP0 ($eq).
Removed top 27 bits (of 32) from port B of cell kernel0_step.$procmux$5599_CMP0 ($eq).
Removed top 28 bits (of 32) from port A of cell kernel0_step.$procmux$5628_CMP0 ($eq).
Removed top 28 bits (of 32) from port B of cell kernel0_step.$procmux$5628_CMP0 ($eq).
Removed top 28 bits (of 32) from port A of cell kernel0_step.$procmux$5659_CMP0 ($eq).
Removed top 28 bits (of 32) from port B of cell kernel0_step.$procmux$5659_CMP0 ($eq).
Removed top 28 bits (of 32) from port A of cell kernel0_step.$procmux$5692_CMP0 ($eq).
Removed top 28 bits (of 32) from port B of cell kernel0_step.$procmux$5692_CMP0 ($eq).
Removed top 28 bits (of 32) from port A of cell kernel0_step.$procmux$5727_CMP0 ($eq).
Removed top 28 bits (of 32) from port B of cell kernel0_step.$procmux$5727_CMP0 ($eq).
Removed top 28 bits (of 32) from port A of cell kernel0_step.$procmux$5764_CMP0 ($eq).
Removed top 29 bits (of 32) from port B of cell kernel0_step.$procmux$5764_CMP0 ($eq).
Removed top 28 bits (of 32) from port A of cell kernel0_step.$procmux$5803_CMP0 ($eq).
Removed top 29 bits (of 32) from port B of cell kernel0_step.$procmux$5803_CMP0 ($eq).
Removed top 28 bits (of 32) from port A of cell kernel0_step.$procmux$5844_CMP0 ($eq).
Removed top 30 bits (of 32) from port B of cell kernel0_step.$procmux$5844_CMP0 ($eq).
Removed top 28 bits (of 32) from port A of cell kernel0_step.$procmux$5910_CMP0 ($eq).
Removed top 27 bits (of 32) from port B of cell kernel0_step.$procmux$5910_CMP0 ($eq).
Removed top 28 bits (of 32) from port A of cell kernel0_step.$procmux$5938_CMP0 ($eq).
Removed top 28 bits (of 32) from port B of cell kernel0_step.$procmux$5938_CMP0 ($eq).
Removed top 28 bits (of 32) from port A of cell kernel0_step.$procmux$5970_CMP0 ($eq).
Removed top 28 bits (of 32) from port B of cell kernel0_step.$procmux$5970_CMP0 ($eq).
Removed top 28 bits (of 32) from port A of cell kernel0_step.$procmux$6006_CMP0 ($eq).
Removed top 29 bits (of 32) from port B of cell kernel0_step.$procmux$6006_CMP0 ($eq).
Removed top 28 bits (of 32) from port A of cell kernel0_step.$procmux$6046_CMP0 ($eq).
Removed top 30 bits (of 32) from port B of cell kernel0_step.$procmux$6046_CMP0 ($eq).
Removed top 28 bits (of 32) from port A of cell kernel0_step.$procmux$6070_CMP0 ($eq).
Removed top 27 bits (of 32) from port B of cell kernel0_step.$procmux$6070_CMP0 ($eq).
Removed top 28 bits (of 32) from port A of cell kernel0_step.$procmux$6100_CMP0 ($eq).
Removed top 28 bits (of 32) from port B of cell kernel0_step.$procmux$6100_CMP0 ($eq).
Removed top 28 bits (of 32) from port A of cell kernel0_step.$procmux$6138_CMP0 ($eq).
Removed top 29 bits (of 32) from port B of cell kernel0_step.$procmux$6138_CMP0 ($eq).
Removed top 28 bits (of 32) from port A of cell kernel0_step.$procmux$6164_CMP0 ($eq).
Removed top 27 bits (of 32) from port B of cell kernel0_step.$procmux$6164_CMP0 ($eq).
Removed top 28 bits (of 32) from port A of cell kernel0_step.$procmux$6206_CMP0 ($eq).
Removed top 31 bits (of 32) from port B of cell kernel0_step.$procmux$6206_CMP0 ($eq).
Removed top 28 bits (of 32) from port A of cell kernel0_step.$procmux$6240_CMP0 ($eq).
Removed top 28 bits (of 32) from port B of cell kernel0_step.$procmux$6240_CMP0 ($eq).
Removed top 28 bits (of 32) from port A of cell kernel0_step.$procmux$7048_CMP0 ($eq).
Removed top 27 bits (of 32) from port B of cell kernel0_step.$procmux$7048_CMP0 ($eq).
Removed top 1 bits (of 2) from port B of cell kernel0_step.$procmux$7229_CMP0 ($eq).
Removed top 28 bits (of 32) from wire kernel0_step.$add$/tmp/ases-kernel0-ingress-reduction/docs/research/kernel-0/direct-rtl/kernel0.v:100$545_Y.
Removed top 27 bits (of 32) from wire kernel0_step.$add$/tmp/ases-kernel0-ingress-reduction/docs/research/kernel-0/direct-rtl/kernel0.v:101$550_Y.
Removed top 29 bits (of 32) from wire kernel0_step.$add$/tmp/ases-kernel0-ingress-reduction/docs/research/kernel-0/direct-rtl/kernel0.v:128$580_Y.
Removed top 26 bits (of 32) from wire kernel0_step.$add$/tmp/ases-kernel0-ingress-reduction/docs/research/kernel-0/direct-rtl/kernel0.v:60$389_Y.
Removed top 28 bits (of 32) from wire kernel0_step.$add$/tmp/ases-kernel0-ingress-reduction/docs/research/kernel-0/direct-rtl/kernel0.v:85$517_Y.
Removed top 28 bits (of 32) from wire kernel0_step.$mul$/tmp/ases-kernel0-ingress-reduction/docs/research/kernel-0/direct-rtl/kernel0.v:101$549_Y.
Removed top 28 bits (of 32) from wire kernel0_step.$mul$/tmp/ases-kernel0-ingress-reduction/docs/research/kernel-0/direct-rtl/kernel0.v:102$555_Y.
Removed top 28 bits (of 32) from wire kernel0_step.$mul$/tmp/ases-kernel0-ingress-reduction/docs/research/kernel-0/direct-rtl/kernel0.v:60$388_Y.

8.9. Executing PEEPOPT pass (run peephole optimizers).

8.10. Executing OPT_CLEAN pass (remove unused cells and wires).
Finding unused cells or wires in module \kernel0_step..
Removed 0 unused cells and 12 unused wires.
<suppressed ~1 debug messages>

8.11. Executing TECHMAP pass (map to technology primitives).

8.11.1. Executing Verilog-2005 frontend: /tmp/kernel0-rtl-tools/root/usr/bin/../share/yosys/cmp2lut.v
Parsing Verilog input from `/tmp/kernel0-rtl-tools/root/usr/bin/../share/yosys/cmp2lut.v' to AST representation.
Generating RTLIL representation for module `\_90_lut_cmp_'.
Successfully finished Verilog frontend.

8.11.2. Continuing TECHMAP pass.
No more expansions possible.
<suppressed ~1476 debug messages>

8.12. Executing ALUMACC pass (create $alu and $macc cells).
Extracting $alu and $macc cells in module kernel0_step:
  creating $macc model for $add$/tmp/ases-kernel0-ingress-reduction/docs/research/kernel-0/direct-rtl/kernel0.v:100$545 ($add).
  creating $macc model for $add$/tmp/ases-kernel0-ingress-reduction/docs/research/kernel-0/direct-rtl/kernel0.v:102$556 ($add).
  creating $macc model for $add$/tmp/ases-kernel0-ingress-reduction/docs/research/kernel-0/direct-rtl/kernel0.v:103$558 ($add).
  creating $macc model for $add$/tmp/ases-kernel0-ingress-reduction/docs/research/kernel-0/direct-rtl/kernel0.v:107$561 ($add).
  creating $macc model for $add$/tmp/ases-kernel0-ingress-reduction/docs/research/kernel-0/direct-rtl/kernel0.v:114$574 ($add).
  creating $macc model for $add$/tmp/ases-kernel0-ingress-reduction/docs/research/kernel-0/direct-rtl/kernel0.v:128$580 ($add).
  creating $macc model for $add$/tmp/ases-kernel0-ingress-reduction/docs/research/kernel-0/direct-rtl/kernel0.v:60$389 ($add).
  creating $macc model for $add$/tmp/ases-kernel0-ingress-reduction/docs/research/kernel-0/direct-rtl/kernel0.v:85$517 ($add).
  creating $macc model for $mul$/tmp/ases-kernel0-ingress-reduction/docs/research/kernel-0/direct-rtl/kernel0.v:101$549 ($mul).
  creating $macc model for $mul$/tmp/ases-kernel0-ingress-reduction/docs/research/kernel-0/direct-rtl/kernel0.v:102$555 ($mul).
  creating $macc model for $mul$/tmp/ases-kernel0-ingress-reduction/docs/research/kernel-0/direct-rtl/kernel0.v:60$388 ($mul).
  merging $macc model for $mul$/tmp/ases-kernel0-ingress-reduction/docs/research/kernel-0/direct-rtl/kernel0.v:60$388 into $add$/tmp/ases-kernel0-ingress-reduction/docs/research/kernel-0/direct-rtl/kernel0.v:60$389.
  merging $macc model for $mul$/tmp/ases-kernel0-ingress-reduction/docs/research/kernel-0/direct-rtl/kernel0.v:101$549 into $add$/tmp/ases-kernel0-ingress-reduction/docs/research/kernel-0/direct-rtl/kernel0.v:107$561.
  creating $alu model for $macc $add$/tmp/ases-kernel0-ingress-reduction/docs/research/kernel-0/direct-rtl/kernel0.v:85$517.
  creating $alu model for $macc $add$/tmp/ases-kernel0-ingress-reduction/docs/research/kernel-0/direct-rtl/kernel0.v:128$580.
  creating $alu model for $macc $add$/tmp/ases-kernel0-ingress-reduction/docs/research/kernel-0/direct-rtl/kernel0.v:114$574.
  creating $alu model for $macc $add$/tmp/ases-kernel0-ingress-reduction/docs/research/kernel-0/direct-rtl/kernel0.v:103$558.
  creating $alu model for $macc $add$/tmp/ases-kernel0-ingress-reduction/docs/research/kernel-0/direct-rtl/kernel0.v:102$556.
  creating $alu model for $macc $add$/tmp/ases-kernel0-ingress-reduction/docs/research/kernel-0/direct-rtl/kernel0.v:100$545.
  creating $macc cell for $add$/tmp/ases-kernel0-ingress-reduction/docs/research/kernel-0/direct-rtl/kernel0.v:60$389: $auto$alumacc.cc:354:replace_macc$7295
  creating $macc cell for $add$/tmp/ases-kernel0-ingress-reduction/docs/research/kernel-0/direct-rtl/kernel0.v:107$561: $auto$alumacc.cc:354:replace_macc$7296
  creating $macc cell for $mul$/tmp/ases-kernel0-ingress-reduction/docs/research/kernel-0/direct-rtl/kernel0.v:102$555: $auto$alumacc.cc:354:replace_macc$7297
  creating $alu model for $lt$/tmp/ases-kernel0-ingress-reduction/docs/research/kernel-0/direct-rtl/kernel0.v:60$387 ($lt): new $alu
  creating $alu model for $lt$/tmp/ases-kernel0-ingress-reduction/docs/research/kernel-0/direct-rtl/kernel0.v:66$408 ($lt): new $alu
  creating $alu model for $lt$/tmp/ases-kernel0-ingress-reduction/docs/research/kernel-0/direct-rtl/kernel0.v:66$410 ($lt): new $alu
  creating $alu model for $lt$/tmp/ases-kernel0-ingress-reduction/docs/research/kernel-0/direct-rtl/kernel0.v:68$416 ($lt): new $alu
  creating $alu model for $lt$/tmp/ases-kernel0-ingress-reduction/docs/research/kernel-0/direct-rtl/kernel0.v:69$424 ($lt): new $alu
  creating $alu model for $lt$/tmp/ases-kernel0-ingress-reduction/docs/research/kernel-0/direct-rtl/kernel0.v:69$426 ($lt): new $alu
  creating $alu model for $lt$/tmp/ases-kernel0-ingress-reduction/docs/research/kernel-0/direct-rtl/kernel0.v:72$447 ($lt): new $alu
  creating $alu model for $eq$/tmp/ases-kernel0-ingress-reduction/docs/research/kernel-0/direct-rtl/kernel0.v:63$392 ($eq): merged with $lt$/tmp/ases-kernel0-ingress-reduction/docs/research/kernel-0/direct-rtl/kernel0.v:60$387.
  creating $alu model for $eq$/tmp/ases-kernel0-ingress-reduction/docs/research/kernel-0/direct-rtl/kernel0.v:68$417 ($eq): merged with $lt$/tmp/ases-kernel0-ingress-reduction/docs/research/kernel-0/direct-rtl/kernel0.v:66$408.
  creating $alu cell for $lt$/tmp/ases-kernel0-ingress-reduction/docs/research/kernel-0/direct-rtl/kernel0.v:72$447: $auto$alumacc.cc:474:replace_alu$7305
  creating $alu cell for $lt$/tmp/ases-kernel0-ingress-reduction/docs/research/kernel-0/direct-rtl/kernel0.v:69$426: $auto$alumacc.cc:474:replace_alu$7310
  creating $alu cell for $lt$/tmp/ases-kernel0-ingress-reduction/docs/research/kernel-0/direct-rtl/kernel0.v:69$424: $auto$alumacc.cc:474:replace_alu$7321
  creating $alu cell for $lt$/tmp/ases-kernel0-ingress-reduction/docs/research/kernel-0/direct-rtl/kernel0.v:68$416: $auto$alumacc.cc:474:replace_alu$7332
  creating $alu cell for $lt$/tmp/ases-kernel0-ingress-reduction/docs/research/kernel-0/direct-rtl/kernel0.v:66$410: $auto$alumacc.cc:474:replace_alu$7343
  creating $alu cell for $lt$/tmp/ases-kernel0-ingress-reduction/docs/research/kernel-0/direct-rtl/kernel0.v:66$408, $eq$/tmp/ases-kernel0-ingress-reduction/docs/research/kernel-0/direct-rtl/kernel0.v:68$417: $auto$alumacc.cc:474:replace_alu$7354
  creating $alu cell for $lt$/tmp/ases-kernel0-ingress-reduction/docs/research/kernel-0/direct-rtl/kernel0.v:60$387, $eq$/tmp/ases-kernel0-ingress-reduction/docs/research/kernel-0/direct-rtl/kernel0.v:63$392: $auto$alumacc.cc:474:replace_alu$7365
  creating $alu cell for $add$/tmp/ases-kernel0-ingress-reduction/docs/research/kernel-0/direct-rtl/kernel0.v:100$545: $auto$alumacc.cc:474:replace_alu$7372
  creating $alu cell for $add$/tmp/ases-kernel0-ingress-reduction/docs/research/kernel-0/direct-rtl/kernel0.v:102$556: $auto$alumacc.cc:474:replace_alu$7375
  creating $alu cell for $add$/tmp/ases-kernel0-ingress-reduction/docs/research/kernel-0/direct-rtl/kernel0.v:114$574: $auto$alumacc.cc:474:replace_alu$7378
  creating $alu cell for $add$/tmp/ases-kernel0-ingress-reduction/docs/research/kernel-0/direct-rtl/kernel0.v:103$558: $auto$alumacc.cc:474:replace_alu$7381
  creating $alu cell for $add$/tmp/ases-kernel0-ingress-reduction/docs/research/kernel-0/direct-rtl/kernel0.v:128$580: $auto$alumacc.cc:474:replace_alu$7384
  creating $alu cell for $add$/tmp/ases-kernel0-ingress-reduction/docs/research/kernel-0/direct-rtl/kernel0.v:85$517: $auto$alumacc.cc:474:replace_alu$7387
  created 13 $alu and 3 $macc cells.

8.13. Executing SHARE pass (SAT-based resource sharing).
Found 2 cells in module kernel0_step that may be considered for resource sharing.
  Analyzing resource sharing options for $mul$/tmp/ases-kernel0-ingress-reduction/docs/research/kernel-0/direct-rtl/kernel0.v:60$388 ($mul):
    Found cell that is never activated: $mul$/tmp/ases-kernel0-ingress-reduction/docs/research/kernel-0/direct-rtl/kernel0.v:60$388
    Cell is never active. Sharing is pointless, we simply remove it.
  Analyzing resource sharing options for $mul$/tmp/ases-kernel0-ingress-reduction/docs/research/kernel-0/direct-rtl/kernel0.v:101$549 ($mul):
    Found cell that is never activated: $mul$/tmp/ases-kernel0-ingress-reduction/docs/research/kernel-0/direct-rtl/kernel0.v:101$549
    Cell is never active. Sharing is pointless, we simply remove it.
Removing 2 cells in module kernel0_step:
  Removing cell $mul$/tmp/ases-kernel0-ingress-reduction/docs/research/kernel-0/direct-rtl/kernel0.v:101$549 ($mul).
  Removing cell $mul$/tmp/ases-kernel0-ingress-reduction/docs/research/kernel-0/direct-rtl/kernel0.v:60$388 ($mul).

8.14. Executing OPT pass (performing simple optimizations).

8.14.1. Executing OPT_EXPR pass (perform const folding).
Optimizing module kernel0_step.
<suppressed ~67 debug messages>

8.14.2. Executing OPT_MERGE pass (detect identical cells).
Finding identical cells in module `\kernel0_step'.
<suppressed ~5 debug messages>
Removed a total of 1 cells.

8.14.3. Executing OPT_MUXTREE pass (detect dead branches in mux trees).
Running muxtree optimizer on module \kernel0_step..
  Creating internal representation of mux trees.
  Evaluating internal representation of mux trees.
  Analyzing evaluation results.
Removed 0 multiplexer ports.
<suppressed ~40 debug messages>

8.14.4. Executing OPT_REDUCE pass (consolidate $*mux and $reduce_* inputs).
  Optimizing cells in module \kernel0_step.
    New input vector for $reduce_and cell $auto$alumacc.cc:64:get_eq$7346: { $auto$alumacc.cc:490:replace_alu$7344 [0] $auto$alumacc.cc:490:replace_alu$7344 [1] }
    New input vector for $reduce_and cell $auto$alumacc.cc:64:get_eq$7335: { $auto$alumacc.cc:490:replace_alu$7333 [0] $auto$alumacc.cc:490:replace_alu$7333 [1] $auto$alumacc.cc:490:replace_alu$7333 [2] }
    New input vector for $reduce_and cell $auto$alumacc.cc:64:get_eq$7324: { $auto$alumacc.cc:490:replace_alu$7322 [0] $auto$alumacc.cc:490:replace_alu$7322 [1] }
    New input vector for $reduce_and cell $auto$alumacc.cc:64:get_eq$7313: { $auto$alumacc.cc:490:replace_alu$7311 [0] $auto$alumacc.cc:490:replace_alu$7311 [1] $auto$alumacc.cc:490:replace_alu$7311 [2] }
    New input vector for $reduce_and cell $auto$alumacc.cc:64:get_eq$7357: { $auto$alumacc.cc:490:replace_alu$7355 [0] $auto$alumacc.cc:490:replace_alu$7355 [1] }
    New input vector for $reduce_and cell $auto$alumacc.cc:64:get_eq$7370: { $auto$alumacc.cc:490:replace_alu$7366 [0] $auto$alumacc.cc:490:replace_alu$7366 [1] $auto$alumacc.cc:490:replace_alu$7366 [2] }
  Optimizing cells in module \kernel0_step.
Performed a total of 6 changes.

8.14.5. Executing OPT_MERGE pass (detect identical cells).
Finding identical cells in module `\kernel0_step'.
Removed a total of 0 cells.

8.14.6. Executing OPT_RMDFF pass (remove dff with constant values).

8.14.7. Executing OPT_CLEAN pass (remove unused cells and wires).
Finding unused cells or wires in module \kernel0_step..
Removed 0 unused cells and 40 unused wires.
<suppressed ~1 debug messages>

8.14.8. Executing OPT_EXPR pass (perform const folding).
Optimizing module kernel0_step.

8.14.9. Rerunning OPT passes. (Maybe there is more to do..)

8.14.10. Executing OPT_MUXTREE pass (detect dead branches in mux trees).
Running muxtree optimizer on module \kernel0_step..
  Creating internal representation of mux trees.
  Evaluating internal representation of mux trees.
  Analyzing evaluation results.
Removed 0 multiplexer ports.
<suppressed ~40 debug messages>

8.14.11. Executing OPT_REDUCE pass (consolidate $*mux and $reduce_* inputs).
  Optimizing cells in module \kernel0_step.
Performed a total of 0 changes.

8.14.12. Executing OPT_MERGE pass (detect identical cells).
Finding identical cells in module `\kernel0_step'.
Removed a total of 0 cells.

8.14.13. Executing OPT_RMDFF pass (remove dff with constant values).

8.14.14. Executing OPT_CLEAN pass (remove unused cells and wires).
Finding unused cells or wires in module \kernel0_step..

8.14.15. Executing OPT_EXPR pass (perform const folding).
Optimizing module kernel0_step.

8.14.16. Finished OPT passes. (There is nothing left to do.)

8.15. Executing FSM pass (extract and optimize FSM).

8.15.1. Executing FSM_DETECT pass (finding FSMs in design).

8.15.2. Executing FSM_EXTRACT pass (extracting FSM from design).

8.15.3. Executing FSM_OPT pass (simple optimizations of FSMs).

8.15.4. Executing OPT_CLEAN pass (remove unused cells and wires).
Finding unused cells or wires in module \kernel0_step..

8.15.5. Executing FSM_OPT pass (simple optimizations of FSMs).

8.15.6. Executing FSM_RECODE pass (re-assigning FSM state encoding).

8.15.7. Executing FSM_INFO pass (dumping all available information on FSM cells).

8.15.8. Executing FSM_MAP pass (mapping FSMs to basic logic).

8.16. Executing OPT pass (performing simple optimizations).

8.16.1. Executing OPT_EXPR pass (perform const folding).
Optimizing module kernel0_step.

8.16.2. Executing OPT_MERGE pass (detect identical cells).
Finding identical cells in module `\kernel0_step'.
Removed a total of 0 cells.

8.16.3. Executing OPT_RMDFF pass (remove dff with constant values).

8.16.4. Executing OPT_CLEAN pass (remove unused cells and wires).
Finding unused cells or wires in module \kernel0_step..

8.16.5. Finished fast OPT passes.

8.17. Executing MEMORY pass.

8.17.1. Executing MEMORY_DFF pass (merging $dff cells to $memrd and $memwr).

8.17.2. Executing OPT_CLEAN pass (remove unused cells and wires).
Finding unused cells or wires in module \kernel0_step..

8.17.3. Executing MEMORY_SHARE pass (consolidating $memrd/$memwr cells).

8.17.4. Executing OPT_CLEAN pass (remove unused cells and wires).
Finding unused cells or wires in module \kernel0_step..

8.17.5. Executing MEMORY_COLLECT pass (generating $mem cells).

8.18. Executing OPT_CLEAN pass (remove unused cells and wires).
Finding unused cells or wires in module \kernel0_step..

8.19. Executing OPT pass (performing simple optimizations).

8.19.1. Executing OPT_EXPR pass (perform const folding).
Optimizing module kernel0_step.
<suppressed ~136 debug messages>

8.19.2. Executing OPT_MERGE pass (detect identical cells).
Finding identical cells in module `\kernel0_step'.
Removed a total of 0 cells.

8.19.3. Executing OPT_RMDFF pass (remove dff with constant values).

8.19.4. Executing OPT_CLEAN pass (remove unused cells and wires).
Finding unused cells or wires in module \kernel0_step..
Removed 4 unused cells and 38 unused wires.
<suppressed ~5 debug messages>

8.19.5. Finished fast OPT passes.

8.20. Executing MEMORY_MAP pass (converting $mem cells to logic and flip-flops).

8.21. Executing OPT pass (performing simple optimizations).

8.21.1. Executing OPT_EXPR pass (perform const folding).
Optimizing module kernel0_step.
<suppressed ~2 debug messages>

8.21.2. Executing OPT_MERGE pass (detect identical cells).
Finding identical cells in module `\kernel0_step'.
Removed a total of 0 cells.

8.21.3. Executing OPT_MUXTREE pass (detect dead branches in mux trees).
Running muxtree optimizer on module \kernel0_step..
  Creating internal representation of mux trees.
  Evaluating internal representation of mux trees.
  Analyzing evaluation results.
Removed 0 multiplexer ports.
<suppressed ~58 debug messages>

8.21.4. Executing OPT_REDUCE pass (consolidate $*mux and $reduce_* inputs).
  Optimizing cells in module \kernel0_step.
    Consolidated identical input bits for $pmux cell $procmux$2596:
      Old ports: A=\state_in [21:4], B={ \state_in [21:8] $25\proposed[21:0] [7:4] \state_in [21:8] $26\proposed[21:0] [7:4] }, Y=$24\proposed[21:0] [21:4]
      New ports: A=\state_in [7:4], B={ $25\proposed[21:0] [7:4] $26\proposed[21:0] [7:4] }, Y=$24\proposed[21:0] [7:4]
      New connections: $24\proposed[21:0] [21:8] = \state_in [21:8]
  Optimizing cells in module \kernel0_step.
    Consolidated identical input bits for $mux cell $procmux$2465:
      Old ports: A={ \state_in [21:1] 1'1 }, B=$24\proposed[21:0], Y=$23\proposed[21:0]
      New ports: A={ \state_in [7:1] 1'1 }, B=$24\proposed[21:0] [7:0], Y=$23\proposed[21:0] [7:0]
      New connections: $23\proposed[21:0] [21:8] = \state_in [21:8]
  Optimizing cells in module \kernel0_step.
    New ctrl vector for $pmux cell $procmux$2497: { $procmux$2501_CMP $procmux$2500_CMP $procmux$2499_CMP }
    New ctrl vector for $pmux cell $procmux$767: { $procmux$2501_CMP $procmux$2500_CMP $procmux$2499_CMP $procmux$2517_CMP }
  Optimizing cells in module \kernel0_step.
Performed a total of 4 changes.

8.21.5. Executing OPT_MERGE pass (detect identical cells).
Finding identical cells in module `\kernel0_step'.
Removed a total of 0 cells.

8.21.6. Executing OPT_RMDFF pass (remove dff with constant values).

8.21.7. Executing OPT_CLEAN pass (remove unused cells and wires).
Finding unused cells or wires in module \kernel0_step..

8.21.8. Executing OPT_EXPR pass (perform const folding).
Optimizing module kernel0_step.

8.21.9. Rerunning OPT passes. (Maybe there is more to do..)

8.21.10. Executing OPT_MUXTREE pass (detect dead branches in mux trees).
Running muxtree optimizer on module \kernel0_step..
  Creating internal representation of mux trees.
  Evaluating internal representation of mux trees.
  Analyzing evaluation results.
Removed 0 multiplexer ports.
<suppressed ~58 debug messages>

8.21.11. Executing OPT_REDUCE pass (consolidate $*mux and $reduce_* inputs).
  Optimizing cells in module \kernel0_step.
Performed a total of 0 changes.

8.21.12. Executing OPT_MERGE pass (detect identical cells).
Finding identical cells in module `\kernel0_step'.
Removed a total of 0 cells.

8.21.13. Executing OPT_RMDFF pass (remove dff with constant values).

8.21.14. Executing OPT_CLEAN pass (remove unused cells and wires).
Finding unused cells or wires in module \kernel0_step..

8.21.15. Executing OPT_EXPR pass (perform const folding).
Optimizing module kernel0_step.

8.21.16. Finished OPT passes. (There is nothing left to do.)

8.22. Executing TECHMAP pass (map to technology primitives).

8.22.1. Executing Verilog-2005 frontend: <techmap.v>
Parsing Verilog input from `<techmap.v>' to AST representation.
Generating RTLIL representation for module `\_90_simplemap_bool_ops'.
Generating RTLIL representation for module `\_90_simplemap_reduce_ops'.
Generating RTLIL representation for module `\_90_simplemap_logic_ops'.
Generating RTLIL representation for module `\_90_simplemap_compare_ops'.
Generating RTLIL representation for module `\_90_simplemap_various'.
Generating RTLIL representation for module `\_90_simplemap_registers'.
Generating RTLIL representation for module `\_90_shift_ops_shr_shl_sshl_sshr'.
Generating RTLIL representation for module `\_90_shift_shiftx'.
Generating RTLIL representation for module `\_90_fa'.
Generating RTLIL representation for module `\_90_lcu'.
Generating RTLIL representation for module `\_90_alu'.
Generating RTLIL representation for module `\_90_macc'.
Generating RTLIL representation for module `\_90_alumacc'.
Generating RTLIL representation for module `\$__div_mod_u'.
Generating RTLIL representation for module `\$__div_mod'.
Generating RTLIL representation for module `\_90_div'.
Generating RTLIL representation for module `\_90_mod'.
Generating RTLIL representation for module `\_90_pow'.
Generating RTLIL representation for module `\_90_pmux'.
Generating RTLIL representation for module `\_90_lut'.
Successfully finished Verilog frontend.

8.22.2. Continuing TECHMAP pass.
Using extmapper simplemap for cells of type $eq.
Using extmapper simplemap for cells of type $reduce_or.
Using extmapper simplemap for cells of type $mux.
Using template $paramod\_90_pmux\WIDTH=1\S_WIDTH=3 for cells of type $pmux.
Using template $paramod\_90_pmux\WIDTH=1\S_WIDTH=2 for cells of type $pmux.
Using extmapper simplemap for cells of type $logic_not.
Using extmapper simplemap for cells of type $not.
Using template $paramod\_90_pmux\WIDTH=5\S_WIDTH=4 for cells of type $pmux.
Using template $paramod\_90_pmux\WIDTH=3\S_WIDTH=3 for cells of type $pmux.
Using template $paramod\_90_alu\A_SIGNED=0\B_SIGNED=0\A_WIDTH=4\B_WIDTH=32\Y_WIDTH=32 for cells of type $alu.
Using template $paramod$constmap:fe48de2c4ae8a3126e5cd9b5f25abc5b66f02632$paramod$3ae3550b0b325b30e2c5c19aa7d60179d8989fdc\_90_shift_shiftx for cells of type $shiftx.
Using template $paramod$constmap:ed18021bdf5ae5be65156be4a935fe023a527c81$paramod$5a1ca506500d3f046cc8ffde2529ea51dc320f0e\_90_shift_shiftx for cells of type $shiftx.
Using extmapper simplemap for cells of type $logic_and.
Using extmapper simplemap for cells of type $reduce_bool.
Using extmapper maccmap for cells of type $macc.
  add 2'11 * \proposal [13:12] (2x2 bits, unsigned)
  add 5'01000 (5 bits, unsigned)
Using template $paramod\_90_alu\A_SIGNED=0\B_SIGNED=0\A_WIDTH=2\B_WIDTH=3\Y_WIDTH=4 for cells of type $alu.
Using extmapper simplemap for cells of type $ne.
Using extmapper simplemap for cells of type $reduce_and.
Using template $paramod\_90_alu\A_SIGNED=0\B_SIGNED=0\A_WIDTH=2\B_WIDTH=2\Y_WIDTH=2 for cells of type $alu.
Using template $paramod\_90_alu\A_SIGNED=0\B_SIGNED=0\A_WIDTH=3\B_WIDTH=3\Y_WIDTH=3 for cells of type $alu.
Using extmapper simplemap for cells of type $or.
Using extmapper simplemap for cells of type $logic_or.
Using template $paramod\_90_alu\A_SIGNED=0\B_SIGNED=0\A_WIDTH=2\B_WIDTH=3\Y_WIDTH=3 for cells of type $alu.
Using template $paramod$constmap:c3badbd736312568c9f5e4cf71e10858bdaf3f59$paramod$f9918df6af7be3815c015b5f01cb1256421d0032\_90_shift_shiftx for cells of type $shiftx.
Using template $paramod\_90_alu\A_SIGNED=0\B_SIGNED=0\A_WIDTH=1\B_WIDTH=2\Y_WIDTH=3 for cells of type $alu.
Using extmapper simplemap for cells of type $and.
Analyzing pattern of constant bits for this cell:
  Constant input on bit 5 of port B: 1'0
  Constant input on bit 6 of port B: 1'0
  Constant input on bit 7 of port B: 1'0
  Constant input on bit 8 of port B: 1'0
  Constant input on bit 9 of port B: 1'0
  Constant input on bit 10 of port B: 1'0
  Constant input on bit 11 of port B: 1'0
  Constant input on bit 12 of port B: 1'0
  Constant input on bit 13 of port B: 1'0
  Constant input on bit 14 of port B: 1'0
  Constant input on bit 15 of port B: 1'0
  Constant input on bit 16 of port B: 1'0
  Constant input on bit 17 of port B: 1'0
  Constant input on bit 18 of port B: 1'0
  Constant input on bit 19 of port B: 1'0
  Constant input on bit 20 of port B: 1'0
  Constant input on bit 21 of port B: 1'0
  Constant input on bit 22 of port B: 1'0
  Constant input on bit 23 of port B: 1'0
  Constant input on bit 24 of port B: 1'0
  Constant input on bit 25 of port B: 1'0
  Constant input on bit 26 of port B: 1'0
  Constant input on bit 27 of port B: 1'0
  Constant input on bit 28 of port B: 1'0
  Constant input on bit 29 of port B: 1'0
  Constant input on bit 30 of port B: 1'0
  Constant input on bit 31 of port B: 1'0
Creating constmapped module `$paramod$constmap:fb2caebc0143cfb4f4db72414a3302ed29a432d5$paramod$3ae3550b0b325b30e2c5c19aa7d60179d8989fdc\_90_shift_shiftx'.

8.22.38. Executing OPT_MUXTREE pass (detect dead branches in mux trees).
Running muxtree optimizer on module $paramod$constmap:fb2caebc0143cfb4f4db72414a3302ed29a432d5$paramod$3ae3550b0b325b30e2c5c19aa7d60179d8989fdc\_90_shift_shiftx..
  Creating internal representation of mux trees.
  Evaluating internal representation of mux trees.
  Analyzing evaluation results.
    dead port 1/2 on $mux $procmux$7955.
    dead port 1/2 on $mux $procmux$7952.
    dead port 2/2 on $mux $procmux$7952.
    dead port 1/2 on $mux $procmux$7949.
    dead port 1/2 on $mux $procmux$7946.
    dead port 2/2 on $mux $procmux$7946.
    dead port 1/2 on $mux $procmux$7943.
    dead port 2/2 on $mux $procmux$7943.
    dead port 2/2 on $mux $procmux$7937.
    dead port 2/2 on $mux $procmux$7934.
    dead port 2/2 on $mux $procmux$7928.
    dead port 2/2 on $mux $procmux$7925.
    dead port 2/2 on $mux $procmux$7919.
    dead port 2/2 on $mux $procmux$7916.
    dead port 2/2 on $mux $procmux$7910.
    dead port 2/2 on $mux $procmux$7907.
    dead port 2/2 on $mux $procmux$7901.
    dead port 2/2 on $mux $procmux$7898.
Removed 18 multiplexer ports.
<suppressed ~719 debug messages>

8.22.39. Executing OPT_EXPR pass (perform const folding).
Optimizing module $paramod$constmap:fb2caebc0143cfb4f4db72414a3302ed29a432d5$paramod$3ae3550b0b325b30e2c5c19aa7d60179d8989fdc\_90_shift_shiftx.
<suppressed ~51 debug messages>
Removed 0 unused cells and 68 unused wires.
Using template $paramod$constmap:fb2caebc0143cfb4f4db72414a3302ed29a432d5$paramod$3ae3550b0b325b30e2c5c19aa7d60179d8989fdc\_90_shift_shiftx for cells of type $shiftx.
Using template $paramod$constmap:172fcd64e62af134fdfec0561b7a67c814cb35e9$paramod$4d8c31a57f918e2cd1d0bc24d8284efd6d83f4a8\_90_shift_ops_shr_shl_sshl_sshr for cells of type $shl.
Using template $paramod$constmap:36eea5e22861a4fd69d7842e9beb3aa9d7ef2832$paramod$de419497c97bdbbfa4df52c1110ce635338a0d93\_90_shift_shiftx for cells of type $shiftx.
Using template $paramod\_90_alu\A_SIGNED=0\B_SIGNED=0\A_WIDTH=1\B_WIDTH=2\Y_WIDTH=2 for cells of type $alu.
  add \proposal [6:4] * 2'11 (3x2 bits, unsigned)
  add 6'001000 (6 bits, unsigned)
  add 2'11 * \proposal [8:7] (2x2 bits, unsigned)
Using template $paramod\_90_pmux\WIDTH=3\S_WIDTH=4 for cells of type $pmux.
Using template $paramod\_90_pmux\WIDTH=9\S_WIDTH=3 for cells of type $pmux.
Using template $paramod\_90_pmux\WIDTH=1\S_WIDTH=5 for cells of type $pmux.
Using template $paramod\_90_pmux\WIDTH=7\S_WIDTH=4 for cells of type $pmux.
Using template $paramod\_90_pmux\WIDTH=4\S_WIDTH=2 for cells of type $pmux.
Using template $paramod\_90_pmux\WIDTH=1\S_WIDTH=10 for cells of type $pmux.
Using extmapper simplemap for cells of type $xor.
Using template $paramod\_90_lcu\WIDTH=32 for cells of type $lcu.
Using extmapper simplemap for cells of type $pos.
Using template $paramod\_90_fa\WIDTH=5 for cells of type $fa.
Using template $paramod\_90_alu\A_SIGNED=0\B_SIGNED=0\A_WIDTH=5\B_WIDTH=5\Y_WIDTH=5 for cells of type $alu.
Using template $paramod\_90_lcu\WIDTH=4 for cells of type $lcu.
Using template $paramod\_90_lcu\WIDTH=2 for cells of type $lcu.
Using template $paramod\_90_lcu\WIDTH=3 for cells of type $lcu.
Using template $paramod\_90_fa\WIDTH=6 for cells of type $fa.
Using template $paramod\_90_alu\A_SIGNED=0\B_SIGNED=0\A_WIDTH=6\B_WIDTH=6\Y_WIDTH=6 for cells of type $alu.
Using template $paramod\_90_alu\A_SIGNED=0\B_SIGNED=0\A_WIDTH=4\B_WIDTH=4\Y_WIDTH=4 for cells of type $alu.
Using template $paramod\_90_lcu\WIDTH=5 for cells of type $lcu.
Using template $paramod\_90_lcu\WIDTH=6 for cells of type $lcu.
No more expansions possible.
<suppressed ~2119 debug messages>

8.23. Executing OPT pass (performing simple optimizations).

8.23.1. Executing OPT_EXPR pass (perform const folding).
Optimizing module kernel0_step.
<suppressed ~3557 debug messages>

8.23.2. Executing OPT_MERGE pass (detect identical cells).
Finding identical cells in module `\kernel0_step'.
<suppressed ~954 debug messages>
Removed a total of 318 cells.

8.23.3. Executing OPT_RMDFF pass (remove dff with constant values).

8.23.4. Executing OPT_CLEAN pass (remove unused cells and wires).
Finding unused cells or wires in module \kernel0_step..
Removed 366 unused cells and 1813 unused wires.
<suppressed ~367 debug messages>

8.23.5. Finished fast OPT passes.

8.24. Executing HIERARCHY pass (managing design hierarchy).

8.24.1. Analyzing design hierarchy..
Top module:  \kernel0_step

8.24.2. Analyzing design hierarchy..
Top module:  \kernel0_step
Removed 0 unused modules.

8.25. Printing statistics.

=== kernel0_step ===

   Number of wires:                809
   Number of wire bits:           4154
   Number of public wires:          15
   Number of public wire bits:     105
   Number of memories:               0
   Number of memory bits:            0
   Number of processes:              0
   Number of cells:               1553
     $_AND_                        355
     $_MUX_                        482
     $_NOT_                        125
     $_OR_                         542
     $_XOR_                         49

8.26. Executing CHECK pass (checking for obvious problems).
checking module kernel0_step..
found and reported 0 problems.

9. Executing ABC pass (technology mapping using ABC).

9.1. Extracting gate netlist of module `\kernel0_step' to `<abc-temp-dir>/input.blif'..
Extracted 1553 gates and 1593 wires to a netlist network with 37 inputs and 23 outputs.

9.1.1. Executing ABC.
Running ABC command: <yosys-exe-dir>/berkeley-abc -s -f <abc-temp-dir>/abc.script 2>&1
ABC: ABC command line: "source <abc-temp-dir>/abc.script".
ABC: 
ABC: + read_blif <abc-temp-dir>/input.blif 
ABC: + read_library <abc-temp-dir>/stdcells.genlib 
ABC: Entered genlib library with 8 gates from file "<abc-temp-dir>/stdcells.genlib".
ABC: + strash 
ABC: + ifraig 
ABC: + scorr 
ABC: Warning: The network is combinational (run "fraig" or "fraig_sweep").
ABC: + dc2 
ABC: + dretime 
ABC: + retime 
ABC: + strash 
ABC: + &get -n 
ABC: + &dch -f 
ABC: + &nf 
ABC: + &put 
ABC: + write_blif <abc-temp-dir>/output.blif 

9.1.2. Re-integrating ABC results.
ABC RESULTS:               AND cells:      330
ABC RESULTS:               MUX cells:       47
ABC RESULTS:               NOT cells:       87
ABC RESULTS:                OR cells:      316
ABC RESULTS:               XOR cells:        7
ABC RESULTS:        internal signals:     1533
ABC RESULTS:           input signals:       37
ABC RESULTS:          output signals:       23
Removing temp directory.
Removed 0 unused cells and 859 unused wires.
Renaming module \kernel0_step to \gate.

10. Executing EQUIV_MAKE pass (creating equiv checking module).
Presumably equivalent wires: actor_gold (\proposal_gold [6:4]), actor_gate (\proposal_gate [6:4]) -> actor
Presumably equivalent wires: authentic_gold (\proposal_gold [14]), authentic_gate (\proposal_gate [14]) -> authentic
Presumably equivalent wires: commit_gold (\commit_gold), commit_gate (\commit_gate) -> commit
Presumably equivalent wires: op_gold (\proposal_gold [3:0]), op_gate (\proposal_gate [3:0]) -> op
Presumably equivalent wires: other_gold (\proposal_gold [13:12]), other_gate (\proposal_gate [13:12]) -> other
Presumably equivalent wires: proposal_gold (\proposal_gold), proposal_gate (\proposal_gate) -> proposal
Presumably equivalent wires: state_in_gold (\state_in_gold), state_in_gate (\state_in_gate) -> state_in
Presumably equivalent wires: state_out_gold (\state_out_gold), state_out_gate (\state_out_gate) -> state_out
Presumably equivalent wires: target_gold (\proposal_gold [8:7]), target_gate (\proposal_gate [8:7]) -> target
Presumably equivalent wires: value_gold (\proposal_gold [11:9]), value_gate (\proposal_gate [11:9]) -> value

11. Executing HIERARCHY pass (managing design hierarchy).

11.1. Analyzing design hierarchy..
Top module:  \equiv

11.2. Analyzing design hierarchy..
Top module:  \equiv
Removing unused module `\gate'.
Removing unused module `\gold'.
Removed 2 unused modules.

12. Executing EQUIV_SIMPLE pass.
Found 38 unproven $equiv cells (8 groups) in equiv:
 Grouping SAT models for \op:
  Trying to prove $equiv for \op [0]: success!
  Trying to prove $equiv for \op [1]: success!
  Trying to prove $equiv for \op [2]: success!
  Trying to prove $equiv for \op [3]: success!
 Grouping SAT models for \actor:
  Trying to prove $equiv for \actor [0]: success!
  Trying to prove $equiv for \actor [1]: success!
  Trying to prove $equiv for \actor [2]: success!
 Grouping SAT models for \target:
  Trying to prove $equiv for \target [0]: success!
  Trying to prove $equiv for \target [1]: success!
 Grouping SAT models for \value:
  Trying to prove $equiv for \value [0]: success!
  Trying to prove $equiv for \value [1]: success!
  Trying to prove $equiv for \value [2]: success!
 Grouping SAT models for \state_out:
  Trying to prove $equiv for \state_out [0]: success!
  Trying to prove $equiv for \state_out [1]: success!
  Trying to prove $equiv for \state_out [2]: success!
  Trying to prove $equiv for \state_out [3]: success!
  Trying to prove $equiv for \state_out [4]: success!
  Trying to prove $equiv for \state_out [5]: success!
  Trying to prove $equiv for \state_out [6]: success!
  Trying to prove $equiv for \state_out [7]: success!
  Trying to prove $equiv for \state_out [8]: success!
  Trying to prove $equiv for \state_out [9]: success!
  Trying to prove $equiv for \state_out [10]: success!
  Trying to prove $equiv for \state_out [11]: success!
  Trying to prove $equiv for \state_out [12]: success!
  Trying to prove $equiv for \state_out [13]: success!
  Trying to prove $equiv for \state_out [14]: success!
  Trying to prove $equiv for \state_out [15]: success!
  Trying to prove $equiv for \state_out [16]: success!
  Trying to prove $equiv for \state_out [17]: success!
  Trying to prove $equiv for \state_out [18]: success!
  Trying to prove $equiv for \state_out [19]: success!
  Trying to prove $equiv for \state_out [20]: success!
  Trying to prove $equiv for \state_out [21]: success!
 Grouping SAT models for \other:
  Trying to prove $equiv for \other [0]: success!
  Trying to prove $equiv for \other [1]: success!
  Trying to prove $equiv for \commit: success!
  Trying to prove $equiv for \authentic: success!
Proved 38 previously unproven $equiv cells.

13. Executing EQUIV_STATUS pass.
Found 38 $equiv cells in equiv:
  Of those cells 38 are proven and 0 are unproven.
  Equivalence successfully proven!
